Activation,Fold,Patient,Dice_WT,HD95_WT,Sens_WT,Prec_WT,Dice_TC,HD95_TC,Sens_TC,Prec_TC,Dice_ET,HD95_ET,Sens_ET,Prec_ET,Dice_NCR,HD95_NCR,Sens_NCR,Prec_NCR,Dice_ED,HD95_ED,Sens_ED,Prec_ED
relu,0,BraTS20_Training_074.npy,0.7769967698596941,5.385164807134504,0.6812725282116902,0.904018619554147,0.4463330028626528,33.60059523282288,0.3282075573631864,0.6972981337018672,0.36265897453666407,39.11521443121589,0.2805273831774663,0.5127919904674428,0.37587962676590214,12.169628116110106,0.25962222377331684,0.6806879389127892,0.7299463680876258,9.1104335791443,0.7216794902966255,0.7384048354007356
relu,0,BraTS20_Training_077.npy,0.9317424485814212,1.0,0.9500029888707324,0.9141706613779155,0.9526980870249752,0.0,0.9540829406121566,0.9513172470361351,0.8951879509641313,1.0,0.9185827353705457,0.8729552228382624,0.8516220016197151,1.0,0.8080835096143375,0.900119257900658,0.9010885956099952,1.0,0.9237164828196537,0.8795428116871075
relu,0,BraTS20_Training_079.npy,0.7559122336242532,2.449489742783178,0.6076870273058518,0.9997741621504649,0.863091670366849,1.0,0.7982820703843666,0.9393544149352643,0.643282592889295,3.1622776601683795,0.991836727946689,0.4760039161736731,0.0027998133327120233,15.808222854563653,0.001402524537622606,0.7499981250046875,0.41095890329370877,3.7416573867739413,0.28155603840708365,0.7604702368811885
relu,0,BraTS20_Training_083.npy,0.932496748964077,1.0,0.9735530905448833,0.8947631108275503,0.9472928330952689,1.0,0.9371093001163958,0.9577001249078501,0.8889990784947234,1.0,0.8755406713052314,0.9028776965426221,0.8337271104050102,1.4142135623730951,0.8324977858080277,0.8349600685153502,0.9140552699991683,1.0,0.9626776967998418,0.8701082907136154
relu,0,BraTS20_Training_089.npy,0.8864979796374004,1.7320508075688772,0.8581244196179105,0.9168120230379515,0.6415121878847043,18.0,0.9406099513426378,0.48673791447844894,0.9584928862234136,0.0,0.9227705715931486,0.9970923464776156,0.007881876933486482,85.66212698736823,0.6880733313694192,0.003963640205071535,0.7692669869974121,4.58257569495584,0.6798462233668162,0.8857735505561911
relu,0,BraTS20_Training_096.npy,0.9695271237108289,0.0,0.9541011924061489,0.9854600658936878,0.9468704510874516,1.0,0.985443767170939,0.9112031423273537,0.9025207119463862,1.0,0.9705241204764837,0.8434231114226904,0.8960718289023166,1.0,0.8619237818612504,0.9330372783299786,0.9058516539837059,1.0,0.8477040527540967,0.9725639205987751
relu,0,BraTS20_Training_099.npy,0.732694355209868,3.0,0.732596831182488,0.7327919042300733,0.7933284960357923,5.385164807134504,0.8836833531204898,0.7197368373701524,0.8379931028801489,4.47213595499958,0.8836833531204898,0.7967953328711193,0.0,373.0,0.0,0.0,0.6861242453235576,3.3166247903554,0.6705976084930716,0.7023869125314858
relu,0,BraTS20_Training_104.npy,0.9704114988651809,0.0,0.9658323614146807,0.9750342636783234,0.9596329031664098,0.0,0.9882299602454742,0.9326443627408553,0.9570045152419554,0.0,0.9757926738161885,0.9389261929344609,0.9123505974182531,1.4142135623730951,0.9535811339731827,0.8745377066752944,0.9490582909075682,1.0,0.9274777890213117,0.9716669844581663
relu,0,BraTS20_Training_107.npy,0.956517968001891,0.0,0.9642680187216145,0.9488915017211427,0.9600118041611274,0.0,0.9628058396183842,0.9572339372660775,0.9648375061455314,0.0,0.9490619421978179,0.9811463853276126,0.7379884642025083,2.449489742783178,0.9680672106207192,0.5962732857528645,0.9377853295109657,1.0,0.9474250254612513,0.9283398180413668
relu,0,BraTS20_Training_113.npy,0.9644447911008837,0.0,0.9923110878452337,0.9381008383521302,0.5109396734914465,5.744562646538029,0.9188779364383959,0.3538479502780288,0.7729434132513749,7.874007874011811,0.7647612308521261,0.7813025696195565,0.26794695912995825,6.4031242374328485,0.8749999962670648,0.15819514064157722,0.9215151137056714,1.0,0.908508474499279,0.9348995804502612
relu,0,BraTS20_Training_116.npy,0.9701410216397682,0.0,0.9544753526070171,0.9863295083125171,0.9794450850038063,0.0,0.9717585610134184,0.9872541776791515,0.9400351892767047,1.0,0.957751937520469,0.9229619941530666,0.9366448633561966,1.0,0.8980247207355643,0.9787360490135798,0.9456047412221067,1.0,0.9245500186690976,0.9676407666173092
relu,0,BraTS20_Training_119.npy,0.8509837176304301,2.8284271247461903,0.7900670800270629,0.922078876420745,0.931948271548337,1.0,0.88605213533183,0.9828588448608454,0.878663237945163,1.0,0.8190750040280973,0.9476018825960579,0.9047245316202723,1.0,0.881615170138834,0.9290780111893036,0.7885023096278644,4.123105625617661,0.7266669405920502,0.8618401791092594
relu,0,BraTS20_Training_120.npy,0.977854579036024,0.0,0.9795036882862443,0.9762110133111745,0.967213271775504,0.0,0.9620957899324862,0.9723854853308952,0.9108569635722865,1.0,0.8925391459970632,0.929942417930293,0.9422951711850922,1.0,0.9456026253736087,0.9390107731722814,0.9441188781258464,1.0,0.9505647335144745,0.9377598535204612
relu,0,BraTS20_Training_129.npy,0.9111879214479743,1.0,0.9018149852943851,0.9207577372366454,0.6749268888141243,2.23606797749979,0.6659073642127451,0.6841941009764486,0.6850453990974232,2.23606797749979,0.5786361105550987,0.8394101854171309,0.38774980434012507,6.164414002968976,0.6362861956023322,0.27883538529736696,0.861932658278078,1.4142135623730951,0.8535582525969307,0.8704730173553309
relu,0,BraTS20_Training_130.npy,0.9014813772879678,1.0,0.9755289820472298,0.8378818861884498,0.9666101021564885,0.0,0.9756791763002898,0.9577080717762094,0.8877955487009276,1.0,0.9141178335988192,0.8629467495613615,0.9165112286584138,1.0,0.903600720547427,0.9297960106990895,0.8082170680236218,2.23606797749979,0.9396418471367309,0.7090451331082535
relu,0,BraTS20_Training_131.npy,0.924372401371474,1.0,0.9697616635741673,0.8830420135605165,0.8677759285259147,1.0,0.8403695339559893,0.8970301560634902,0.8913556613133298,1.0,0.8516396429944659,0.9349571721962565,0.3142250517442673,5.477225575051661,0.33453887581791253,0.29623698721988,0.886513294898046,1.0,0.9448318747068734,0.8349754659793963
relu,0,BraTS20_Training_137.npy,0.9476235102267273,1.0,0.9456987926171457,0.949556078252292,0.9468983576169382,1.0,0.9765699055683907,0.9189766892335307,0.863006503143696,1.0,0.9822918146669631,0.7695550349571639,0.7877057058226246,3.1622776601683795,0.6701144998219405,0.9553497935834364,0.9040681379176616,1.0,0.8858364925745273,0.9230660142296911
relu,0,BraTS20_Training_146.npy,0.9025667804727221,1.0,0.8486497318654592,0.963799617515955,0.9270929380739733,1.0,0.8762734783241852,0.9841698447415635,0.8392459840005755,1.0,0.7511159734130783,0.9508060489996089,0.8609608650238804,1.0,0.9084892077616411,0.8181582577590202,0.8459423715909155,1.4142135623730951,0.7933253155752668,0.9060348526215065
relu,0,BraTS20_Training_147.npy,0.8228299930698997,2.8284271247461903,0.7324945962693082,0.938581155600057,0.39228758029684196,13.341664064126334,0.28741070879061437,0.6176808264334326,0.17876114361921513,24.535688292770594,0.0983381612551008,0.9812373175393645,0.3754034860695874,13.784048752090222,0.3044569034436927,0.4894609474662572,0.6590011583391033,6.557438524302,0.6789031880936109,0.6402327513728201
relu,0,BraTS20_Training_150.npy,0.9532936622091489,0.0,0.9517421065389786,0.9548502848514374,0.964402518010057,0.0,0.9783292419111825,0.950866728620528,0.957654655396965,0.0,0.9898916190600081,0.9274511379137272,0.7034963550190173,11.090536506409418,0.6001081265090861,0.8499234281523138,0.9235872797506507,1.0,0.9141192695491757,0.9332534727809035
relu,0,BraTS20_Training_151.npy,0.9492512091655985,1.0,0.9506636739105017,0.9478429353132397,0.9319379682118937,1.0,0.8958572965810634,0.9710469026378296,0.9314704938865715,1.0,0.9439824401199547,0.9192858860430858,0.8239971813317234,2.449489742783178,0.7301105954646314,0.9455931610571832,0.9340750275299929,1.0,0.9597543692773082,0.9097340376880838
relu,0,BraTS20_Training_152.npy,0.9758201598711758,0.0,0.9694676225917255,0.9822564975285579,0.9444047009765555,1.0,0.9849082341813765,0.9071009284199891,0.9449324641943054,1.0,0.9670060571700586,0.9238441171816031,0.8664646932922206,4.0,0.9367008874871192,0.8060267731797589,0.9484485869227283,1.0,0.9264305176443904,0.9715387231378056
relu,0,BraTS20_Training_156.npy,0.9538992064084965,0.0,0.9475608748701971,0.9603229043867891,0.9149021089703698,1.4142135623730951,0.9152674160102411,0.9145370932292092,0.9399709827820146,1.0,0.9409265845105923,0.9390173197554108,0.8138165117266105,4.358898943540674,0.8134510797717652,0.8141822717532173,0.9367069464994497,1.0,0.9262149118566961,0.9474394091873355
relu,0,BraTS20_Training_164.npy,0.7760459228047003,5.0,0.6414310931568558,0.9821705031620808,0.9574800059774534,0.0,0.9629144771689265,0.9521065322093576,0.9316813178131929,1.0,0.9483325502704714,0.9156047342715512,0.9311928402358234,1.0,0.8997951900934573,0.9648609069750603,0.46885666500940865,8.306623862918075,0.31536209548299504,0.9134606797672674
relu,0,BraTS20_Training_167.npy,0.9216460861682683,1.0,0.8723396351480964,0.9768602602386263,0.8832992101231745,1.4142135623730951,0.8630215275812454,0.904552715293709,0.7908460669295353,2.23606797749979,0.9541560540899768,0.6752693455101104,0.08460095844488336,11.704699910719626,0.045267030833685995,0.6454689881483467,0.8482939838355794,1.4142135623730951,0.7904409066116864,0.9152844732271572
relu,0,BraTS20_Training_168.npy,0.9342060294419575,1.0,0.8907650984917405,0.9821012519700889,0.9285585025541029,1.0,0.9388394931373599,0.9185002418075955,0.8725584711722932,1.0,0.8916704903112539,0.8542485518134246,0.8763273541793833,1.4142135623730951,0.8599933362233023,0.8932938549206745,0.7002206157646192,4.123105625617661,0.5874072176985278,0.8666666664149115
relu,0,BraTS20_Training_175.npy,0.9477822848075799,1.0,0.9367986329705126,0.9590265515316225,0.9254433567943298,1.0,0.9646292436525615,0.8893168653145643,0.8946361527073537,1.0,0.9470060371670308,0.8477549030866252,0.7277682247906536,3.0,0.7004308994564223,0.7573261304812112,0.8300304164231382,1.7320508075688772,0.774008094431583,0.8947952529359722
relu,0,BraTS20_Training_182.npy,0.799384178028575,49.181805444903446,0.8790519260106902,0.7329569010023579,0.9059971327941938,1.0,0.8684513776540631,0.9469360130031549,0.8908327093912455,1.0,0.8473834017436136,0.9389785260961077,0.7350588217998616,3.1622776601683795,0.7275267781670852,0.7427484510568308,0.7314930461945502,50.78385570237849,0.842013439893379,0.6466195259529538
relu,0,BraTS20_Training_183.npy,0.9642638964250575,0.0,0.9369995846992392,0.9931624036975611,0.9733410334798855,0.0,0.9712963133291264,0.9753943804769168,0.9618740006050075,0.0,0.961616031376241,0.9621321080733031,0.8498411571833102,2.449489742783178,0.8379507158040502,0.8620739030906991,0.9468527302294001,1.0,0.9087053723028273,0.9883432791962483
relu,0,BraTS20_Training_188.npy,0.6734961263222033,12.0,0.5428623902929638,0.8869245578037747,0.8847251957621192,1.0,0.8599676215772808,0.9109505133378852,0.8346124899664316,1.0,0.8004040975603924,0.8718754899042989,0.8160136263031981,1.4142135623730951,0.8359511295174454,0.7970049872600944,0.622215192663223,12.727922061357855,0.4857732539847636,0.8652402045856536
relu,0,BraTS20_Training_193.npy,0.7516013774563778,38.50973902793941,0.9816483481992472,0.6089057530513176,0.7336603284141453,44.37341546466758,0.9579661645365372,0.5944670688392535,0.42526969590956687,57.741665941996445,0.4348654519689569,0.4160882774936548,0.5874563316659575,5.196152422706632,0.9754973817903676,0.4202757325645525,0.6082127078015115,39.21734310225516,0.7945175036217264,0.49268419214086195
relu,0,BraTS20_Training_198.npy,0.9573884631375498,0.0,0.9293812242479462,0.9871361680231874,0.8972305670336803,1.4142135623730951,0.8481317796763702,0.9523633751763839,0.8669546501823966,1.0,0.9352284871274624,0.8079709096972754,0.7072632009689584,6.782329983125268,0.5547095316434173,0.975556184656684,0.8720007047673496,1.0,0.8702542155909384,0.8737542178306218
relu,0,BraTS20_Training_200.npy,0.9298221424630845,1.0,0.9785258268274195,0.8857368004514483,0.8794283404997703,1.0,0.9367495691750652,0.8287177526010665,0.8968878049652367,1.0,0.8920467043576852,0.9017817351853414,0.15214994319570074,13.19090595827292,0.5519999558400035,0.08823529298931851,0.9090844426506366,1.0,0.9553495786726093,0.8670933307250065
relu,0,BraTS20_Training_206.npy,0.8816787082147715,1.0,0.8428120733105338,0.9243033472394317,0.8321672691337617,2.0,0.9554939963887461,0.7370370359871268,0.894207486595076,1.0,0.9421114581198755,0.8509393816892248,0.12492633986490077,17.233687939614086,0.33228839083735456,0.0769230763648543,0.797556234133248,2.23606797749979,0.7163682718716433,0.8994988857882107
relu,0,BraTS20_Training_211.npy,0.9222335988236251,1.0,0.9211638956682967,0.9233057891411366,0.9441085942792031,1.0,0.9753448778738725,0.9148109626468828,0.904118751536076,1.0,0.9306710444729246,0.8790395193201404,0.8501061914515169,2.0,0.8832965533158237,0.8193197915136831,0.8729871819129917,1.0,0.8534615072191893,0.893427200081726
relu,0,BraTS20_Training_219.npy,0.8670889720078399,2.449489742783178,0.7793679959652983,0.9770610945496477,0.9631542779036669,0.0,0.9459622988382768,0.9809827198663081,0.9042881901785033,1.0,0.8475665742406113,0.9691462717315675,0.8768592397849606,1.0,0.9372270729568408,0.8237975280990794,0.7955995325748731,4.123105625617661,0.689584714804799,0.9401329291026944
relu,0,BraTS20_Training_226.npy,0.8428185135396047,32.77193921634788,0.9602027918423331,0.7510081663445393,0.9467379415817392,1.0,0.9570779084610295,0.9366190060192491,0.9082382438264549,1.0,0.9631918453409513,0.8592167971581522,0.5940119755397674,6.324555320336759,0.4466169276477786,0.886618996714456,0.5632255729662207,38.67815921162743,0.8063847816148485,0.4327370122213621
relu,0,BraTS20_Training_227.npy,0.7601266186175394,7.3484692283495345,0.6241823886301594,0.9717750239951216,0.8265592144126146,2.0,0.7711670467944312,0.8905247246309462,0.8475969636935108,1.4142135623730951,0.8121591581253098,0.886268457380938,0.39107883614585665,8.077488327281005,0.3230505542155051,0.49540078192640236,0.707324507254625,8.306623862918075,0.5704788369879267,0.9305415108858254
relu,0,BraTS20_Training_229.npy,0.9639718510646735,0.0,0.9617928678737641,0.9661607297056598,0.9612260278366934,0.0,0.9607968969667688,0.9616555419438502,0.9413174044206706,1.0,0.9717102585134468,0.9127681239536732,0.7485991774854323,7.280109889280518,0.6338763235270025,0.9140250834343784,0.9144857475073428,1.0,0.9108999410144072,0.9180998967770082
relu,0,BraTS20_Training_250.npy,0.9108397047025559,1.0,0.9371364743387225,0.8859784679227865,0.4946923626768089,12.07890083411433,0.735068910459207,0.37278657910409047,0.7378971241719041,2.0,0.6062771889177215,0.9425120727414875,0.012684031681349872,24.698178070456937,0.5957445540969033,0.006410256395580915,0.874916880004887,1.4142135623730951,0.8815646916688195,0.8683685790900147
relu,0,BraTS20_Training_254.npy,0.9698594945847572,0.0,0.9482815056649667,0.9924423562934378,0.9606470655145745,0.0,0.9354106632223881,0.9872829271349107,0.9419915117388288,1.0,0.9124119108552556,0.9735532618920838,0.8136112474349739,4.123105625617661,0.8188525483769932,0.8084366157768682,0.9423145648673202,1.0,0.9244179016750383,0.9609178645620642
relu,0,BraTS20_Training_267.npy,0.9038182696348331,1.0,0.892992160333613,0.9149100989501487,0.5849468297821846,8.54400374531753,0.4443576503811691,0.8556701027788568,0.8500878181112844,1.0,0.7934426214205543,0.915442810602041,0.5263969170732324,9.273618495495704,0.3898566655976794,0.8101304745375696,0.49953773250613404,7.0710678118654755,0.7550218337314315,0.37324065271279666
relu,0,BraTS20_Training_268.npy,0.8243648319826649,2.23606797749979,0.7497617783219895,0.9154547211457212,0.2621087926023577,9.899494936611665,0.1508200234207096,0.9999999928926795,1.0,0.0,1.0,1.0,0.2621087926023577,9.899494936611665,0.1508200234207096,0.9999999928926795,0.44715343896416787,4.123105625617661,0.5524526717367926,0.3755688279468367
relu,0,BraTS20_Training_269.npy,0.9029083631338356,1.0,0.9617787897215081,0.8508291571909827,0.7431699401225645,4.47213595499958,0.7595564777684388,0.7274755112367979,0.0,373.0,0.0,0.0,0.7430144048935079,4.47213595499958,0.7586451315079514,0.7280147698338282,0.507962809381091,4.123105625617661,0.5709457125122813,0.45749502517273105
relu,0,BraTS20_Training_282.npy,0.9593743011084266,0.0,0.9827892058384194,0.9370491508426622,0.708481291552917,9.643650760992955,0.7516059951212578,0.6700367642321573,0.8454908009484814,1.4142135623730951,0.989461004231465,0.7380952372662902,0.2821450876397385,13.0,0.2649572645132273,0.30171755667611155,0.9008696593900959,1.0,0.9171447483289462,0.8851621145603521
relu,0,BraTS20_Training_292.npy,0.9274532288635725,1.0,0.918813295128692,0.936257193763808,0.7851632279710682,4.242640687119285,0.7430381391549093,0.8323517780716392,0.7145938163701023,5.0,0.6513761450815828,0.7914012713649641,0.7714348919936967,4.69041575982343,0.732095013249871,0.8152428025704711,0.5590363344914464,6.708203932499369,0.6113578540764272,0.5149644048688928
relu,0,BraTS20_Training_293.npy,0.8903704513357802,1.4142135623730951,0.8724768898186617,0.9090133359889317,0.5880354696080481,11.224972160321824,0.7450820498398445,0.48566762925515145,0.8711932578922628,1.0,0.9314731854776722,0.8182411007581927,0.40930680799388236,13.0,0.5582259941469543,0.32311002910322495,0.5618229585979334,9.9498743710662,0.4379221114263966,0.7834969292127976
relu,0,BraTS20_Training_294.npy,0.9276266226967521,1.0,0.9603046973024236,0.8970993538046018,0.7414700824701285,3.605551275463989,0.9622217908028986,0.603106215801552,0.0,373.0,0.0,0.0,0.7435504441813539,3.4641016151377544,0.9614179991237511,0.6061829365268283,0.7125625031299857,5.830951894845301,0.59293098258634,0.8926703258338164
relu,0,BraTS20_Training_299.npy,0.9660005519100768,0.0,0.9619401168681744,0.9700954110885874,0.9368922760977749,1.0,0.9219476610602321,0.9523293734235575,0.4196642635531863,3.1622776601683795,0.26555386546959237,0.9999999428571461,0.9340370928058219,1.0,0.9216210938684588,0.9467921945038116,0.7138544249971351,2.0,0.7425044088516779,0.68733325341961
relu,0,BraTS20_Training_303.npy,0.826461304419616,3.1622776601683795,0.7456611198348955,0.9269006928394926,0.6453835552031733,6.782329983125268,0.612440608250538,0.6820719449089413,0.26261319364415786,11.180339887498949,0.15332326168184848,0.9144143732245777,0.6078487401514862,7.0,0.5904149509226928,0.6263434261047537,0.45477579373355975,6.4031242374328485,0.36429717703738584,0.6050486036295883
relu,0,BraTS20_Training_305.npy,0.9241442946775591,1.0,0.8870413849410481,0.9644865585881398,0.8517742819392712,2.23606797749979,0.9045380555533595,0.804826888641351,0.0,373.0,0.0,0.0,0.8491148329613516,2.23606797749979,0.8860574763013502,0.8151294131781928,0.6865743987899006,4.0,0.5558378254423367,0.8977249980326489
relu,0,BraTS20_Training_307.npy,0.9166257315365178,1.0,0.8838463463712068,0.9519301543575556,0.881708115934407,1.4142135623730951,0.9643755638273578,0.8120943952076433,0.0025268477414602166,24.615035300413872,0.0624999804687561,0.0012894906428788482,0.8864992273102861,1.4142135623730951,0.9624945577859371,0.821626374348786,0.578393239420442,9.055385138137417,0.4260012690033964,0.9005404975340118
relu,0,BraTS20_Training_311.npy,0.8783057557491327,1.4142135623730951,0.8192461165388497,0.9465421981533465,0.6022666583977532,4.69041575982343,0.6695250650797823,0.5472878242777011,0.7924944724890235,1.0,0.6648148025034296,0.9808742901400468,0.5834326201897331,4.898979485566356,0.6607954536068247,0.5222858420093345,0.6638801458733777,3.3166247903554,0.5796508813350697,0.7767499406217594
relu,0,BraTS20_Training_313.npy,0.9534793745018093,0.0,0.9870258955296917,0.922138221812543,0.8522433716207127,2.8284271247461903,0.9213151221210693,0.7928060514801826,0.6314465369091413,17.804493814764857,0.5245558983849958,0.7930489606153404,0.8495259142209243,2.8284271247461903,0.9208396345144468,0.7884639289781146,0.795400521520655,2.449489742783178,0.7884947551745581,0.8024283202213627
relu,0,BraTS20_Training_323.npy,0.919775972940383,1.0,0.8871421700087669,0.954902355500834,0.8673297970460834,3.0,0.8581213799185977,0.8767379870864863,0.00035329447031744486,25.25866188063018,0.0002139495074583879,0.0010131712156720243,0.8652643606614252,2.8284271247461903,0.8724854916044772,0.8581617799066166,0.7827728962156653,3.0,0.7395767642876296,0.83132789569649
relu,0,BraTS20_Training_324.npy,0.9429610937633531,1.0,0.9411799158125752,0.9447490260976337,0.43064528616768993,11.045361017187261,0.2763516334381198,0.9750245538269787,0.0,373.0,0.0,0.0,0.43088132696211434,11.180339887498949,0.2763317491645957,0.9776980434939511,0.45464803637983253,6.6332495807108,0.9064548378477643,0.3034157043745159
relu,0,BraTS20_Training_329.npy,0.8871611719226071,1.4142135623730951,0.8099403959479041,0.9806584280403013,0.38277055658682346,13.076696830622021,0.23671909125453927,0.9993544808194813,0.0,373.0,0.0,0.0,0.3819418675886665,13.076696830622021,0.23608562685974538,0.9993527498850183,0.3843027818288475,8.774964387392123,0.6623977869995203,0.2706680096625143
relu,0,BraTS20_Training_352.npy,0.955989855159021,0.0,0.9412204564184214,0.9712301584625136,0.8865934059438876,1.0,0.865541409146701,0.9086949978845248,0.8394829202641187,1.0,0.7340919288305257,0.9802079148736348,0.21940070990654795,4.959591794226533,0.6923076701183439,0.13035606439133335,0.9374032586692735,1.0,0.9247061138357174,0.9504539468255918
relu,0,BraTS20_Training_360.npy,0.8658817088563421,7.14142842854285,0.9954624816270644,0.7661507690987952,0.9710468491302541,0.0,0.9734090545488723,0.968696080677366,0.9532120989498752,0.0,0.9533863447232002,0.9530379166393242,0.9520890712836679,0.0,0.9617524876857493,0.9426179129339238,0.7087677138293134,13.328528785159424,0.95529781586718,0.5633786990599055
relu,0,BraTS20_Training_362.npy,0.9672461458860957,0.0,0.9774846729735585,0.9572198794961345,0.950041790373297,0.0,0.9578813868841769,0.9423294753439498,0.9131185114044602,1.0,0.8654195096053005,0.966382237674044,0.8468213664059434,2.0,0.9501851223973722,0.7637396611410143,0.9313006212084216,1.0,0.9424813365555349,0.9203820707485313
relu,0,BraTS20_Training_366.npy,0.9496489091003372,1.0,0.9857337216770714,0.9161127164320402,0.9355528503024796,1.0,0.9791351046831462,0.8956850388058677,0.9168539322027242,1.0,0.9547581895001229,0.8818443796975309,0.9191141810599747,1.0,0.980562999394896,0.8649127967339261,0.8690890121396518,1.0,0.8924395243305905,0.8469292665422031
relu,0,BraTS20_Training_002.npy,0.8752559018373753,1.4142135623730951,0.9602722142852472,0.8040688301108345,0.9247629080461348,1.0,0.9776561200727888,0.8772992111977042,0.860824353205618,1.0,0.872194226794634,0.8497470978135271,0.8915964696692757,2.8284271247461903,0.9706331867132826,0.8244621654075833,0.8242219761343752,2.0,0.9143614634551023,0.7502599291792216
relu,0,BraTS20_Training_010.npy,0.7703705666158126,6.557438524302,0.6575190605059796,0.9299862401427198,0.9033076973767582,1.0,0.864884185208916,0.9453039522655041,0.8874827606980752,1.0,0.8450486623744035,0.9344038248472775,0.6585365791882122,3.605551275463989,0.6737044016563455,0.6440366854305196,0.7228927309942325,8.06225774829855,0.6028704274456768,0.9025832927319398
relu,0,BraTS20_Training_014.npy,0.9029390118876304,1.0,0.9552326894347599,0.8560737355267872,0.8760680115155843,1.4142135623730951,0.955472062735112,0.8088489999027401,0.8439981554270203,1.0,0.9315765658609044,0.7714713867324757,0.5360477572651422,3.605551275463989,0.5711024129472685,0.5050475910921569,0.8419097901013236,1.7320508075688772,0.8766302697761923,0.8098348596729007
relu,0,BraTS20_Training_015.npy,0.9460578239129397,1.0,0.9376232170187151,0.9546455591529954,0.7283650405062347,5.385164807134504,0.5761158564371127,0.9899873617284074,0.8548099586827612,1.0,0.82570539788302,0.886041243430634,0.3079542227296376,11.045361017187261,0.18766570583554387,0.8577449902120917,0.9328511271221526,1.0,0.955199330828436,0.9115247502871854
relu,0,BraTS20_Training_030.npy,0.8308083380706279,2.449489742783178,0.7797541750188994,0.8890164121555129,0.766533005705588,27.294688127912362,0.8109408625921986,0.7267362678997547,0.8065478460899963,1.4142135623730951,0.8573751815622457,0.7614095887327996,0.16776677621626299,33.1058907144937,0.17448512485992493,0.16154660931384213,0.8124882186137791,2.8284271247461903,0.7541829792924276,0.8805638549400439
relu,0,BraTS20_Training_031.npy,0.9194734875066933,1.0,0.9210700698342041,0.9178824305188897,0.9038045596383709,1.0,0.8942918286165344,0.9135218432019776,0.8705664737871522,1.0,0.8602632056021462,0.8811195352985494,0.7648221338060033,3.3166247903554,0.7600846037768778,0.7696190901489688,0.8676642615020388,1.0,0.8748938417206307,0.860553183430378
relu,0,BraTS20_Training_038.npy,0.8983563249945427,1.0,0.8703254273722751,0.9282529148367215,0.8389712761449838,2.0,0.858294897207004,0.8204985993675996,0.7776492936363985,2.23606797749979,0.7811657329262951,0.7741643708530345,0.7420609785840673,3.7416573867739413,0.7910879621999538,0.698756175925408,0.7788486237354699,2.449489742783178,0.728625593974647,0.8365078065812744
relu,0,BraTS20_Training_046.npy,0.49127440414211354,19.28730152198591,0.33270045668023207,0.9386693572403778,0.7597454225944891,2.23606797749979,0.6282894695507272,0.9607645778595113,0.7187362846918108,2.23606797749979,0.6035372099960412,0.8882863244220572,0.5702127416930748,32.843508708799774,0.41104291956791905,0.9305554263117463,0.4691173006338998,19.697715603592208,0.3146286829261304,0.9216791445093976
relu,0,BraTS20_Training_047.npy,0.8892186359582708,1.4142135623730951,0.8175007536314818,0.9747299555190846,0.9493931503345169,1.0,0.9519326541541733,0.9468671597585664,0.8666304713397657,1.0,0.92278366272217,0.816919331410612,0.8707389369626051,1.4142135623730951,0.8158373282143041,0.9335628614378711,0.7569019498579821,3.0,0.6401169888633164,0.9258095646880203
relu,0,BraTS20_Training_050.npy,0.9432750207029126,1.0,0.9282649228719234,0.9587785251340484,0.9544897942521827,0.0,0.9285974442394455,0.9818674880884052,0.855757019224886,1.0,0.9057459347976466,0.8109973606302028,0.8517611122129624,1.4142135623730951,0.7644203310210107,0.9616351745952888,0.7557048531774567,10.63014581273465,0.7886847189001573,0.7253724699982415
relu,0,BraTS20_Training_061.npy,0.9262885827013547,1.0,0.8927425145423988,0.962454164663299,0.92791870438406,1.0,0.9124533923098782,0.9439173023652571,0.815623869211122,1.0,0.8631353324201848,0.7730700661276977,0.8452342996132975,2.449489742783178,0.7710090131273495,0.9352733669571899,0.7144608721857477,2.23606797749979,0.6634963152531864,0.7739062487907715
relu,0,BraTS20_Training_070.npy,0.8911376932576784,1.4142135623730951,0.8589694721128643,0.9258090416750744,0.8316147994787454,2.23606797749979,0.7576942694672973,0.9215179399160659,0.7181004397215519,2.0,0.7428392052555606,0.6949563169407853,0.7193884273838438,3.7416573867739413,0.6052876721797065,0.886499479673532,0.6881413666833848,3.0,0.7204440082380331,0.6586111334833274
relu,0,BraTS20_Training_072.npy,0.8043457785556356,3.3166247903554,0.8990822278082361,0.7276709636592884,0.938930949450546,1.0,0.9021867739817286,0.9787952263160759,0.8908351306633223,1.0,0.8782861870584059,0.9037478702626599,0.7634899324759785,2.8284271247461903,0.6704384717864795,0.8865336647300079,0.6201760908020889,5.830951894845301,0.8197487248740067,0.4987519932575137
swish,0,BraTS20_Training_074.npy,0.7959000396528764,10.295630140987,0.7415840627025,0.8588013862959261,0.5618086039153185,33.015148038438355,0.4663484311240213,0.7064083453626934,0.35381256139323863,38.600518131237564,0.2793779578908871,0.48231586263299187,0.5330811149245233,11.086018957487104,0.4677151659940606,0.6196858632254598,0.7442986076439514,9.433981132056603,0.7533500473319644,0.73546209010115
swish,0,BraTS20_Training_077.npy,0.9247531428231055,1.0,0.9564394314894606,0.8950990263520384,0.950453120627402,0.0,0.959555364720346,0.9415219389701134,0.8903678600614909,1.0,0.9244879998435884,0.8586766240416891,0.8473045429758616,1.0,0.8035331884273736,0.8961194003100913,0.8915214923256324,1.0,0.9287570149322497,0.8571565592745949
swish,0,BraTS20_Training_079.npy,0.8030253734523216,2.0,0.6776938906277367,0.985232486559105,0.8755389467152358,1.0,0.8440011060016595,0.9095252286965505,0.6128493937988123,3.3682416790291434,0.9993197210930631,0.44193742345987536,0.01201478737516272,14.7648230602334,0.006077606329697959,0.5199997920000832,0.5020606959496803,3.3166247903554,0.3645266584207653,0.8062575162078368
swish,0,BraTS20_Training_083.npy,0.9245149137601588,1.0,0.9729014213214084,0.8807133111850365,0.950455390324517,0.0,0.9439287734950476,0.9570728887380459,0.8889817517140397,1.0,0.8904702094454162,0.8874982604818548,0.8401633134127275,1.0,0.81922736414265,0.8621973902476803,0.9057014762142063,1.0,0.9620754685554326,0.8555683963052726
swish,0,BraTS20_Training_089.npy,0.8828802681428786,1.4142135623730951,0.9414964406575753,0.8311350331738763,0.44301761610798157,25.15949125081825,0.9432316741876771,0.2894935627480469,0.9544780501512329,0.0,0.9179807325127922,0.9939976684184163,0.0040597559575642015,86.08716512930368,0.8165136865583773,0.0020349368936265462,0.6589273417837379,8.831760866327848,0.5842876525930087,0.7554295069580224
swish,0,BraTS20_Training_096.npy,0.9694618597055797,0.0,0.9618595910230086,0.977185258016382,0.947042618546906,1.0,0.9623250449654783,0.9322379961932563,0.8965209632255751,1.0,0.9525163487098302,0.8467436174712514,0.8751630107438275,1.0,0.7969340377880448,0.9704219784797924,0.9111653498777942,1.0,0.8853991240357586,0.9384761845302483
swish,0,BraTS20_Training_099.npy,0.7978696418983835,1.4142135623730951,0.8374816972747482,0.7618355723915298,0.8513097039625974,4.123105625617661,0.8925686519178623,0.8136966066738099,0.8602569059546247,4.123105625617661,0.8925686519178623,0.8302028487588066,0.0,373.0,0.0,0.0,0.7733758342642867,1.4142135623730951,0.8119521899411121,0.738298796205914
swish,0,BraTS20_Training_104.npy,0.969460451241081,0.0,0.9835351813053717,0.9557828663863895,0.9704089320355496,0.0,0.9881253376714283,0.9533166224865305,0.954046222213012,0.0,0.9771825681259062,0.9319801157326759,0.9416900121741503,1.0,0.9503375116374431,0.9331984672951412,0.9523043245269177,0.0,0.9642714097578401,0.9406306329470123
swish,0,BraTS20_Training_107.npy,0.9502016098300942,0.0,0.9512401267957097,0.9491653577185001,0.9545968808329988,0.0,0.9572809777453819,0.9519277926499287,0.9621050379151873,0.0,0.9446598879104288,0.980206632974218,0.7043314456727467,3.3166247903554,0.9428571270108046,0.5621242428644866,0.9300363875020599,1.0,0.9303826262956019,0.9296904059315958
swish,0,BraTS20_Training_113.npy,0.9554791758307387,0.0,0.9984429550946311,0.9160603828485965,0.5749304162435029,4.58257569495584,0.8926459425433724,0.424013252359541,0.7597959396941323,12.569805089976535,0.8233356837842022,0.7053607402149119,0.31741523138876687,5.385164807134504,0.7627986315580263,0.20040349674915547,0.927541306085149,1.0,0.942932203309921,0.9126447717352403
swish,0,BraTS20_Training_116.npy,0.9745714951998036,0.0,0.9779059803532408,0.9712596726608052,0.9713338264995842,0.0,0.9542052549660226,0.9890885748202576,0.9235934574982988,1.0,0.9329457359821,0.914426820726362,0.9352301787291464,1.0,0.8862699946156871,0.9899160794599918,0.9501124732498356,0.0,0.968109384420212,0.9327724663608465
swish,0,BraTS20_Training_119.npy,0.7084009700153923,13.0,0.5841022893634925,0.8999029592916531,0.9442790884306229,1.0,0.9165546883679727,0.9737330464329294,0.8944574732817462,1.0,0.8682003334095367,0.922352339810712,0.9246769604086402,1.0,0.8975221752905409,0.9535261587470713,0.5813904418764135,14.071247279470288,0.45337501523862656,0.8101433290627392
swish,0,BraTS20_Training_120.npy,0.9766100251454519,0.0,0.9927365082670557,0.9609990994823632,0.9646838906884224,0.0,0.964288437888139,0.9650796677864555,0.8915732252589025,1.0,0.8686930708890118,0.9156912449885694,0.9289522552972874,1.0,0.9425028867250643,0.91578574354344,0.9378268051293688,1.0,0.9650061810287415,0.9121365023353954
swish,0,BraTS20_Training_129.npy,0.909044467048438,1.0,0.9722763336883459,0.8535349320430583,0.6389540120478323,3.0,0.5380410014608338,0.7864594877104119,0.6653033393941112,3.0,0.5411199398611718,0.8634621030272424,0.3723776207500978,10.327122830658045,0.3628620071306473,0.38240574163011004,0.8616916177949576,1.4142135623730951,0.9579824830443034,0.7829899871600897
swish,0,BraTS20_Training_130.npy,0.883590440183505,1.4142135623730951,0.980997815958881,0.8037797838905388,0.9690233173437984,0.0,0.9724750313644075,0.9655960196023834,0.8988712134994115,1.0,0.926949340661601,0.8724440987467283,0.926195839231067,1.0,0.8998124238111691,0.9541731665545347,0.7757050223860872,2.449489742783178,0.9527426953906234,0.654151297398026
swish,0,BraTS20_Training_131.npy,0.9117002534343058,1.0,0.9762583968020137,0.8551507333781797,0.821121365717887,1.4142135623730951,0.7024384996214003,0.988062857376756,0.8596431251386866,1.0,0.766426916047267,0.9786737220132726,0.1861538447218935,14.810380976519939,0.10940325398369571,0.6237113080561182,0.8693920626785288,1.0,0.9696619728668631,0.7879159747368952
swish,0,BraTS20_Training_137.npy,0.9343786788070445,1.0,0.969763384726777,0.9014853020718422,0.9272151897932476,1.0,0.9590062776628916,0.8974642227973112,0.8549097092623043,1.0,0.9731245548830961,0.7623051359837852,0.7729463182861855,3.1622776601683795,0.663619743739238,0.9253991674993968,0.8824860235550323,1.0,0.9176241857764533,0.8499396732590859
swish,0,BraTS20_Training_146.npy,0.9142907923284985,1.0,0.8763064280899537,0.9557172987819287,0.9220862227282467,1.0,0.8671074377559406,0.9845088200824005,0.8622232523792226,1.0,0.813829321306858,0.916736504354579,0.8466087309885284,1.4142135623730951,0.7896402870123355,0.9124362658917798,0.8480686161123661,1.4142135623730951,0.8205051111213912,0.8775483952541082
swish,0,BraTS20_Training_147.npy,0.8372711258731852,2.449489742783178,0.7440846779160772,0.9571398220049012,0.4781312844347825,11.789826122551595,0.3538219670990564,0.7370981586895933,0.15230855848709246,34.88552708502482,0.08248208564187524,0.9926605443873973,0.4674500680121806,11.090536506409418,0.38574139916103284,0.5930770776839481,0.690941939894724,5.385164807134504,0.7053199711550806,0.6771383933501968
swish,0,BraTS20_Training_150.npy,0.960875143461379,0.0,0.9530749754890708,0.9688040413834065,0.9607594063237167,0.0,0.9355630559727748,0.9873504825057478,0.9591825816124557,0.0,0.9620130913269636,0.9563686791217476,0.6172106817294626,11.575836902790225,0.4498107759059096,0.9830641946314919,0.9412568656485865,1.0,0.94276333385385,0.9397552041223615
swish,0,BraTS20_Training_151.npy,0.965677625137075,0.0,0.9811546707459141,0.9506812764675981,0.9642632415734294,0.0,0.951288090239125,0.9775972379350437,0.9364961698578428,1.0,0.9373357650053062,0.9356580771684437,0.904700341466271,1.0,0.8737959325393346,0.9378709549407089,0.939419522604195,1.0,0.9723901746607947,0.9086114052669699
swish,0,BraTS20_Training_152.npy,0.9751659329004896,0.0,0.9754469696036153,0.9748850580375952,0.9485388867119197,1.0,0.9728220320651371,0.925438507365824,0.9539155654279865,0.0,0.9537311506142122,0.9541000512654396,0.872980566356538,4.0,0.9393462235061119,0.8153736805995442,0.9507008725581867,0.0,0.9428369591177691,0.9586970702436619
swish,0,BraTS20_Training_156.npy,0.9588677321363265,0.0,0.9626826247657712,0.9550829551930914,0.9305754838821907,1.0,0.8859094250528717,0.9799846570007241,0.938260594738632,1.0,0.9167816422493713,0.9607701377570221,0.8479839036276179,5.830951894845301,0.7780272410427445,0.9317638617759537,0.9300939329413939,1.0,0.9650649084530598,0.8975688078059131
swish,0,BraTS20_Training_164.npy,0.7682144547109244,6.164414002968976,0.6322236310524167,0.978740874616227,0.9595932275869896,0.0,0.9543962841033666,0.964847078271026,0.932990954078437,1.0,0.9386331608880617,0.927416173354817,0.9254168808470643,1.0,0.8861412418371075,0.9683355429639129,0.4586241503057999,10.246950765959598,0.3098151001063459,0.8825052664665971
swish,0,BraTS20_Training_167.npy,0.9249194690809871,1.0,0.8887444439217095,0.9641643495770151,0.8667363258315443,1.7320508075688772,0.8217565247392812,0.9169253004052016,0.8097989137859712,2.0,0.9452419536089129,0.7083062239391428,0.05702172754952652,11.045361017187261,0.02999219530606289,0.5772532064967123,0.8536044151143053,1.4142135623730951,0.8254713519137497,0.8837227565513993
swish,0,BraTS20_Training_168.npy,0.9269560696329691,1.0,0.8920751536588014,0.9646757314042376,0.9338730505148568,1.0,0.9297999227650997,0.9379820210779333,0.8792243545678741,1.0,0.892169829024782,0.8666491870914198,0.8979239431541297,1.0,0.8469995924751047,0.9553634803309685,0.6975129623981113,2.8284271247461903,0.6250713707891021,0.7889465965584983
swish,0,BraTS20_Training_175.npy,0.9503885780843451,0.0,0.9491667960646226,0.9516135094999912,0.9270719077148651,1.0,0.9561996168301867,0.8996663134177947,0.8976324675802339,1.0,0.9403105974078508,0.858660225045808,0.7048943705862438,4.123105625617661,0.6709548487660308,0.7424504175644735,0.8445695741905911,1.4142135623730951,0.8148515822689897,0.8765372698933842
swish,0,BraTS20_Training_182.npy,0.9238124499571299,1.0,0.8898965262022833,0.9604160275579023,0.9126177196679859,1.0,0.8633099894838135,0.967899025076626,0.9016789323242417,1.0,0.8584409887689501,0.9495035105963872,0.7572766369089429,3.7416573867739413,0.6967862100755183,0.829268288086096,0.886175068993673,1.4142135623730951,0.8592336518288854,0.9148606807998415
swish,0,BraTS20_Training_183.npy,0.9676415215468483,0.0,0.9453863833863375,0.990969727375828,0.9692164090239559,0.0,0.9555315943270191,0.9832988978835133,0.9522839748442732,0.0,0.9330372466243911,0.9723414719228285,0.8253343284058555,3.7416573867739413,0.8463037716186778,0.8053789072530751,0.9517361141146767,0.0,0.925967642763502,0.9789798458240279
swish,0,BraTS20_Training_188.npy,0.7808319524914248,4.0,0.685201340636209,0.9074858612070043,0.8709543316877758,1.0,0.847941719648541,0.8952508840248433,0.8332963367863142,1.0,0.8126713799788261,0.854995443584884,0.8212996365183525,2.8284271247461903,0.7940663130071768,0.8504672844207646,0.7497623451922435,4.69041575982343,0.6469509074693589,0.8914248211337744
swish,0,BraTS20_Training_193.npy,0.7443694048118258,43.05810028322197,0.9978125382999345,0.5935966101578658,0.770934288765257,49.28488612140643,0.9079940507700327,0.6698255525989047,0.48510095063575415,61.1310068623117,0.48270098596600336,0.4875248993931176,0.6710236407028191,4.47213595499958,0.943958114787871,0.5205210521466797,0.6471600378880027,42.21374183841087,0.9415409551960128,0.49301472346429914
swish,0,BraTS20_Training_198.npy,0.953612070769963,0.0,0.9223486099096286,0.9870692702232501,0.8865253083800697,1.4142135623730951,0.8272946417277303,0.9548913385141773,0.8609886648518594,1.0,0.9134486902346844,0.8142270126208232,0.6993976057552166,6.557438524302,0.5449198289642576,0.9761131551013111,0.8573764905468604,1.4142135623730951,0.8604842017194277,0.8542911459505138
swish,0,BraTS20_Training_200.npy,0.932453375124408,1.0,0.9871646053423891,0.8834881628441738,0.9075862059335955,1.0,0.917024011755952,0.8983406828432249,0.8992710394308913,1.0,0.8968935869202609,0.9016611275710718,0.33962263235518514,9.486832980505138,0.5039999596800032,0.2560975505651402,0.9156950881542708,1.0,0.9745602230092788,0.863536008993788
swish,0,BraTS20_Training_206.npy,0.9090831262500891,1.0,0.9054399723288541,0.9127557156125341,0.870011109417989,1.4142135623730951,0.9399815310434321,0.8097359198063381,0.9024482815501534,1.0,0.9330847705394726,0.8737596455829482,0.20120378158896146,3.605551275463989,0.36677114837708,0.1386255907745783,0.8609770719638588,1.0,0.8357075545503534,0.8878223996656328
swish,0,BraTS20_Training_211.npy,0.9276524916196749,1.0,0.9244939446832096,0.9308326948713683,0.9593778709542955,0.0,0.9535270518365695,0.9653009340138992,0.9110881156541462,1.0,0.9093268360206944,0.9128562309055422,0.8865580531803473,1.0,0.8752334061490126,0.898179600297727,0.8903499897946237,1.0,0.8888036188527336,0.8919017507920107
swish,0,BraTS20_Training_219.npy,0.8711628371862598,4.123105625617661,0.7884520819911939,0.9732604943816272,0.9546838009192028,0.0,0.9197579702491236,0.9923667950623378,0.9166981057433419,1.0,0.8581620393740468,0.9838043558313998,0.8859790485589719,1.0,0.9002456319592719,0.8721575874244347,0.8000893545347376,7.54983443527075,0.7061459321588468,0.9228643037354795
swish,0,BraTS20_Training_226.npy,0.9502675796301167,0.0,0.9486844371590905,0.9518560146187307,0.9495607103481069,1.0,0.9313701176004607,0.9684760183581579,0.9172502194652775,1.0,0.9513738425863271,0.8854897105995944,0.5221139425392486,8.12403840463596,0.3583740669431772,0.9613526536875339,0.7952741619131765,2.0,0.8256427154978611,0.7670603671185213
swish,0,BraTS20_Training_227.npy,0.7912900754140179,5.196152422706632,0.6835419107180721,0.9393640234491936,0.8150837981237581,1.4142135623730951,0.7154298778760545,0.9469926418282288,0.8366219406510069,1.4142135623730951,0.7493435654426509,0.946911687220746,0.40833778509707225,5.0990195135927845,0.3273350443244641,0.5426136286560564,0.7479231245197863,6.4031242374328485,0.6447199656595297,0.8904635367905332
swish,0,BraTS20_Training_229.npy,0.9655763746541636,0.0,0.9686474807339173,0.9625246808419324,0.9632750507740643,0.0,0.956918440537705,0.9697166767602452,0.9442948168980663,1.0,0.9740479736502073,0.9163054561077558,0.7367400361323184,8.12403840463596,0.6008223934828051,0.9521303234282448,0.9167886526529719,1.0,0.9279127389256103,0.9059281240726418
swish,0,BraTS20_Training_250.npy,0.906555234277897,1.0,0.9589446009618262,0.8595936407653918,0.5680091574898437,4.0,0.8358346069346566,0.43017023891839495,0.7826852001008531,1.4142135623730951,0.6911124900835535,0.9022312336623478,0.008150789586982196,12.072683124894002,0.34042545948394476,0.004124774415764953,0.8753071336786519,1.4142135623730951,0.9090351826268696,0.8439923762019228
swish,0,BraTS20_Training_254.npy,0.9716353996407138,0.0,0.9549216740068192,0.9889446192542846,0.9583150975546253,0.0,0.9317377605847175,0.9864531628803305,0.9452008410605909,1.0,0.9161081938448065,0.976201869804866,0.8294930870970556,4.898979485566356,0.8225966294212128,0.8365061580778207,0.9412869433149014,1.0,0.9331221740209963,0.9495958563353227
swish,0,BraTS20_Training_267.npy,0.9008644870258763,1.0,0.8839853023884774,0.9184008157274605,0.4572160545890669,10.677078252031311,0.30601863312705646,0.9037303770304786,0.7678342828257485,1.4142135623730951,0.6362584365742364,0.9680164290844587,0.37569526645114965,12.0,0.24489450758004006,0.8064044547118661,0.4709547039515305,6.4031242374328485,0.7988646284721115,0.3338991402774463
swish,0,BraTS20_Training_268.npy,0.8517135143129001,1.7320508075688772,0.8268925352954513,0.8780707173657482,0.5329556759297591,7.0,0.3731375277380882,0.9322442396029881,1.0,0.0,1.0,1.0,0.5329556759297591,7.0,0.3731375277380882,0.9322442396029881,0.531165311428199,3.040569415042095,0.6559983258487624,0.44624688691124376
swish,0,BraTS20_Training_269.npy,0.882196119719916,1.4142135623730951,0.9758818030320363,0.8049226913913292,0.745865519014499,4.58257569495584,0.7284188138684529,0.7641684810303455,0.0,373.0,0.0,0.0,0.7464137212197469,4.58257569495584,0.7271024248255266,0.7667787918379098,0.55210798006235,3.605551275463989,0.7082154923720663,0.45239039416065635
swish,0,BraTS20_Training_282.npy,0.9570205759844184,0.0,0.9936560894498824,0.9229904623711789,0.7902927318345,3.3166247903554,0.7451027038265503,0.8413181688534807,0.8472969505205631,1.4142135623730951,0.9957844007892437,0.7373467104377406,0.3194512489962626,8.823241394487457,0.218535276992567,0.5935366381723411,0.9187687520235079,1.0,0.9691913061328895,0.8733332503792256
swish,0,BraTS20_Training_292.npy,0.9373900716051906,1.0,0.9272396778853232,0.9477651554109028,0.798883019396056,4.242640687119285,0.7360902114592338,0.8733881453758484,0.6976317789188209,3.1622776601683795,0.5984272592439652,0.8362637332004991,0.7861760800438014,4.58257569495584,0.7281961049449761,0.8541876771690813,0.6097487587239075,5.0,0.6990642918808744,0.5406703349872702
swish,0,BraTS20_Training_293.npy,0.9148015417865986,1.0,0.9222669546117575,0.907456018031151,0.6081745126578645,10.770329614269007,0.7532954468396248,0.5099362622063547,0.8878893645559246,1.0,0.9474721615391085,0.8353570459430899,0.4355344795557227,12.206555615733702,0.5759885838026226,0.35015067114493725,0.6196792947178271,7.681145747868608,0.5250582374136673,0.755900589572733
swish,0,BraTS20_Training_294.npy,0.9363164351078652,1.0,0.9735687079410472,0.9018099141072721,0.7208175083701431,3.605551275463989,0.952132819381875,0.5799274076846581,0.0,373.0,0.0,0.0,0.7216165353489264,3.605551275463989,0.9512181598849141,0.581303567095548,0.6636931543143715,6.324555320336759,0.5457255607288367,0.8467272300932657
swish,0,BraTS20_Training_299.npy,0.9662419416248522,0.0,0.976410801566329,0.9562827062578841,0.9291120094542465,1.0,0.9312140967298242,0.9270193910422861,0.46871444290427255,3.0,0.31259483592420584,0.9363635938016548,0.9264300816660136,1.0,0.9308772694361453,0.9220251838838368,0.669089257186404,2.8284271247461903,0.6969931601079739,0.6433335977752189
swish,0,BraTS20_Training_303.npy,0.871265550614271,1.4142135623730951,0.8583527163898274,0.8845728331639297,0.6870553206753529,7.280109889280518,0.6840155177699248,0.6901222619886875,0.3298589801970633,8.602325267042627,0.20317220390353322,0.8762214698299197,0.6533327277848409,7.6582653231670585,0.6656335288589381,0.6414783109796807,0.46844814882645347,5.477225575051661,0.4509581795044292,0.48734952000882525
swish,0,BraTS20_Training_305.npy,0.9277384029311581,1.0,0.9641212890129492,0.8940016114843337,0.808541499686593,3.0,0.9699287156250099,0.693199482445298,0.0,373.0,0.0,0.0,0.8058669472778865,3.0,0.9240149302699799,0.7145073783946931,0.6375816488405105,5.0990195135927845,0.512072205937569,0.8445920623932577
swish,0,BraTS20_Training_307.npy,0.9228591255751957,1.0,0.8998355741100479,0.947091793427454,0.8594201157433798,2.0,0.9494400508519251,0.7849921010369499,0.005440696379539193,19.44607713102981,0.15624995117189025,0.0027685492648474573,0.8637806763287829,2.0,0.9461522940815146,0.7946028857621593,0.5794266441097462,7.3484692283495345,0.4328505840706113,0.8761001772084387
swish,0,BraTS20_Training_311.npy,0.8865819540789069,1.0,0.8674603433474721,0.906565569220553,0.5379364452428902,7.0710678118654755,0.45224274346669824,0.6636979658011657,0.8358208866117176,1.0,0.7259259124828535,0.9849245983687287,0.5047852964302657,7.14142842854285,0.4232954539441826,0.6251311084012354,0.7309252461247557,2.23606797749979,0.7487138896589219,0.7139622638515881
swish,0,BraTS20_Training_313.npy,0.9386638784685597,1.0,0.9973163073209664,0.8865269974124369,0.7684072810231966,5.0,0.7691838491162531,0.7676322793034659,0.6355255031621051,21.27674514529572,0.5402298794124359,0.7716417795277347,0.7659351133063514,5.0,0.7680479098943744,0.7638339087769568,0.7375578304826109,4.242640687119285,0.8270095285083664,0.6655680959746683
swish,0,BraTS20_Training_323.npy,0.9231489626525382,1.0,0.9043055381965412,0.9427943968621748,0.8724839591263307,2.8284271247461903,0.9594862754007064,0.7999479314711904,0.0003384094748927082,37.69615364994153,0.0002139495074583879,0.0008090614821273343,0.8604352307786972,2.8284271247461903,0.9661102947150547,0.7755987032387176,0.775440021627609,3.0,0.6857902340739194,0.8920535370334396
swish,0,BraTS20_Training_324.npy,0.9297363422976169,1.0,0.9570526992580421,0.9039360494421022,0.5861026351475586,11.357816691600547,0.4201348152909795,0.9688202113949195,0.0,373.0,0.0,0.0,0.586192068056681,11.357816691600547,0.4201348152909795,0.96930911048293,0.47726244171779697,5.385164807134504,0.9080102205821519,0.32370239809816376
swish,0,BraTS20_Training_329.npy,0.9125137703772073,1.0,0.8958533613894998,0.9298055974373794,0.5047085274031886,11.575836902790225,0.33833551761941116,0.993011923969091,0.0,373.0,0.0,0.0,0.4986912706944949,11.704699910719626,0.3329401484637527,0.9930935620321256,0.4581882386812843,8.366600265340756,0.8425324670258943,0.3146513977063767
swish,0,BraTS20_Training_352.npy,0.9601544297463682,0.0,0.9630391237914169,0.9572869655011184,0.9202795094144718,1.0,0.8759834059848615,0.9692940788710129,0.9222423139222877,1.0,0.878125466569658,0.9710264884585654,0.40338982367135895,4.805125808982029,0.3814102441855691,0.4280575385590814,0.9413649158752605,1.0,0.9552439742052788,0.9278833883235891
swish,0,BraTS20_Training_360.npy,0.8901131287995596,3.1622776601683795,0.9963760759099017,0.8043316151529233,0.9659298387813154,0.0,0.9640500325594802,0.9678169900417709,0.9459362691352879,1.0,0.9357234254328389,0.9563745064208938,0.952711198813889,0.0,0.9797789787759393,0.9270987830561416,0.747611841852634,7.54983443527075,0.958965443102011,0.6125969875836609
swish,0,BraTS20_Training_362.npy,0.9705929253873075,0.0,0.9799660312171306,0.9613974231317272,0.9491163641983313,1.0,0.9423455593661606,0.9559851702263402,0.9032443845948983,1.0,0.8417030844535502,0.9744947773546483,0.8553319873987254,1.4142135623730951,0.9473962586202835,0.7795758483898173,0.9354459625873678,1.0,0.954039916616318,0.9175629340017424
swish,0,BraTS20_Training_366.npy,0.9483702834633133,1.0,0.9760932940812077,0.9221785592852553,0.9523419919027947,0.0,0.961850984050509,0.9430191730063333,0.9365072528360779,1.0,0.9427977110913524,0.9303001787990249,0.943142715151331,1.0,0.9644772085640844,0.9227316417995137,0.8808636744788892,1.0,0.9285905552721677,0.8378030113249553
swish,0,BraTS20_Training_002.npy,0.8676630252082527,1.4142135623730951,0.9660627405059155,0.7874555981719313,0.9407620280767708,1.0,0.9689986625698652,0.9141244289490005,0.8531855949291116,1.0,0.8700564958466079,0.8369565205097583,0.9324352762931829,1.0,0.9672489072409947,0.9000406329743594,0.8207858004072961,2.0,0.9348304967279119,0.731541371623819
swish,0,BraTS20_Training_010.npy,0.7969113831456944,3.605551275463989,0.7471776654946318,0.8537379793057237,0.8840381985114156,1.0,0.8338575910296575,0.940645159773153,0.8768145990237954,1.0,0.8164684059686877,0.9467932623669058,0.6233538136667796,3.605551275463989,0.6813819446951642,0.574433647662886,0.759237204121158,4.123105625617661,0.7110489959655308,0.8144317199807808
swish,0,BraTS20_Training_014.npy,0.8865636690243845,1.0,0.9746088352996698,0.8131082963182042,0.9023400488206188,1.0,0.9388438356748591,0.8685686750633002,0.8408209686085868,1.0,0.9197014244968891,0.7744024374943327,0.5710311246907603,3.4641016151377544,0.535551206201836,0.6115456230769142,0.822134188237781,2.0,0.9284387320047697,0.7376720786911961
swish,0,BraTS20_Training_015.npy,0.9468123568494432,1.0,0.9406003814489452,0.9531069287421765,0.7016736093321371,5.385164807134504,0.5431351470593794,0.990917534326641,0.8340080966766367,1.4142135623730951,0.7894912232953886,0.8838452917748473,0.2849946718153689,11.916375287812984,0.16956772314747237,0.8925970819623964,0.9270910436295116,1.0,0.9544187342296795,0.9012847288466148
swish,0,BraTS20_Training_030.npy,0.8388619126355351,2.0,0.8356234710601452,0.842125552809913,0.83099450828351,3.3166247903554,0.7761175119968121,0.8942223506066205,0.8094113937602995,1.4142135623730951,0.8363961606173425,0.7841134307301213,0.2329906988106182,21.952219780036263,0.13615560562840043,0.806779633668487,0.828488752957606,2.0,0.8297390694834169,0.8272421988238685
swish,0,BraTS20_Training_031.npy,0.9190912859474252,1.0,0.9249110319149698,0.9133443201917859,0.8989019032029828,1.0,0.8615935161696686,0.9395875575086706,0.856713498352524,1.0,0.8205995243919761,0.896152502172687,0.7899661863725987,2.449489742783178,0.7588759619899139,0.8237126913353351,0.8594704311103875,1.0,0.8870288937122258,0.8335727585645876
swish,0,BraTS20_Training_038.npy,0.8924237399097064,1.0,0.8757418642166859,0.9097534980220541,0.8333459116340363,2.449489742783178,0.8007716181357085,0.8686827362110005,0.7523223752381076,3.605551275463989,0.7357809580021651,0.7696246470949774,0.7772367934782279,3.7416573867739413,0.7159529314082245,0.8499942736173203,0.7779150993392517,2.449489742783178,0.7731099914959663,0.782780310945194
swish,0,BraTS20_Training_046.npy,0.5048712525927571,15.556349186104045,0.35149413891599407,0.8957296116010591,0.5430016840514262,5.0,0.4236842077389197,0.7558685357292425,0.5823170702118036,5.800715657937744,0.4222549710961314,0.9378068586283657,0.19306930215174997,9.531508159119806,0.23926378900222153,0.16182571942631868,0.4878605045535318,15.748015748023622,0.33786112218199377,0.8773957783001001
swish,0,BraTS20_Training_047.npy,0.8809374311612316,1.7320508075688772,0.8142297255943451,0.9595509209884399,0.9199970869035388,1.0,0.9132795680183016,0.926814157698157,0.854640294148429,1.0,0.8857535699241419,0.8256386353949379,0.8235664004430374,3.0,0.7794676803506472,0.8729541580119402,0.7600568690153877,3.0,0.6565437145900355,0.90232004509311
swish,0,BraTS20_Training_050.npy,0.9316486008991903,1.0,0.9439988760256444,0.9196173081042552,0.9408004533692729,1.0,0.9068200441759765,0.9774266364089661,0.8467447837557923,1.0,0.9175034006226911,0.7861186654864519,0.8118097137704907,2.449489742783178,0.6968303824395116,0.9722310753098681,0.6462782760500827,16.401219466856727,0.8243068981106488,0.5314903343735761
swish,0,BraTS20_Training_061.npy,0.8964372121788421,1.0,0.9051976043567915,0.8878447583104615,0.9200436405392598,1.0,0.8803877696641403,0.9634405084352534,0.7976207533340829,1.0,0.8519595822842015,0.7497978971304259,0.816567036023427,3.3166247903554,0.6951148579599958,0.9894453621907174,0.6631502360475626,4.242640687119285,0.7326188871632701,0.6057149179247814
swish,0,BraTS20_Training_070.npy,0.8867636532207583,1.4142135623730951,0.8907966317455912,0.8827670276457656,0.8267254962453946,2.0,0.7434109843157595,0.9310712000670579,0.7298757638612203,1.4142135623730951,0.7261241460204629,0.7336663489266838,0.7237895287432647,3.605551275463989,0.6117198240643571,0.8861328872342032,0.6596064835603881,4.242640687119285,0.7718883734076817,0.5758422293472206
swish,0,BraTS20_Training_072.npy,0.7884977951050409,3.605551275463989,0.924621310528416,0.6873112616292892,0.9364090345745626,1.0,0.8957009507656556,0.9809935202829388,0.8880131361622027,1.0,0.8876202435167926,0.8884063765246538,0.7208938802055845,5.0,0.5870815647457976,0.9337132559482405,0.5926876830683226,6.164414002968976,0.8615424059538068,0.45172228356410804
prelu,0,BraTS20_Training_074.npy,0.7649041577215572,6.4031242374328485,0.6646015704388836,0.9008637610912917,0.3820903291989873,33.793490497431605,0.2674270304750111,0.668884432492814,0.36833259603346635,39.01986621401468,0.281541581959742,0.5324808177334005,0.2843403984281301,14.035668847618199,0.1775863430193738,0.712880708398221,0.7060582104626578,10.099504938362077,0.7078182182911679,0.7043069333301866
prelu,0,BraTS20_Training_077.npy,0.9209132140754551,1.0,0.9629555823759129,0.8823883865822353,0.9502297086310066,0.0,0.9550235135057517,0.9454837882455907,0.8900859454726511,1.0,0.9238597802187967,0.8586943818069668,0.8431147998237692,1.0,0.7882762291534362,0.9061538433656804,0.887426326020699,1.0,0.9388900434060251,0.8413112309458671
prelu,0,BraTS20_Training_079.npy,0.7871518928882347,2.23606797749979,0.6576527101473539,0.9801554808098293,0.8789126841310919,1.0,0.8869492909754799,0.8710204057931417,0.5805302719023936,3.605551275463989,0.9979591768846314,0.40931919528649774,0.03497757831848619,7.3484692283495345,0.018232818989093878,0.42857138147567236,0.414808753498039,4.123105625617661,0.2758433071930269,0.8359439337514928
prelu,0,BraTS20_Training_083.npy,0.9206401984205641,1.0,0.9773544943484862,0.8701469805069203,0.9480143004406154,1.0,0.929247962749339,0.9675542396769682,0.8850655754582812,1.0,0.875680199699065,0.8946543109128235,0.8440761190238243,1.0,0.8109702128841928,0.8799999971839999,0.9014157165249416,1.0,0.9692229669298684,0.8424757547880654
prelu,0,BraTS20_Training_089.npy,0.9028058274530639,1.0,0.9062287216878498,0.8994086929120405,0.8459764532477299,12.569805089976535,0.9323167464246567,0.774272383570641,0.960227589401398,0.0,0.9264302239242074,0.9965842638820215,0.032952630531824324,84.72307831990054,0.8073393754734518,0.016819571833295927,0.8607426751489822,2.0,0.8497060153007955,0.87206981377969
prelu,0,BraTS20_Training_096.npy,0.9726304886780823,0.0,0.9676783899856533,0.9776335327111291,0.9467626359072854,1.0,0.9725012346542068,0.9223513240497403,0.8933864820636935,1.0,0.9611885124816659,0.8345196458199878,0.8791092253569522,1.0,0.8054625922428343,0.9675787823011558,0.9175866419686382,1.0,0.887672616793625,0.9495871487915967
prelu,0,BraTS20_Training_099.npy,0.7664717856096225,2.0,0.7765206964241705,0.7566796358538527,0.7865874928865263,5.907566994274192,0.9095314950764822,0.6929230726589349,0.8485305167726808,5.385164807134504,0.9095314950764822,0.7951977344971911,0.0,373.0,0.0,0.0,0.7189320382532912,2.23606797749979,0.7080478076365773,0.7301561204105899
prelu,0,BraTS20_Training_104.npy,0.9707397442827427,0.0,0.9743189497339004,0.9671867392769337,0.961679541493122,0.0,0.9920312471024723,0.9331299511336695,0.9481232961559902,1.0,0.9819603298155608,0.9165405402928268,0.9259773847495933,1.0,0.9494170242178412,0.9036672364705798,0.9508063959070145,0.0,0.9404766238584623,0.9613656030146958
prelu,0,BraTS20_Training_107.npy,0.9396392002591573,1.0,0.9829500740337063,0.8999839886588076,0.9627913848687638,0.0,0.9636937638479738,0.9618906932920821,0.9648321286842159,0.0,0.9517870234233445,0.9782397921165144,0.7675528236703966,2.3854632131981712,0.9462184714921266,0.6456421944307088,0.916572804420598,1.0,0.9761737327916551,0.8638310330305534
prelu,0,BraTS20_Training_113.npy,0.961152115453142,0.0,0.996051205827196,0.9286157897586395,0.6002823193740252,4.685023756579932,0.7737680048919363,0.4903430378684126,0.7158632398429994,13.038404810405298,0.7929898828675844,0.6524095207036782,0.37473628642571694,5.656854249492381,0.6062286663556797,0.27118320558934506,0.9439967500313388,1.0,0.964940677884327,0.9239426790123062
prelu,0,BraTS20_Training_116.npy,0.972501869586809,0.0,0.965613754387889,0.9794889621670445,0.9681222645799398,0.0,0.9439478782726825,0.9935674003248696,0.9132656731415663,1.0,0.9220930228090635,0.9046057317816409,0.9226767246788461,1.0,0.8596703824165837,0.9956491221083165,0.9477400711117941,1.0,0.9535234464579937,0.9420264280786522
prelu,0,BraTS20_Training_119.npy,0.7901144765781482,6.0,0.7183888134291598,0.877751269479086,0.9601569363727546,0.0,0.9536414929405517,0.9667620202060183,0.9015354607585481,1.0,0.8864126506436314,0.9171832360099597,0.925954081000526,1.0,0.9314775132105306,0.9204957650529147,0.71102006594557,7.0710678118654755,0.6281929987955276,0.8190057377492327
prelu,0,BraTS20_Training_120.npy,0.9744251123115947,0.0,0.9900268538088822,0.9593074745899548,0.9613669407807247,0.0,0.939196918673887,0.9846089266256353,0.8999487702612835,1.0,0.8989356253715405,0.9009642009944794,0.933114743614434,1.0,0.8994408311859718,0.9694081422261281,0.9344116815958472,1.0,0.976272757785981,0.8959928829973449
prelu,0,BraTS20_Training_129.npy,0.9254119093770182,1.0,0.9646980565009982,0.889200315124551,0.6948051942549848,2.23606797749979,0.666211084789353,0.7259639240013835,0.7243507867982644,2.0,0.628904083110508,0.8539523190616002,0.4511138599903655,6.0,0.6209539981179387,0.35422740352659177,0.8827960709022817,1.0,0.9339604041414963,0.8369463720285308
prelu,0,BraTS20_Training_130.npy,0.8904330369348167,1.4142135623730951,0.9766478105888934,0.8182049954770054,0.9656697823776349,0.0,0.9710433921377367,0.9603553186642919,0.8895871840897124,1.0,0.9171351434279387,0.8636458798074933,0.9207814470487026,1.0,0.89881937515215,0.9438436579082946,0.788986638486254,2.23606797749979,0.9450141374278955,0.6771801382270937
prelu,0,BraTS20_Training_131.npy,0.9188753906502891,1.0,0.9765344619533386,0.8676456158439929,0.839242053276747,1.0,0.7374583728247305,0.9736207616315122,0.8707392054065372,1.0,0.794099718646715,0.9637520328987247,0.22174534891455402,8.726372862127956,0.14014466419399038,0.5308218996293871,0.8790364070172163,1.0,0.9676409183654686,0.805297303143024
prelu,0,BraTS20_Training_137.npy,0.9365549357755826,1.0,0.9512095275284065,0.9223450381116126,0.9015883438619668,1.7320508075688772,0.9822396306661945,0.8331765632743914,0.8152624267430505,2.449489742783178,0.9775373662697402,0.699193613932721,0.7826665245843086,3.0,0.7077359757972982,0.8753421391911567,0.8861917431025385,1.4142135623730951,0.8645086030072413,0.9089905555307871
prelu,0,BraTS20_Training_146.npy,0.9053775568348481,1.0,0.8606643618557378,0.9549912160649568,0.935059648536954,1.0,0.8974605557032425,0.9759469260511955,0.8601890778703888,1.0,0.8103282272164866,0.9165882872547951,0.8595303266294336,1.0,0.8584172653636285,0.860646277302706,0.840432547466575,1.4142135623730951,0.7950691520151729,0.8912856635785427
prelu,0,BraTS20_Training_147.npy,0.7695880021827112,4.123105625617661,0.6485490854572087,0.9461724617407339,0.16140249549851368,15.165750888103101,0.10237193966323158,0.3812311712719655,0.1477688368014956,29.78086165592717,0.08212634035568107,0.7362186754614183,0.14220161011444035,15.264337522473747,0.0949846200626138,0.2827639951404312,0.6074630114176383,8.831760866327848,0.6244287437620281,0.5913948111236328
prelu,0,BraTS20_Training_150.npy,0.9351197525078172,1.0,0.8858622121012537,0.9901776555898141,0.9497625990713234,1.0,0.9149278918159466,0.9873548705504346,0.9538074989312151,0.0,0.9532138639439395,0.9544018735727696,0.4858818708417926,12.083045973594572,0.32095873072452924,0.999438827163643,0.9032848715598051,1.0,0.8479487020268069,0.9663476199396688
prelu,0,BraTS20_Training_151.npy,0.9464589518280141,1.0,0.9155473965109217,0.9795307728146314,0.9214944088800124,1.0,0.873418414695109,0.9751712326779249,0.916732496428109,1.0,0.9686524249640918,0.8700952484323969,0.7194451490824536,3.7416573867739413,0.5689885834066231,0.9780758903962623,0.9379390959028995,1.0,0.9191426545915041,0.9575203600918337
prelu,0,BraTS20_Training_152.npy,0.9676373712286671,0.0,0.9471393402815605,0.9890422670925422,0.9684410846362065,0.0,0.9762752326697769,0.960731666185448,0.9490653239284873,1.0,0.9626884904747105,0.9358223444307883,0.9390930361966059,1.0,0.9351892669048376,0.9430295325861991,0.9488297349625474,1.0,0.9193373988351616,0.9802770133448927
prelu,0,BraTS20_Training_156.npy,0.9564797919018235,0.0,0.9410647956301226,0.9724082049577886,0.9352150090281459,1.0,0.8878007773693809,0.9879794197876568,0.9531905455337552,0.0,0.9363880615291598,0.9706070524366388,0.8583572530198836,6.164414002968976,0.7758319608961572,0.960528753498963,0.9410334345868941,1.0,0.9469176917084323,0.9352218566241227
prelu,0,BraTS20_Training_164.npy,0.7801683255902795,4.123105625617661,0.6476218890092553,0.9809321766716126,0.9573464774847993,0.0,0.9647974461623662,0.9500097118274425,0.9289931349051495,1.0,0.9534288396069918,0.9057786700344089,0.9228614863875885,1.0,0.8748388068915735,0.9764626187651658,0.4794159122413438,7.54983443527075,0.3247765793028079,0.9151615140173839
prelu,0,BraTS20_Training_167.npy,0.9133007152316523,1.0,0.8504871917628685,0.9861324450557526,0.8779663062057511,1.4142135623730951,0.8310154311941264,0.9305401480798106,0.8150343258717255,1.7320508075688772,0.9551979619384129,0.7107416656427161,0.032430079407519775,16.186414056238647,0.01661277732566309,0.6772726964876047,0.8352176285835309,1.4142135623730951,0.7716235051038765,0.910235606994605
prelu,0,BraTS20_Training_168.npy,0.9394547133337656,1.0,0.8973746230531939,0.9856754449950341,0.9277150763601149,1.0,0.953190058356342,0.9035663390737675,0.8703735385818603,1.0,0.9268671217945332,0.8203710117633968,0.8787830262452395,1.0,0.8126457628502404,0.9566392116805512,0.6934155129525951,4.58257569495584,0.5626193615871671,0.9034460951933462
prelu,0,BraTS20_Training_175.npy,0.9559670023264217,0.0,0.9447476819231585,0.9674559945055617,0.9259827730243064,1.0,0.9650501987997463,0.8899553570564872,0.8862533123322555,1.0,0.9566631648348083,0.8254971985599535,0.731029464994169,2.23606797749979,0.6274901638496908,0.8754901098932735,0.8463734540321778,1.4142135623730951,0.7891280394483153,0.9125739587832801
prelu,0,BraTS20_Training_182.npy,0.8688977113056453,44.72806691561227,0.9353822837744459,0.8112370624258178,0.9333154069493075,1.0,0.9230564658070592,0.9438049479345555,0.9080295181693857,1.0,0.9025618558106395,0.9135638287748628,0.8099133762995347,2.8284271247461903,0.7838844863349581,0.8377302098669477,0.8185382203864259,47.30750469005948,0.9072757815626532,0.7456124045493953
prelu,0,BraTS20_Training_183.npy,0.9621361625307896,0.0,0.9324026364648882,0.9938285072472133,0.9688421447113492,0.0,0.959008012314512,0.978880054464244,0.9551023073956395,0.0,0.9409114313120255,0.9697277931650425,0.8374377509806687,2.8455844122713216,0.8545176098363948,0.8210272862212048,0.9463513969735914,1.0,0.9080909958949338,0.9879776448263974
prelu,0,BraTS20_Training_188.npy,0.6797467499899059,7.280109889280518,0.5398013375974101,0.9176510379045503,0.8724318591437972,1.0,0.8568455124227041,0.8885957538210868,0.8269682720130962,1.1035533905932737,0.8125270590091975,0.8419321058143681,0.8270542841084121,2.0,0.8109365863238128,0.8438256607516607,0.631498893732543,8.0,0.48337419949489774,0.9105166968232209
prelu,0,BraTS20_Training_193.npy,0.730872053435324,47.67598976424087,0.9767745301964283,0.5838804545541189,0.6772060056237773,58.47221562417487,0.863264547153139,0.5571286308376872,0.47381025164656443,67.62396025078685,0.6216948017310062,0.3827615303087609,0.7421076866709689,47.94788837894741,0.9112460729167556,0.6259278437695126,0.688342570191448,40.44193321501236,0.9498026090943812,0.5397587138932816
prelu,0,BraTS20_Training_198.npy,0.9544001016558739,0.0,0.921281918070394,0.9899881317275809,0.8869716451168612,1.4142135623730951,0.8289017128403334,0.9537908714478879,0.8682546473211533,1.0,0.9150521108648276,0.8260109155305578,0.7106785230181469,5.744562646538029,0.5618403027307065,0.9667937601616681,0.8615080451726982,1.4142135623730951,0.8599761609981093,0.8630453964382693
prelu,0,BraTS20_Training_200.npy,0.9220315031667395,1.0,0.9904460018325715,0.8624577224930106,0.9111351341501243,1.0,0.9035162930885157,0.9188835566531105,0.9021522066761125,1.0,0.8957920227014937,0.9086033499249088,0.6525423452312565,7.211102550927978,0.6159999507200039,0.6936936311987719,0.9059015563250452,1.0,0.9818109331285665,0.8408877505674588
prelu,0,BraTS20_Training_206.npy,0.879384362239819,1.0,0.82089870360637,0.9468430365131575,0.8692057341285903,1.4142135623730951,0.912465372276149,0.8298622760667412,0.8682724869511926,1.0,0.9054160107821507,0.8340563976246269,0.29149797177465625,3.605551275463989,0.3385579831173046,0.2559241645515601,0.8262036206315876,1.7320508075688772,0.7424200428233357,0.9313030170134174
prelu,0,BraTS20_Training_211.npy,0.9197771843005664,1.0,0.8742064629299184,0.9703602180454688,0.9567096730374107,0.0,0.9528095747471514,0.9606418304801756,0.912385142768892,1.0,0.9334780991825231,0.8922243591716997,0.8739360987148808,1.4142135623730951,0.8322865380815765,0.9199737302561463,0.8827090882246287,1.0,0.8141206880979641,0.9639176487975137
prelu,0,BraTS20_Training_219.npy,0.8758248954082325,2.449489742783178,0.7874297988059434,0.9865756576814514,0.948802344629459,1.0,0.9190598087414197,0.9805343127517459,0.9164456725370912,1.0,0.8665677750465722,0.972415978937527,0.8764983159080819,1.4142135623730951,0.8881004354692953,0.8651954255979853,0.8022684775307427,5.0990195135927845,0.6998010501855427,0.9398907101562575
prelu,0,BraTS20_Training_226.npy,0.9221154186555447,1.0,0.933431952528662,0.9110699916016836,0.9498469995384216,1.0,0.9461665631440035,0.9535561801617085,0.9142536501041284,1.0,0.962773291076725,0.8703897431677188,0.5549622532176742,7.280109889280518,0.3877025979062226,0.9760362662693125,0.7263913822427308,32.01562118716424,0.7620303226471277,0.6939370548435224
prelu,0,BraTS20_Training_227.npy,0.8411222770931721,2.8284271247461903,0.7602744903852178,0.9412108869991782,0.8353096172304763,2.23606797749979,0.8290290931202532,0.8416860258186425,0.846389409417772,1.7320508075688772,0.8652797397186837,0.8283062628996399,0.4364176128826442,5.0990195135927845,0.3778920276101797,0.5163934365761893,0.804259549752134,3.1622776601683795,0.7176357416165806,0.9146663757963472
prelu,0,BraTS20_Training_229.npy,0.9644425368308995,0.0,0.9739151306945409,0.9551524345132486,0.9619499096695683,0.0,0.959708696961492,0.9642016144415222,0.9417547307378136,1.0,0.9737091743550247,0.9118309588147369,0.7493318053175527,7.483314773547883,0.6207496431745222,0.9450999254873588,0.9192083467711851,1.0,0.9384627172098851,0.9007281729716016
prelu,0,BraTS20_Training_250.npy,0.9011603649999245,1.0,0.941508996915872,0.8641279206790943,0.6948587969661713,2.23606797749979,0.7347626317465157,0.6590659322553133,0.7522313446050851,1.7320508075688772,0.6547545038696255,0.8838087211249633,0.023023791074261005,10.488088481701515,0.3191488682661982,0.011942675064150676,0.8865285504019572,1.0,0.92569994854797,0.8505376765491063
prelu,0,BraTS20_Training_254.npy,0.965750368888234,0.0,0.9399445538635263,0.9930131620033867,0.9538104448004788,0.0,0.9203159292114732,0.9898350808552927,0.9448283268639837,1.0,0.9116346550864248,0.9805305786987198,0.8351021334958906,4.898979485566356,0.8058583847529365,0.8665482523782733,0.9318120142511527,1.0,0.9132474188310589,0.9511470372250577
prelu,0,BraTS20_Training_267.npy,0.8602339916334105,1.7320508075688772,0.7709949990355107,0.9728350013435485,0.1690381530011442,22.20360331117452,0.09234667630225643,0.9971199321186589,0.8445652164732987,1.0,0.7492767584391963,0.9676214172661982,0.026418542820798672,24.186773244895647,0.013445520271141702,0.7517730407591839,0.38056180492632746,8.48528137423857,0.6463318774470167,0.2696729524879889
prelu,0,BraTS20_Training_268.npy,0.8291018446506558,2.23606797749979,0.7589200631239174,0.913586540330368,0.0,373.0,0.0,0.0,1.0,0.0,1.0,1.0,0.0,373.0,0.0,0.0,0.4266423789543253,5.0990195135927845,0.56343478656685,0.3432959467605812
prelu,0,BraTS20_Training_269.npy,0.8913224096090491,1.4142135623730951,0.9553842557359891,0.8353118376259702,0.6032110864954501,6.782329983125268,0.45177459346272364,0.9073622118086616,0.0,373.0,0.0,0.0,0.6046860098744429,6.782329983125268,0.4494962278115051,0.9235410372167471,0.5602956607746735,4.123105625617661,0.8470718073759593,0.4185840404886035
prelu,0,BraTS20_Training_282.npy,0.9611504565298915,0.0,0.9916941764086777,0.9324319845210555,0.76017892972422,4.242640687119285,0.660401300134506,0.8954726305027717,0.8560625809282513,1.4142135623730951,0.988557661866068,0.7548861798633179,0.158343483315555,10.63014581273465,0.08714596935286414,0.8652246112275439,0.922767717704576,1.0,0.9782518754167239,0.8732396098984095
prelu,0,BraTS20_Training_292.npy,0.9133924333807837,1.0,0.8621786547828902,0.9710746821620762,0.7427830799251494,5.385164807134504,0.6441137675520419,0.8771503741962278,0.6843948622591842,5.385164807134504,0.6914809942556199,0.6774524892720788,0.7283766111609872,5.830951894845301,0.6236653735706671,0.8753437725556087,0.5190408483804633,7.810249675906654,0.5824242160396601,0.46809911610878563
prelu,0,BraTS20_Training_293.npy,0.8432154630675185,1.7320508075688772,0.7495533477062789,0.9636277205477111,0.6732362959686571,11.661903789690601,0.5507851906188391,0.8656994488886643,0.8543466570049176,1.0,0.9150902339907614,0.8011653965035487,0.38839816847636743,17.578395831246947,0.26970595963427013,0.6936672996060438,0.7631405335704438,3.0,0.716088790790205,0.8168103447729165
prelu,0,BraTS20_Training_294.npy,0.938160716479238,1.0,0.8991959372590296,0.9806553700823293,0.7573413121383,3.605551275463989,0.7366334985069892,0.7792470530759258,0.0,373.0,0.0,0.0,0.7558991517977414,3.605551275463989,0.7262950744958854,0.7880191258569094,0.7560636069542116,3.1622776601683795,0.7163599706780851,0.8004265616716368
prelu,0,BraTS20_Training_299.npy,0.9643426963007287,0.0,0.9448834505334255,0.9846202958588766,0.928004478889595,1.0,0.9068341386766169,0.9501869034968069,0.3433274524201796,14.45683229480096,0.44309559266926263,0.2802303236062349,0.9293153008264623,1.0,0.9059108603987378,0.953961132293241,0.7006388802858362,2.0,0.693465823248821,0.7079618810293962
prelu,0,BraTS20_Training_303.npy,0.8568762060082766,2.0,0.8076877196851888,0.9124444141920077,0.676457999982777,7.0,0.6545050343688135,0.6999347376934856,0.3157894720705699,10.954451150103322,0.2333836840378876,0.48815165105605607,0.644924120877339,7.14142842854285,0.63302030779802,0.6572842112218242,0.5167596278795433,5.656854249492381,0.4591711503264692,0.5908649166777638
prelu,0,BraTS20_Training_305.npy,0.9360927551831427,1.0,0.9066602049693218,0.9675003342724354,0.8785461460669776,1.4142135623730951,0.9334306240270781,0.8297575091271133,0.0,373.0,0.0,0.0,0.8653339442615611,1.4142135623730951,0.8479456666973583,0.8834502922685014,0.7386945922169674,2.8284271247461903,0.6133589440458188,0.9284084156287216
prelu,0,BraTS20_Training_307.npy,0.9039348974612496,1.4142135623730951,0.8489447650436815,0.9665423785521052,0.878824773912755,1.4142135623730951,0.9347699165718624,0.829198014969143,0.002168609376296274,20.024984394500787,0.2499999218750244,0.0010890280409896161,0.9016194709053901,1.0,0.924022808987287,0.880276774515667,0.5313969606379928,7.3484692283495345,0.38275913545915435,0.8687677380146703
prelu,0,BraTS20_Training_311.npy,0.8596297699231911,1.4142135623730951,0.8223790519333908,0.9004152370823559,0.2714395516949165,13.065209224556963,0.1630606858007115,0.809430250101963,0.8706365413692347,1.0,0.785185170644719,0.9769585028350576,0.19402434502148735,13.30413469565007,0.11207386347716781,0.7218664160853941,0.7017644291260116,2.449489742783178,0.754605812445761,0.6558391926567414
prelu,0,BraTS20_Training_313.npy,0.953465560778259,0.0,0.9917501300338678,0.9180269310206298,0.8185379273667931,4.69041575982343,0.7472491985902443,0.90486328338187,0.5908858136667393,25.325874248862537,0.6029258035221964,0.5793172632598669,0.8169229033278532,4.69041575982343,0.7447583327391255,0.9045729734754933,0.8137008284485309,3.0,0.9454021343904322,0.7142067057799683
prelu,0,BraTS20_Training_323.npy,0.9182285410808304,1.0,0.8783912570640402,0.9618509342955444,0.8425420184636951,4.123105625617661,0.7854545453754264,0.9085782199309526,0.0006179514898533115,20.405877975287527,0.0004278990149167758,0.0011117287320081782,0.8656283589626462,3.0,0.8172323758927249,0.9201171106815851,0.76971146961251,3.1622776601683795,0.7511834153607574,0.7891766323284433
prelu,0,BraTS20_Training_324.npy,0.9364547509123111,1.0,0.9310178201380789,0.9419555554160065,0.012881047866748117,27.676705006196094,0.006482273168860775,0.9999999693251544,1.0,0.0,1.0,1.0,0.012881047866748117,27.676705006196094,0.006482273168860775,0.9999999693251544,0.3702451394324404,8.774964387392123,0.8759026769937215,0.23473367668521544
prelu,0,BraTS20_Training_329.npy,0.9010695186393571,1.0,0.8423380117858204,0.9686049080682797,0.1285273503486938,19.235384061671343,0.06869812143540888,0.9955682146389103,0.0,373.0,0.0,0.0,0.11138613859088568,19.28730152198591,0.05897771951529538,0.9999999962962962,0.36230793069088724,9.273618495495704,0.7379148624711912,0.24009624973294671
prelu,0,BraTS20_Training_352.npy,0.957172489397219,0.0,0.9427426890258398,0.9720508863938618,0.9080011980011978,1.0,0.8668287786198988,0.9532798474857954,0.8989720519603501,1.0,0.8379996992992967,0.9695132496630638,0.4129464239626515,12.479875970985683,0.592948698943952,0.31678081649347917,0.9433731149018633,1.0,0.9357063108505594,0.9511665940281162
prelu,0,BraTS20_Training_360.npy,0.8736386745362513,5.830951894845301,0.994274809059376,0.7791087989962369,0.9689178106703243,0.0,0.9720290853330451,0.9658263894515651,0.9523831200263596,0.0,0.9560826247701117,0.9487121347386377,0.9566579221813328,0.0,0.9575201810819656,0.9557972140855913,0.7192860558270286,12.165525060596439,0.9492009809833049,0.5790330078191781
prelu,0,BraTS20_Training_362.npy,0.9676609980178529,0.0,0.9642823317844766,0.9710634238772174,0.9405006723987591,1.0,0.904348696575051,0.9796634066090016,0.9047573517128437,1.0,0.846431035588328,0.9717169343469906,0.8823277500755786,1.0,0.8916189830785118,0.8732281606436411,0.9325136843320719,1.0,0.9490934943934697,0.9165031973678348
prelu,0,BraTS20_Training_366.npy,0.9585571606790347,0.0,0.9606997080813606,0.956424148236678,0.9317231766532669,1.0,0.9669467008904099,0.8989756716395803,0.9132599686542282,1.0,0.9458311657602434,0.8828573732846393,0.926477653489544,1.0,0.9691688975564045,0.8873887668383283,0.8941791528291186,1.0,0.854949566317103,0.9371819951690978
prelu,0,BraTS20_Training_002.npy,0.8795442139137867,1.4142135623730951,0.9618989342802288,0.8101792492130906,0.9434455294769347,1.0,0.9653065115759715,0.9225527767095256,0.8513235175441883,1.0,0.8520384778561025,0.8506097548008998,0.931449282485975,1.0,0.9679039290743408,0.8976409831956658,0.8374674427222658,1.7320508075688772,0.9339532524447914,0.7590506518435524
prelu,0,BraTS20_Training_010.npy,0.8029173816127828,3.0,0.7409560867987248,0.8761871636811612,0.8940517626047739,1.0,0.8445810682805532,0.9496784550648256,0.8802223850214844,1.0,0.831608217470094,0.9348732182444023,0.6714140318269173,4.123105625617661,0.6333973007025471,0.7142856988249849,0.7682473743135114,3.1622776601683795,0.7058080466832025,0.8428062515347713
prelu,0,BraTS20_Training_014.npy,0.8894350873853405,1.0,0.9701760553318712,0.821100624833025,0.8982661675076808,1.0,0.9241127888832257,0.8738260224159042,0.836025070651992,1.0,0.908900700684856,0.7739683147426357,0.5676156580263252,3.7416573867739413,0.5202217867794936,0.6245105708372349,0.828357893777954,1.7320508075688772,0.9297277826566333,0.7469198786612065
prelu,0,BraTS20_Training_015.npy,0.9465004409145154,1.0,0.9422924963529901,0.950746136362112,0.7093793201231975,5.0,0.5515076084451505,0.9938831675054713,0.8472792454477076,1.0,0.8138191503956685,0.8836087312946463,0.2711664865386378,12.206555615733702,0.15930835716506242,0.9104084261501422,0.9282888986580281,1.0,0.9574203140082315,0.9008778985606591
prelu,0,BraTS20_Training_030.npy,0.8465110968835972,2.0,0.8210873875495941,0.8735595252459453,0.8391330278788804,3.0,0.8015702155228945,0.8803894285390967,0.8038614765523586,1.4142135623730951,0.853146851759397,0.7599594368246279,0.23882063764707304,21.95449840010015,0.13901601751135,0.8466898659689943,0.8384902940571944,2.0,0.8143741387093049,0.8640783457260125
prelu,0,BraTS20_Training_031.npy,0.9224047281795084,1.0,0.936519818267699,0.9087088015683096,0.9123687321400006,1.0,0.893098971724696,0.9324883691957624,0.8759807992070568,1.0,0.8672546148477177,0.8848843710905985,0.782518042676409,2.8284271247461903,0.7371204098245651,0.8338745499335591,0.866128090956112,1.0,0.8963519352112118,0.8378759811523548
prelu,0,BraTS20_Training_038.npy,0.8934759764295909,1.0,0.881687810161976,0.9055836297099884,0.8210058957170855,2.23606797749979,0.8260667766582348,0.8160066477116147,0.7514228389732173,3.0,0.7613358221276351,0.7417646818068128,0.7356881847816379,4.123105625617661,0.7282021597914717,0.7433297226116671,0.7750623076426173,2.449489742783178,0.7556295279641794,0.7955209893561617
prelu,0,BraTS20_Training_046.npy,0.5198897674494988,14.866068747318506,0.3581806173688348,0.9477937957275421,0.6152064816086202,5.049509756796392,0.5243421018135388,0.7441643254513135,0.6347138174280418,5.0990195135927845,0.5025792151615386,0.8611111002384962,0.2533936594254828,7.211102550927978,0.34355826113139504,0.2007168386839843,0.5028114140248896,15.066519173319364,0.34282924578059004,0.9427465837931402
prelu,0,BraTS20_Training_047.npy,0.8993060154330558,1.4142135623730951,0.8443397647841168,0.9619271686691745,0.9435018420847628,1.0,0.9585836839381512,0.9288872282008707,0.8604946551455716,1.0,0.9420643101959113,0.791924976150067,0.8454434260107699,1.4142135623730951,0.7884609023678423,0.9113038822564568,0.77571152538536,2.449489742783178,0.6754408381356389,0.9109430347705231
prelu,0,BraTS20_Training_050.npy,0.9349620169513312,1.0,0.9462338125531616,0.923955605321866,0.9515988090359511,0.0,0.9337420704565298,0.9701518422966916,0.8388417749711254,1.0,0.9355120810599494,0.7602790205948199,0.8162644123643505,2.23606797749979,0.7045117073944854,0.9701545354212754,0.6874592998980501,17.291616465790582,0.8082688581493642,0.5980678629625691
prelu,0,BraTS20_Training_061.npy,0.892008842271763,1.4142135623730951,0.908502993576765,0.8761029237880062,0.9262836803698394,1.0,0.8831469046359829,0.9738508338345113,0.8088342834511962,1.0,0.8466013459176343,0.7742929140656778,0.8260906103840543,3.605551275463989,0.7144518745064672,0.9790794959572037,0.6531768033430613,8.0,0.7415941048337654,0.5835968789968408
prelu,0,BraTS20_Training_070.npy,0.8837103477677786,1.4142135623730951,0.8748224122674343,0.8927807343224038,0.794752655557694,2.8284271247461903,0.6859094256402228,0.9446547750108681,0.7264981946835747,1.4142135623730951,0.7896099813312328,0.6727284878834469,0.6064384013592199,6.0,0.4466574988037717,0.9442048003148867,0.6386598709641246,4.58257569495584,0.7597182592904251,0.5508792343706752
prelu,0,BraTS20_Training_072.npy,0.7730659116025231,4.123105625617661,0.9079998512604813,0.6730472622495458,0.9415233860021862,1.0,0.9095052366647299,0.9758781208031508,0.8838231563464984,1.0,0.8953272626108733,0.8726109331276641,0.7016401066060021,3.3166247903554,0.568788306865829,0.9154651678320456,0.5758737227364127,6.4031242374328485,0.8325403832276742,0.44017171254101944
tanhexp,0,BraTS20_Training_074.npy,0.8088219491377895,4.358898943540674,0.7267475539510254,0.9117943953581937,0.549298436115345,30.430248109405877,0.4236781691419749,0.7808071984549009,0.3706786169879831,37.4072163811185,0.2740365109709016,0.5726193831977686,0.49379458590159553,9.486832980505138,0.3993519320324414,0.6467426076452801,0.7651639697780329,8.602325267042627,0.7645024636856279,0.7658266214122494
tanhexp,0,BraTS20_Training_077.npy,0.9169404390220937,1.0,0.9649682161359487,0.8734668108092591,0.951350892415765,0.0,0.9589568183335128,0.9438646684532362,0.8898181812788981,1.0,0.9223520531192964,0.8595012283579192,0.8475342647343024,1.0,0.8027301905708506,0.8976354358047427,0.8824561830092318,1.0,0.9405788814849877,0.8310987646744343
tanhexp,0,BraTS20_Training_079.npy,0.815440288849666,2.0,0.6959505824352086,0.9844660175058912,0.875173754691168,1.0,0.8722637825650768,0.8781032053609394,0.5905986328031365,3.7416573867739413,0.999999993197279,0.4190421880871089,0.04422382651523544,9.0,0.022907900781169232,0.636363553719019,0.5010494170939718,3.3166247903554,0.3571817182884066,0.8389776304218682
tanhexp,0,BraTS20_Training_083.npy,0.9181931205382261,1.0,0.9775988703072893,0.8655935951260285,0.9480217218056528,1.0,0.9259329409680499,0.9711901440778957,0.8835284035943988,1.0,0.8636807578293837,0.9043097137994015,0.8411978208693318,1.0,0.8201120589203419,0.8633964580459594,0.8985251906168268,1.0,0.9698885876210576,0.8369437377482913
tanhexp,0,BraTS20_Training_089.npy,0.8876880989765724,1.4142135623730951,0.9126586195517905,0.8640475858455329,0.6637323271476444,18.788294228055936,0.9318887100417931,0.5154178502262612,0.9471078097718016,1.0,0.9058715887703183,0.9922773088532233,0.01109930333504587,85.01176389182852,0.8623852419830053,0.005585596288795771,0.7907853461688861,4.123105625617661,0.7627770239020554,0.8209289419853261
tanhexp,0,BraTS20_Training_096.npy,0.9689967234021132,0.0,0.9791796098102556,0.9590234489523562,0.9447913189799038,1.0,0.9792194958079303,0.9127018230361895,0.8995557527988547,1.0,0.9595772907972812,0.8466008860077762,0.897840762764135,1.0,0.8686170777624775,0.9290993060864904,0.9080789435030414,1.0,0.897552486556205,0.9188552379406771
tanhexp,0,BraTS20_Training_099.npy,0.7594112278498039,2.23606797749979,0.7759882859363926,0.7435276103258162,0.8352339723349037,5.656854249492381,0.8578352111644975,0.8137930972123134,0.8382004702517739,5.656854249492381,0.8578352111644975,0.8194444381215708,0.0,373.0,0.0,0.0,0.7314027002330789,2.23606797749979,0.7466135446269108,0.7167992645091811
tanhexp,0,BraTS20_Training_104.npy,0.9669191941127686,0.0,0.9858377440276406,0.9487130786570946,0.9551460068202351,0.0,0.9895551795167212,0.923049397224663,0.9457606870295285,1.0,0.9628492830569424,0.9292680879386109,0.9127226251416716,1.0,0.9704129039316153,0.8615067317061613,0.9443056324223829,1.0,0.9546679288382366,0.9341658723459105
tanhexp,0,BraTS20_Training_107.npy,0.937606584508392,1.0,0.9694558593543015,0.9077834176879581,0.961103889130535,0.0,0.9483030772017531,0.9742550162434067,0.95763122424892,0.0,0.9321874007628264,0.9845029876195451,0.7876664275566473,1.4142135623730951,0.9445377992514656,0.67548076111201,0.9086377105633573,1.0,0.9575180968117816,0.8645055270150487
tanhexp,0,BraTS20_Training_113.npy,0.9539657746010061,0.0,0.9975199646055203,0.9140558349576343,0.570261606571057,5.830951894845301,0.8362395741679461,0.4326508194613236,0.7315132079899268,13.405211953576972,0.7784050793262642,0.6899499568599876,0.33317144212416566,7.0710678118654755,0.7316552869809927,0.2156961385791773,0.9285273084908892,1.0,0.949084745682281,0.9088415499363893
tanhexp,0,BraTS20_Training_116.npy,0.9720068489091144,0.0,0.9760210200518625,0.9680255613125126,0.9722028520485932,0.0,0.9571397800567683,0.9877476173178819,0.9322116317515532,1.0,0.928779069317452,0.9356696598322581,0.9452341525991959,1.0,0.9166262718634112,0.9756852621891743,0.9465788652444495,1.0,0.9641801113365124,0.9296087245901447
tanhexp,0,BraTS20_Training_119.npy,0.7182853115440565,17.549928774784245,0.6100211001763547,0.8732699152999098,0.9406284754305976,1.0,0.9090298294691886,0.9745030236610444,0.8884739844554718,1.0,0.8552600027432063,0.9243719219777986,0.9105511796684234,1.0,0.8843683056458601,0.9383317074380665,0.5997977242478387,18.81488772222678,0.4878861418749183,0.7783319110320022
tanhexp,0,BraTS20_Training_120.npy,0.9758782785313955,0.0,0.9965866441538932,0.9560130043718517,0.9669345578868221,0.0,0.9634685782177644,0.9704255644164953,0.9027170516076626,1.0,0.8874731343324772,0.9184938031360588,0.9406015491193715,1.0,0.944660547941208,0.9365772820317633,0.941651857143904,1.0,0.9788435602131316,0.907182938936922
tanhexp,0,BraTS20_Training_129.npy,0.9016652932801005,1.0,0.9878605024497884,0.8293047742751974,0.644696800530916,4.123105625617661,0.65952923210398,0.6305168399673101,0.6531187116165807,6.164414002968976,0.5998891136575696,0.7167145049310787,0.41551089607837277,6.164414002968976,0.6252129418636035,0.31114879054197203,0.8607594935616013,1.0,0.954631219985178,0.7836963053628112
tanhexp,0,BraTS20_Training_130.npy,0.8678691936209885,2.0,0.9853209694438687,0.7754360259801474,0.9627294733909345,0.0,0.9760200427828305,0.949795999444423,0.8913464446457872,1.0,0.9356518974319035,0.8510472336122931,0.9228644925242369,1.0,0.8972378532137122,0.9499980525137279,0.7501484560013252,3.0,0.9524976435527808,0.6187094403552456
tanhexp,0,BraTS20_Training_131.npy,0.8965221917331506,1.4142135623730951,0.9825526822522218,0.824344146993755,0.8470966201528459,1.0,0.7647437955046259,0.9493265756109794,0.8756331639058696,1.0,0.8008045827126605,0.9658873680842709,0.23725055300858897,6.782329983125268,0.19349005250008994,0.30659025348724567,0.8544725778810761,1.4142135623730951,0.9705947672521221,0.7631670856448786
tanhexp,0,BraTS20_Training_137.npy,0.9366358635644236,1.0,0.9635850636434092,0.9111530627502024,0.9266451552333551,1.0,0.9836168194123487,0.8759118273379556,0.8508645173089261,1.4142135623730951,0.9722989321075305,0.7563952070261134,0.8061216520116286,2.449489742783178,0.7450206866424417,0.878140061878004,0.8884433803093988,1.0,0.8982113346069591,0.8788855913633445
tanhexp,0,BraTS20_Training_146.npy,0.9195755216338397,1.0,0.8913372412554399,0.9496615633261096,0.9414181999389041,1.0,0.929436513620004,0.9537128404608015,0.8763629725634465,1.0,0.8406564547743298,0.9152372780087492,0.8355819799517119,3.0,0.8762589919652192,0.7985139853159843,0.8599070116266764,1.4142135623730951,0.8257666865866256,0.8969920636047891
tanhexp,0,BraTS20_Training_147.npy,0.7522555973490967,4.69041575982343,0.632851490364373,0.9271954464615939,0.4597903911528701,11.045361017187261,0.33816167038003514,0.7180592465424064,0.17904515405137258,17.74823934929885,0.098439802765442,0.9882653010802791,0.4702875569734538,11.532562594670797,0.38336351133677354,0.6081885510458266,0.6357151142097992,6.557438524302,0.5945674725600999,0.6829815405120365
tanhexp,0,BraTS20_Training_150.npy,0.9574785262684785,0.0,0.9485740310947895,0.9665517829062241,0.9670537766451803,0.0,0.9597652652347796,0.974453833682298,0.9644914234060709,0.0,0.981092391676984,0.9484429135566208,0.7085438668941848,9.695359714832659,0.5559560271112705,0.9765748623723493,0.9346470817140441,1.0,0.9250705036203842,0.9444240124261115
tanhexp,0,BraTS20_Training_151.npy,0.9597020926603715,0.0,0.9841091135248863,0.9364764165754671,0.9649233815726317,0.0,0.9605630715231485,0.9693234577033452,0.9338100583692143,1.0,0.9769684975493961,0.8943034210899896,0.8795783669270656,1.4142135623730951,0.8112290399521811,0.9605047779922358,0.9333476501043614,1.0,0.9751653281795978,0.8949690032411053
tanhexp,0,BraTS20_Training_152.npy,0.9739515800504646,0.0,0.973125259187287,0.9747793053800491,0.9714510185933123,0.0,0.9752094300140239,0.967721465232312,0.9526134403994171,0.0,0.9618829743002053,0.943520859373097,0.9391679621301787,1.0,0.9320400573584178,0.9464057297605489,0.957618851447115,0.0,0.9552787508502172,0.9599704449930481
tanhexp,0,BraTS20_Training_156.npy,0.9502470235299973,0.0,0.9684440775098271,0.9327212019291898,0.9318489896431973,1.0,0.9173479035584011,0.9468158942940273,0.9362534643160239,1.0,0.9382760870894358,0.9342395427011896,0.8479966738949236,3.7416573867739413,0.8141495780002247,0.8847801329042021,0.9332010883496226,1.0,0.9720247398936961,0.8973596364609392
tanhexp,0,BraTS20_Training_164.npy,0.814320092200577,3.605551275463989,0.7053114873071852,0.9631838655285108,0.9576211077950899,0.0,0.9684916519971142,0.9469918811574827,0.9305530121623153,1.0,0.9547674962529902,0.9075363869748333,0.9279194204721752,1.0,0.894485321327099,0.9639499706008747,0.576250402625378,7.483314773547883,0.42721109392492895,0.8849947330316975
tanhexp,0,BraTS20_Training_167.npy,0.9312401883233755,1.0,0.8996892370959539,0.9650844665101619,0.8886313221381205,1.0,0.8471708893704817,0.9343587153578926,0.8336739465605412,1.4142135623730951,0.9799143314540899,0.725414577398374,0.0812473482379642,15.545088114658625,0.0427026423874427,0.8344226397729273,0.8604089639269968,1.4142135623730951,0.8365490424700042,0.8856699027406466
tanhexp,0,BraTS20_Training_168.npy,0.9547744423627443,0.0,0.9370054376547376,0.9732304030842658,0.9313785261077381,1.0,0.9518647821748509,0.9117555110495783,0.8773275833760933,1.0,0.9197684146778903,0.8386306863993219,0.8939869406697228,1.0,0.8489616107618696,0.9440556557944774,0.7678618276379687,2.23606797749979,0.6915004625442498,0.8631816950863422
tanhexp,0,BraTS20_Training_175.npy,0.9583086388327825,0.0,0.9657183872126522,0.9510117313926335,0.9211158469106758,1.0,0.9745427373687627,0.873242491312816,0.8881138931117508,1.0,0.960498170972864,0.8258749781444938,0.7341067282949597,2.8284271247461903,0.69156310454533,0.7822278725844262,0.8451009714240403,1.4142135623730951,0.807597063195305,0.8862577964005869
tanhexp,0,BraTS20_Training_182.npy,0.8171013947981588,47.70744176750625,0.9279236613719309,0.7299260554806523,0.8502643906752657,57.62811813689564,0.8766066830275626,0.8254590978084648,0.8966430581582063,1.0,0.8524195304878263,0.9457063027502657,0.5436036638215073,65.00769185258002,0.7461574254953077,0.4275420324858766,0.7754090914279449,47.51841748206689,0.9101512015668936,0.6754177753781155
tanhexp,0,BraTS20_Training_183.npy,0.9722522415244863,0.0,0.9576215178726762,0.9873369633442877,0.9732993747651494,0.0,0.9768548640150109,0.9697696735254374,0.9512610141273412,0.0,0.9415765531793733,0.9611467616546251,0.8079959251285995,3.1054804791093877,0.8834748699937702,0.7443988261062771,0.9592344162660651,0.0,0.936565635799665,0.9830277734603613
tanhexp,0,BraTS20_Training_188.npy,0.7683160489772641,6.708203932499369,0.6843136353544984,0.8758276198088486,0.8831168826071476,1.0,0.8845975937967188,0.8816411191867684,0.8399338741896544,1.0,0.8432674255400961,0.836626573830718,0.8270808885490009,2.0,0.8208260568887373,0.833431772986227,0.737901516147675,7.546508452184413,0.6447282540449243,0.8625539846452802
tanhexp,0,BraTS20_Training_193.npy,0.7598161260289991,39.102429592034305,0.9908203364092764,0.6161615197071185,0.779391622563094,51.507281038703645,0.936233500476625,0.6675592199435889,0.6244046484053463,54.26785420486054,0.6573625269405441,0.5945937772217235,0.687006536633353,53.87021440462252,0.9530471200196662,0.5370816219286499,0.6846971776147155,32.72918843953007,0.9423514339012324,0.5376852562793084
tanhexp,0,BraTS20_Training_198.npy,0.9607471941120431,0.0,0.9389720110502693,0.9835563069439691,0.9041275511284133,1.0,0.8688593445946055,0.9423800655741432,0.8640305290067123,1.0,0.9302846068511876,0.8065861497359786,0.7463279466549795,5.0,0.6130851661376662,0.9535685187332738,0.883936989228086,1.0,0.8793598685191863,0.8885620074459372
tanhexp,0,BraTS20_Training_200.npy,0.9158515949696823,1.0,0.9907585157840174,0.8514752712942725,0.9107665608687341,1.0,0.9005145778290854,0.9212546590891542,0.9023141957028102,1.0,0.8933685814202058,0.9114407711588205,0.7063829486645554,5.796017787506502,0.6639999468800042,0.7545453859504194,0.8990547427168385,1.0,0.9823092637209574,0.8288098890346648
tanhexp,0,BraTS20_Training_206.npy,0.8798275300477937,1.4142135623730951,0.8090467254395265,0.964180468974606,0.8878320164323116,1.0,0.9135734055150999,0.8635014821722788,0.9096486878677401,1.0,0.9018838286854713,0.9175484110250581,0.3233878698422727,3.605551275463989,0.5266457515158072,0.23333333009259263,0.8255297865770052,2.23606797749979,0.7319993344426587,0.946463125531095
tanhexp,0,BraTS20_Training_211.npy,0.9357503930059101,1.0,0.9315780938984549,0.9399602334465972,0.9568830000710784,0.0,0.9727358702759887,0.9415385583694124,0.9093279784834986,1.0,0.9234150728650945,0.8956642346164265,0.8764325897576859,1.0,0.8924630785159879,0.8609678204691985,0.9002374075394665,1.0,0.8845019789796222,0.9165428479823076
tanhexp,0,BraTS20_Training_219.npy,0.8981881352585805,1.4142135623730951,0.832966691576779,0.97449095436008,0.9523223621247137,0.0,0.936653478735558,0.9685244003424177,0.9113498989212186,1.0,0.8626827711643126,0.9658362981685755,0.8673436382722052,1.4142135623730951,0.9149836232055355,0.824419032553278,0.8364697733415979,2.8284271247461903,0.7576398471568763,0.9336086752802507
tanhexp,0,BraTS20_Training_226.npy,0.9161007666404641,1.4142135623730951,0.9609927039465455,0.875215821577563,0.9467523802790999,1.0,0.9678239303641611,0.9265788222288345,0.9107863893523553,1.0,0.9691008467182635,0.8590916033657612,0.6002719777615615,6.4031242374328485,0.48263442181292204,0.7937380985958576,0.7065286555155201,29.223278392404914,0.784207552130988,0.642851628592384
tanhexp,0,BraTS20_Training_227.npy,0.8363787980573952,4.58257569495584,0.7584218683582702,0.932197876029417,0.7644469950588911,2.23606797749979,0.6529911725188114,0.921781262293998,0.7840882952585787,1.7320508075688772,0.6887497461346198,0.9100613800105114,0.27708095623100937,6.164414002968976,0.20822621929540516,0.41396932855248164,0.7977726564582697,5.916079783099616,0.7289012396902733,0.8810169752006259
tanhexp,0,BraTS20_Training_229.npy,0.9616057102935984,0.0,0.979129437364424,0.944698207523939,0.9621146602089392,0.0,0.9622757328713759,0.9619536411921693,0.9408329641026798,1.0,0.971608618724892,0.9119470852825557,0.7485783529891131,7.211102550927978,0.6349833929543202,0.9116712059226358,0.9112139726086262,1.0,0.9428819575081405,0.8816040888311827
tanhexp,0,BraTS20_Training_250.npy,0.8926477849098764,1.0,0.960374865356221,0.833843861148174,0.6280169188504393,4.242640687119285,0.7730474708329327,0.5288078765371719,0.7813110662971913,1.4142135623730951,0.6833436896104919,0.912069676847492,0.010792860063126358,19.313207915827967,0.27659568583070515,0.005503810306927136,0.870671255477918,1.4142135623730951,0.9304470546657856,0.8181123087467896
tanhexp,0,BraTS20_Training_254.npy,0.9772179363221493,0.0,0.9748221382828537,0.9796255395049963,0.9614059477029886,0.0,0.9499081772922184,0.9731854683023807,0.9461908607928953,1.0,0.9305996958458961,0.9623133526894488,0.8273770842390205,4.0,0.8413170346423114,0.8138915512795446,0.9530378102178518,0.0,0.9580381536113012,0.9480893928471168
tanhexp,0,BraTS20_Training_267.npy,0.8767654507622193,1.4142135623730951,0.8127528617914557,0.951723387913493,0.2275402647394316,20.493901531919196,0.1285270638198931,0.9908930655245402,0.8546227408558739,1.0,0.7755062665853303,0.9517159740787788,0.09185125787474165,21.95449840010015,0.04843347003331075,0.8869531518120279,0.42783114408571643,7.681145747868608,0.7517030564403043,0.29900470717913447
tanhexp,0,BraTS20_Training_268.npy,0.8286196342964854,2.14164078649953,0.7669666486146286,0.9010510598289377,0.2029655303264341,12.68857754044952,0.11298102678424159,0.9971617691848461,1.0,0.0,1.0,1.0,0.2029655303264341,12.68857754044952,0.11298102678424159,0.9971617691848461,0.4525078304305789,4.58257569495584,0.5817383112836123,0.37025695621737653
tanhexp,0,BraTS20_Training_269.npy,0.8841027285279077,1.4142135623730951,0.9654578366720806,0.815392961748072,0.7268163368928574,5.385164807134504,0.784314717845013,0.6771725823233202,0.0,373.0,0.0,0.0,0.7277605194559539,5.385164807134504,0.7828464377586722,0.6799173296337376,0.4660574411083994,7.0710678118654755,0.5171414771903556,0.4241584156016077
tanhexp,0,BraTS20_Training_282.npy,0.9457909839433807,1.0,0.9931744221762931,0.9027229043350002,0.7581662121148085,4.242640687119285,0.7390752631143824,0.7782695834489147,0.7881032006760015,3.1622776601683795,0.9933754878148517,0.653137991830194,0.2645745627445152,8.774964387392123,0.1737891734979233,0.5539529884938409,0.9008483149855471,1.0,0.9577725064875092,0.8503109847629278
tanhexp,0,BraTS20_Training_292.npy,0.9330070316031925,1.0,0.8984159957285879,0.9703683965599899,0.8378412897204993,2.8284271247461903,0.7921194893473555,0.8891646159049996,0.6096507458846715,6.6332495807108,0.6474442971233438,0.5760261180596407,0.8371690861617027,3.0,0.7840404685120085,0.8980213436316535,0.6159498129557964,4.58257569495584,0.6181277216945679,0.6137871973394189
tanhexp,0,BraTS20_Training_293.npy,0.9065523998183216,1.0,0.8817140388464202,0.9328307460228273,0.6152681810184633,9.539392014169456,0.7107740936923487,0.5423881037110111,0.8663846143815691,1.4142135623730951,0.9461922434541936,0.7989926936148474,0.4327884077320619,11.180339887498949,0.5133250715994686,0.37409573154525255,0.6367006873346975,6.4031242374328485,0.5380963836725033,0.7795506515144427
tanhexp,0,BraTS20_Training_294.npy,0.9343412956799798,1.0,0.9071035607391205,0.963265410813237,0.7311360262249811,3.1622776601683795,0.6895423928907279,0.7780696813729687,0.0,373.0,0.0,0.0,0.7304401607005993,3.1622776601683795,0.6874081873978191,0.7792195548638873,0.7704111956805089,4.242640687119285,0.7644876247663347,0.7764272798848968
tanhexp,0,BraTS20_Training_299.npy,0.9686335625820153,0.0,0.974437526380217,0.9628983286918791,0.9301402798351087,1.0,0.9458147167701041,0.9149768999906303,0.19958419875432765,16.30950643030009,0.36418815835829804,0.13745704388627122,0.9355087942021822,1.0,0.9455539349144373,0.9256748399692316,0.6844674257952464,3.605551275463989,0.660515335027954,0.7102220163227465
tanhexp,0,BraTS20_Training_303.npy,0.8402065975598115,2.8284271247461903,0.7834436688783193,0.9058373268607257,0.6798232042696523,6.252491727520558,0.6704590032385428,0.6894526869472174,0.3317756989966373,9.741529380167664,0.2145015089539161,0.7319587440216819,0.6467453717105183,6.4031242374328485,0.6512929635697401,0.6422608454713468,0.5192341062536969,5.385164807134504,0.4236760120611007,0.670451149282266
tanhexp,0,BraTS20_Training_305.npy,0.9390024966416303,1.0,0.939614475067921,0.9383913147910585,0.8411468781308512,2.23606797749979,0.956092837764356,0.7508733647688616,0.0,373.0,0.0,0.0,0.8387011036207566,2.0,0.8855944093952635,0.7965241754323925,0.6935352778639021,5.0,0.5551562466581662,0.9238039589896192
tanhexp,0,BraTS20_Training_307.npy,0.908374661429131,1.0,0.8737575022922344,0.9458479522903945,0.8690442841902171,1.7320508075688772,0.9385595243417484,0.8091163658251477,0.001875669879587795,19.313207915827967,0.21874993164064635,0.0009418729804334325,0.8936265731597961,1.0,0.9300224054739658,0.8599721141294556,0.5933513960839115,7.0,0.4475383523482628,0.8800968910778812
tanhexp,0,BraTS20_Training_311.npy,0.880919364750586,1.4142135623730951,0.8380107506387855,0.9284592053314118,0.49644914880312935,5.477225575051661,0.48878627903854055,0.5043561114833159,0.8092612920698865,1.0,0.679629617043896,0.9999999727520444,0.4740709034352872,5.656854249492381,0.4720170447840667,0.4761427131736027,0.6693167467920037,3.0,0.6292925292928406,0.7147780049369336
tanhexp,0,BraTS20_Training_313.npy,0.9450381170882008,1.0,0.9958779884001405,0.8991369070710726,0.8670400688859952,2.23606797749979,0.9025618331217334,0.8342084608255078,0.5698711567399843,27.33678528183916,0.6008359393852044,0.5419415594538968,0.8663873018321611,2.23606797749979,0.9017482304879622,0.833694995544429,0.8028091183251084,2.23606797749979,0.8558469931874667,0.7559612819023601
tanhexp,0,BraTS20_Training_323.npy,0.9323266625292302,1.0,0.9145394302815194,0.9508195202819326,0.8612932889169397,3.0,0.9293074791307673,0.8025558048608525,0.0005988920488113609,19.261360284258224,0.0004278990149167758,0.0009975062294388718,0.8558516019823729,2.8284271247461903,0.9388484264501592,0.7863371963641699,0.7896367195263949,2.8284271247461903,0.7132183311078031,0.8843960959669396
tanhexp,0,BraTS20_Training_324.npy,0.9267601327705847,1.0,0.9766447511492181,0.8817238415120994,0.4171330242582769,11.045361017187261,0.2675230159934137,0.9463984236449082,0.0,373.0,0.0,0.0,0.41717600578279973,11.575836902790225,0.266687876505401,0.9574528833827435,0.4345910286368557,7.0,0.9587823569832339,0.28097478385111674
tanhexp,0,BraTS20_Training_329.npy,0.9100601167940421,1.0,0.8671249117369857,0.9574686409147658,0.5277461010058068,9.273618495495704,0.3588685014506622,0.9968448510425066,0.0,373.0,0.0,0.0,0.5202022648960076,9.899494936611665,0.35168195710972433,0.9988212662083124,0.4659632282058857,8.06225774829855,0.7938912934139662,0.3297537584711668
tanhexp,0,BraTS20_Training_352.npy,0.9635420820418106,0.0,0.9676592332841075,0.9594598170370819,0.8808363347595985,1.4142135623730951,0.8918609628209685,0.8700809365474729,0.8910574300983384,1.0,0.83395717796982,0.9565516040588158,0.21510573888153633,13.74772708486752,0.5705128022271538,0.13253909059911326,0.9372839989947612,1.0,0.9395153342945047,0.9350632370551119
tanhexp,0,BraTS20_Training_360.npy,0.8020841833492972,14.798648586948742,0.9977363162865706,0.6705851048856136,0.9601225665451858,0.0,0.9812111881922029,0.9399213637697994,0.9380882847424364,1.0,0.9541860888049113,0.922524631970458,0.94146948905941,1.0,0.9776628254740475,0.9078602613479911,0.6049322681019697,22.875749161796485,0.933244420935663,0.44750245523976173
tanhexp,0,BraTS20_Training_362.npy,0.9641396519238478,0.0,0.9831356033246959,0.9458638577501268,0.9468332910277126,1.0,0.966575442885129,0.9278814576006597,0.8891025199630429,1.0,0.8272636661230126,0.9609333251318252,0.8220284236066641,2.23606797749979,0.9789873534745457,0.7084449700029768,0.925363315545055,1.0,0.9429485550817176,0.9084219692448484
tanhexp,0,BraTS20_Training_366.npy,0.953777794334009,0.0,0.9846064136114261,0.9248210891905867,0.9487538314844882,1.0,0.9803746033739329,0.9191091020535125,0.9272117396531607,1.0,0.9583116649693953,0.8980669258462745,0.9428756881809872,1.0,0.973525465906416,0.9140969134232318,0.8906107956839051,1.0,0.9182361859160616,0.8645990915577416
tanhexp,0,BraTS20_Training_002.npy,0.8614687742917299,1.7320508075688772,0.97353968286817,0.772536712367061,0.9446734646670572,1.0,0.9700808447577307,0.9205630053639223,0.8513176766206164,1.0,0.8607420967159229,0.8420973993993167,0.9363827545024276,1.0,0.97216157099109,0.903144015311213,0.8167607795728619,2.0,0.9488274166230329,0.716966679327554
tanhexp,0,BraTS20_Training_010.npy,0.7902816389713185,5.0,0.73957602752436,0.8484518152953744,0.8934550982546003,1.0,0.8392908195034446,0.9550927416936337,0.8759208667528178,1.0,0.8173953332034678,0.9434736074474437,0.6496694933931115,4.0,0.6602687013384126,0.6394051925761117,0.7527518320516235,5.830951894845301,0.7039535569371479,0.8088194420502055
tanhexp,0,BraTS20_Training_014.npy,0.8867373492376768,1.0,0.9798829644398268,0.8097629819424512,0.8925073498438656,1.0,0.9542444755024758,0.8382732587698856,0.8445358460861832,1.0,0.9172698479318764,0.7824891457875113,0.5707693111485819,3.3166247903554,0.5916503581304084,0.5513119232587257,0.8223431632432736,2.0,0.9237564450781475,0.7409941759437686
tanhexp,0,BraTS20_Training_015.npy,0.9466393953617798,1.0,0.956779234800356,0.9367122237900217,0.7050280957801109,5.0,0.5465293881617189,0.9930105858844582,0.8441314549036787,1.0,0.7989335694302004,0.8947499366823216,0.28497009426493336,11.74734012447073,0.1702593657979719,0.8734476589388075,0.923941342076938,1.0,0.9695846110055213,0.8824021920398503
tanhexp,0,BraTS20_Training_030.npy,0.8575778159559492,1.4142135623730951,0.8959723773245178,0.8223386365816343,0.8438750995170302,2.23606797749979,0.8008104333280861,0.891834718809992,0.8217102204873123,1.0,0.8642055604745397,0.7831982302384698,0.2463485869213798,21.9396873696849,0.1447368412772492,0.8267973586013936,0.8489238517616158,1.4142135623730951,0.8939546378147947,0.8082121352136863
tanhexp,0,BraTS20_Training_031.npy,0.9179278474165267,1.0,0.9396735794650051,0.8971658210334775,0.9120084826522915,1.0,0.9052731288266943,0.9188448112959031,0.876661226188701,1.0,0.8590751229852517,0.8949823855588963,0.7586710472736977,3.1622776601683795,0.7848617604096363,0.7341718474644264,0.8590190102253829,1.0,0.8937286502550194,0.8269046079332789
tanhexp,0,BraTS20_Training_038.npy,0.8973848574587009,1.0,0.9026365139655117,0.892193957007099,0.8142623826310161,2.8284271247461903,0.8171322481892691,0.8114126049051121,0.742297092736931,3.605551275463989,0.7430823477522994,0.7415134953048876,0.7548738528503087,3.7416573867739413,0.761863425191104,0.7480113629280195,0.7877036722168289,2.23606797749979,0.7934385957253968,0.7820510569730588
tanhexp,0,BraTS20_Training_046.npy,0.3437562951084996,19.72308292331602,0.2112982223842116,0.9212957397464958,0.46892039087996945,6.5953440525064,0.42434210247143356,0.523964252445457,0.519161979973623,3.0,0.37435519252501703,0.8466666525555558,0.16372795763566805,13.989240125116174,0.39877298167036923,0.10301109186987177,0.305204407693268,20.0,0.1837344207157158,0.9006193681016057
tanhexp,0,BraTS20_Training_047.npy,0.8970867650210427,1.4142135623730951,0.8344739221559788,0.9698578297839103,0.9434921768880492,1.0,0.932927416872903,0.9542989546844312,0.8684282046099308,1.0,0.8986594166123998,0.8401647723158243,0.8596398676127804,2.0,0.8081666388466965,0.918115914465644,0.7831357431422782,2.8284271247461903,0.6879206064275888,0.9089425402088013
tanhexp,0,BraTS20_Training_050.npy,0.9407721876389284,1.0,0.9579831931549663,0.9241686891317692,0.9592592875968073,0.0,0.9488724313368634,0.9698760604697169,0.8566220959353668,1.0,0.928580682474386,0.7950140038282315,0.8569356413999092,1.4142135623730951,0.7760137062318635,0.9566992885458356,0.7233750169288942,12.529964086141668,0.8484848478010277,0.6304191612991502
tanhexp,0,BraTS20_Training_061.npy,0.9120985896641548,1.0,0.9218203588398466,0.902579736912486,0.9264273996237739,1.0,0.9056674117034546,0.9481614482409545,0.7974701134296149,1.0,0.8782914867141894,0.730269856504239,0.8186966437167639,2.8284271247461903,0.7041291062748923,0.977791235659618,0.7104406605467948,3.0,0.760214332538226,0.6667841608896908
tanhexp,0,BraTS20_Training_070.npy,0.884281224360935,1.4142135623730951,0.8896358153626882,0.8789907046101322,0.8342812253206157,1.7320508075688772,0.7524513969414353,0.9360809473501337,0.738973192372032,1.4142135623730951,0.7776818639428064,0.7039352175707236,0.7060740175660283,4.0,0.5767644055463939,0.9101217969269763,0.6587786985502946,4.47213595499958,0.7706847357477333,0.5752503907845306
tanhexp,0,BraTS20_Training_072.npy,0.7721493952294861,3.7416573867739413,0.942939595369903,0.6537404684469894,0.9460999172135843,1.0,0.9151803319787939,0.9791818072959366,0.8937773731736282,1.0,0.8970684780358322,0.8905103281600094,0.742167065088671,3.0,0.6287600182661386,0.9054861476025446,0.5726249287825178,6.164414002968976,0.8882937805508977,0.42248750011212755
relu,1,BraTS20_Training_080.npy,0.8791110020455787,1.0,0.8425655213421307,0.9189704749255557,0.8429175997794784,1.7320508075688772,0.8016098477257483,0.8887139098281219,0.8181818175650672,1.7320508075688772,0.8114533480689992,0.8250228020294577,0.6927701998932833,4.123105625617661,0.6100206595815582,0.8014930410536374,0.831102612973587,1.4142135623730951,0.7989044252562691,0.8660051563145538
relu,1,BraTS20_Training_081.npy,0.9197700345979749,1.0,0.9614677150318827,0.8815387744230935,0.9069576630273061,1.0,0.937839365985385,0.8780449052753416,0.7980945817274481,1.4142135623730951,0.8228402357126151,0.7747938480334368,0.9051201667162382,1.0,0.9384615374447871,0.8740665985125463,0.8113355356751472,1.4142135623730951,0.8598036378430526,0.7680402393963757
relu,1,BraTS20_Training_084.npy,0.9270984363113104,1.0,0.9177456991682164,0.936643763238915,0.9153510682696574,1.0,0.9503305256948608,0.8828552196168692,0.822936914406863,1.0,0.9787040273354087,0.7099446106458943,0.5770199894364019,5.196152422706632,0.43976443420846956,0.8388278367794192,0.8637245294119609,1.0,0.8200250594904412,0.9123436968095878
relu,1,BraTS20_Training_090.npy,0.9137410280741546,1.0,0.8776006734840136,0.9529858073525774,0.9681205620035451,0.0,0.9530217293742467,0.9837055209895924,0.9259363291545242,1.0,0.9019518415706386,0.9512312418706895,0.9830390097859728,0.0,0.9787424247752633,0.9873734833276145,0.7602101502972789,2.8284271247461903,0.6954116787310377,0.8383253160927795
relu,1,BraTS20_Training_091.npy,0.9063579919088903,2.23606797749979,0.848276833826645,0.9729773412218323,0.947027026864517,1.0,0.9327339099064582,0.9617650130836273,0.921907756612092,1.0,0.8625367763719611,0.9900562847138573,0.7668028512642772,3.3166247903554,0.936228480171697,0.6493013150870963,0.8715657441795368,3.605551275463989,0.8051388097514199,0.9499392513656134
relu,1,BraTS20_Training_092.npy,0.9326049481664678,1.0,0.9578671865342866,0.9086409734833848,0.9394141520423938,1.0,0.9685066900628218,0.9120184390490574,0.9388856158043338,1.0,0.9267590974423043,0.951333689103857,0.8296104543319234,3.5348264453008715,0.9716381408590337,0.7238088294304176,0.810496363954949,1.7320508075688772,0.8237789197790624,0.7976353448676818
relu,1,BraTS20_Training_093.npy,0.9691886393360359,0.0,0.9529690528210394,0.9859699020455107,0.9698779703002764,0.0,0.9561831188006765,0.983970808306519,0.9648118177175791,0.0,0.9556907390539312,0.9741086761179317,0.8993040754869308,1.0,0.8725368597594918,0.9277655664062043,0.9515355196854378,0.0,0.9344187668339197,0.9692910657669692
relu,1,BraTS20_Training_098.npy,0.9796134570795816,0.0,0.9921686662352349,0.9673720321342772,0.9433345047252785,1.0,0.9369008938761911,0.9498570842657255,0.917636526214427,1.0,0.9761019404244051,0.8657791002872741,0.7531037537861721,3.4641016151377544,0.6708577442756516,0.858334034483,0.9604296133866461,0.0,0.9793475907737504,0.9422286592792406
relu,1,BraTS20_Training_105.npy,0.8802195387749243,2.23606797749979,0.8021366834178391,0.9751434959747332,0.955087075451691,0.0,0.921308575317281,0.9914367255791264,0.9294395375278136,1.0,0.9094798067941824,0.9502950099225907,0.8991399507450092,1.0,0.8321273476501333,0.9778911509189844,0.8073721757143043,3.605551275463989,0.7157833085119863,0.9258389508932362
relu,1,BraTS20_Training_110.npy,0.7943594049631537,3.1622776601683795,0.6897601822803197,0.9363534571213905,0.7417133001685035,1.7320508075688772,0.5999303600280976,0.9712514037697215,0.7413598356870119,1.7320508075688772,0.5890165090128624,0.9999999939061548,0.3196346886011558,4.731276135200363,0.4069766968631748,0.2631578749505357,0.7388568659572945,4.123105625617661,0.6513576410773021,0.8535122488019597
relu,1,BraTS20_Training_133.npy,0.9429921340095436,1.0,0.9154581764990422,0.9722337119723099,0.5662002557204732,10.44030650891055,0.3989081898479007,0.9751562851115355,0.8319298574977355,1.0,0.7402896268857827,0.9494636808368989,0.3938797110824551,12.68857754044952,0.25494753269361764,0.8655635373539257,0.5451362566686359,9.433981132056603,0.7715638340880995,0.4214539477944928
relu,1,BraTS20_Training_134.npy,0.897183022619182,1.0,0.8691916403077119,0.9270372608064662,0.8799970128839552,1.4142135623730951,0.8433645838776295,0.9199562827760398,0.7860860035654321,2.449489742783178,0.7174551586041777,0.8692360105480155,0.862260461309687,2.0,0.8506829227368304,0.8741574812171289,0.7616414022643679,2.23606797749979,0.7511346441790212,0.7724462637574426
relu,1,BraTS20_Training_140.npy,0.9534219459753729,0.0,0.954210093083502,0.9526350996922347,0.9441492027424992,1.0,0.9113237980618725,0.9794276730203347,0.9051855472557816,1.0,0.916197075496422,0.8944355644744321,0.8098934132796136,4.123105625617661,0.7323908849130587,0.905739959101571,0.905431399622556,1.0,0.9226813205159702,0.888814630843696
relu,1,BraTS20_Training_149.npy,0.924226816359,1.0,0.9489585875458076,0.9007514209463136,0.9096125872041418,1.0,0.8970152133835464,0.9225688271245911,0.8218222258836659,1.4142135623730951,0.8187102550017893,0.8249579445136935,0.6284858853049096,3.605551275463989,0.6111168873107952,0.64687107907665,0.8139730068245741,2.23606797749979,0.8643300313356648,0.7691606762668044
relu,1,BraTS20_Training_153.npy,0.9401184734588408,1.0,0.9938216488628787,0.8919216706929347,0.9778447290377908,0.0,0.9861419883013621,0.9696859280261707,0.9748786973803104,0.0,0.9857561122214481,0.9642387174206682,0.9090909036177549,1.0,0.8809801530807451,0.9390547146883742,0.9309382746783085,1.0,0.9895751446268156,0.8788616853467097
relu,1,BraTS20_Training_155.npy,0.9604676646853617,0.0,0.9836385114350149,0.9383633318625137,0.9376671120383057,1.0,0.9013654613647307,0.977015496559861,0.9215079066346638,1.0,0.8624980670408888,0.9891853550313046,0.860248180692984,2.8284271247461903,0.8760676296390664,0.8449899111550271,0.9487608419820358,1.0,0.9828016225789751,0.9169992242061141
relu,1,BraTS20_Training_158.npy,0.842290376921456,3.1622776601683795,0.7889673710429161,0.9033435931850613,0.703245747802046,3.3166247903554,0.6671554219591622,0.7434640482382132,0.730190569273853,2.23606797749979,0.6570397072380283,0.8216704227112835,0.1750841731191451,5.567039912272021,0.2031249947102866,0.15384615081171302,0.8196374890890149,3.3166247903554,0.7671885444709191,0.8797840390774443
relu,1,BraTS20_Training_177.npy,0.8646694981501344,1.4142135623730951,0.8958462006671972,0.8355898020772075,0.44760881126381297,7.677877115768361,0.6712328713035224,0.3357517116656521,0.5619641443415271,8.366600265340756,0.6952748245392978,0.4715500296170698,0.03806228340776571,7.0710678118654755,0.10784313196847392,0.023109243454734838,0.8311991690468943,1.4142135623730951,0.8203398507212537,0.8423498458199475
relu,1,BraTS20_Training_178.npy,0.9696977849471177,0.0,0.990395844933376,0.9498471430331742,0.9670451465521729,0.0,0.9613623562201311,0.9727955201871124,0.9461365241134574,1.0,0.944227551279739,0.9480532311258801,0.8780631533280641,2.0,0.8629343621014147,0.8937318795424054,0.9175745177764574,1.0,0.9690983090265817,0.8712528496998753
relu,1,BraTS20_Training_184.npy,0.9353702077481078,1.0,0.9763122738770069,0.8977237829918342,0.9444891755656559,1.0,0.9797661339247191,0.9116642583056035,0.9228091548302482,1.0,0.9841116634553004,0.8686961362949517,0.8538696866322106,2.23606797749979,0.8427883065577975,0.8652463552105756,0.895689316638566,1.0,0.9379399707282565,0.8570810514434117
relu,1,BraTS20_Training_185.npy,0.9325678042215206,1.0,0.9288247299366212,0.9363411689250714,0.9232308268559142,1.0,0.9589944444748422,0.8900387616814037,0.8985545526599816,1.0,0.9795552708432074,0.8299268092084774,0.7443600623340517,3.605551275463989,0.7095331874649847,0.7827823120660155,0.783905673337211,3.0,0.73622434056451,0.8381908329791417
relu,1,BraTS20_Training_187.npy,0.9420048620785604,1.0,0.9395150719812674,0.9445078834221411,0.9024740560916881,1.4142135623730951,0.8377748342891347,0.9780027211112021,0.8823885718941007,1.0,0.8848003237118994,0.879989931819786,0.5320817396638924,10.63014581273465,0.4024896263207939,0.7847538733081656,0.8556093154176363,1.4142135623730951,0.9491054813370242,0.7788818414895743
relu,1,BraTS20_Training_190.npy,0.9177619066773273,1.0,0.9592102645791368,0.8797472198497605,0.8101288001357536,5.0990195135927845,0.9158989589738495,0.726258737941828,0.8188947818038466,5.0990195135927845,0.9245572720600295,0.734906427392265,0.17470664700512847,15.155849406798636,0.2055214660882986,0.15192743419665683,0.8630857905406001,1.0,0.8809185468990738,0.8459606984590717
relu,1,BraTS20_Training_192.npy,0.956257404701822,0.0,0.9201299999079869,0.9953377178621287,0.9727421464377057,0.0,0.9518731985424678,0.9945466707947318,0.9352206387121899,1.0,0.8996437407767383,0.9737272067356858,0.9843461613971064,0.0,0.9816620076476501,0.9870450332531051,0.925862751597129,1.0,0.8840191942876225,0.9718643090814553
relu,1,BraTS20_Training_213.npy,0.9238468447103567,1.0,0.9397931517341513,0.908432658906621,0.8159579281384662,2.8284271247461903,0.9919299895236965,0.693014571028405,0.8440049861616032,1.4142135623730951,0.9968545034153029,0.7317971893820393,0.22448428049321298,5.196152422706632,0.3008935032579244,0.1790229882485302,0.8195294287551848,6.48074069840786,0.7326452198708501,0.9297933880455399
relu,1,BraTS20_Training_214.npy,0.9680766232285314,0.0,0.9803829052735339,0.9560754609283902,0.9239651480412485,1.0,0.9065014195141677,0.942114970506574,0.918344241832948,1.0,0.8932516601076254,0.9448873353919088,0.6643556273813667,5.477225575051661,0.686039164695643,0.6440007893971125,0.9364498609841381,1.0,0.9614538885158171,0.9127134016410237
relu,1,BraTS20_Training_215.npy,0.9076152911995522,1.0,0.9871160305694869,0.8399657952777254,0.9243991216598684,1.0,0.8888117324346392,0.9629551607093122,0.8922965026380797,1.0,0.8511794631316761,0.9375875680645406,0.7522675445896795,5.196152422706632,0.7380194862417783,0.767076572525497,0.7947276756392854,1.7320508075688772,0.9819693508373103,0.6674571161146542
relu,1,BraTS20_Training_222.npy,0.8756887201250688,1.4142135623730951,0.9877992781279766,0.7864323574205727,0.9096115295840358,1.0,0.8746328920019889,0.9475044731084664,0.9354876888402653,1.0,0.9179927971680883,0.9536623615860235,0.7067520928862688,4.488701915992978,0.6270222972145942,0.8097120225312704,0.7835176550114946,2.23606797749979,0.9563641926322527,0.6635858207926677
relu,1,BraTS20_Training_231.npy,0.9640625678010056,0.0,0.9905829486490397,0.9389251940540535,0.9230182573465429,1.0,0.8890348141552321,0.9597029986159883,0.8877441566724831,1.0,0.8303359094256996,0.9536802569341108,0.6559637182258833,6.324555320336759,0.7936786637539978,0.5589735653749056,0.9295335606725015,1.0,0.9893827442811808,0.876512085278618
relu,1,BraTS20_Training_232.npy,0.9087267928793448,1.0,0.8634816869849434,0.9589756338539738,0.357374796940997,13.0,0.9567034420650227,0.2197266374031611,0.2718834784121507,31.874754901018456,0.956543579611797,0.1584619865347002,0.6045816718013405,9.1104335791443,0.6066966486421956,0.6024813865881817,0.7025098631009705,7.681145747868608,0.5486070140038336,0.9764321546562733
relu,1,BraTS20_Training_237.npy,0.9517732460838814,0.0,0.9317977292045145,0.9726239801726444,0.7308369603729878,11.313708498984761,0.830507834309795,0.6525260314300257,0.8644184065899024,1.0,0.9266384275052133,0.8100282844895714,0.3017978189121309,15.132745950421556,0.37778011976622733,0.2512619179393845,0.8997250186078594,1.4142135623730951,0.8532187133357482,0.951593424120179
relu,1,BraTS20_Training_241.npy,0.958726017407692,0.0,0.9518837667868523,0.9656673459470455,0.932365912995636,1.0,0.8968074178079938,0.9708606243761064,0.8686739396949418,1.0,0.9037285171437458,0.8362372690482975,0.7383299741983959,4.358898943540674,0.5891173016692958,0.9887665030354027,0.9395299070151062,1.0,0.9461009100155784,0.9330495502313033
relu,1,BraTS20_Training_242.npy,0.8819392922097723,1.4142135623730951,0.9949779830061177,0.7919647769904172,0.8895236911271783,1.4142135623730951,0.9879438295616343,0.808936477634197,0.8418706850906402,1.4142135623730951,0.9830045851288287,0.7361750836073764,0.7999510578735158,3.7416573867739413,0.7455810232117904,0.8628744874450647,0.760560141470128,3.0,0.883865105614951,0.6674469284577258
relu,1,BraTS20_Training_246.npy,0.9093619558058019,1.0,0.8632034753331536,0.9607358289952064,0.7314105278432733,7.3484692283495345,0.578673707610709,0.9936872206355722,0.7118138996655258,2.449489742783178,0.5616017592955892,0.9717210150438154,0.4708637552084684,10.770329614269007,0.3737316303473882,0.6362147266501268,0.6078253603171696,7.0,0.7976857032485603,0.49096809382528694
relu,1,BraTS20_Training_249.npy,0.8837792165033342,2.0,0.7923397734628751,0.9990770351372475,0.8710139266247523,1.4142135623730951,0.7717501610980025,0.9995817643546743,0.8931515792198863,1.0,0.8170549577772526,0.9848784872577987,0.05776173250444205,15.84297951775486,0.030188679055417115,0.6666665740740869,0.7589473840375757,3.4641016151377544,0.6850837670474859,0.8506632718576098
relu,1,BraTS20_Training_256.npy,0.9453654802619099,1.0,0.9282428978849697,0.9631316281370473,0.8764168592123822,2.23606797749979,0.830381777283415,0.9278557472596067,0.8363011840768748,2.0,0.9022585719242385,0.7793301735462016,0.5679138756534104,6.4031242374328485,0.4179557489757905,0.8856902054268585,0.6594955899362023,8.366600265340756,0.7155000598594068,0.6116219876407853
relu,1,BraTS20_Training_257.npy,0.9613459631280776,0.0,0.9812003948915303,0.9422790974298065,0.9056603770201157,1.0,0.9732594547713327,0.846841810475935,0.9077006639753894,1.0,0.9937785901246308,0.835345688813854,0.35734463150655144,8.54400374531753,0.3322389997883191,0.38655461889568665,0.9446573160437156,1.0,0.9550380909939574,0.9344997818626845
relu,1,BraTS20_Training_266.npy,0.9394066805943091,1.0,0.9436122684717475,0.935238413995044,0.7117339686674973,6.782329983125268,0.5664323494688084,0.9573016520865132,0.0,373.0,0.0,0.0,0.6946609073574695,7.0,0.5428730510360269,0.9642724681887301,0.7040433376784186,4.123105625617661,0.879207759035289,0.5870795687963754
relu,1,BraTS20_Training_270.npy,0.9576902249499818,0.0,0.9356584444712456,0.9807845823839281,0.9744516928170698,0.0,0.9673699632282241,0.9816378719287463,0.9664998527300138,0.0,0.9530729035492953,0.980310527046526,0.8830433992156483,1.0,0.9209039536460717,0.8481729869933246,0.9157196049269407,1.0,0.8823786346084639,0.951679116905353
relu,1,BraTS20_Training_272.npy,0.9609367536125967,0.0,0.9615350829103156,0.960339168440592,0.7837137852365283,8.06225774829855,0.8749887797813696,0.7096827872376825,0.0,373.0,0.0,0.0,0.7834528649331116,8.0,0.8635763286704397,0.7169349343471155,0.7671795833755312,4.0,0.7076734000876155,0.8376119157493892
relu,1,BraTS20_Training_276.npy,0.8676740861070613,5.830951894845301,0.9774384199855891,0.7800734358452092,0.8923746268692757,1.0,0.9560843941214808,0.8366251592172067,0.7785336344995712,1.4142135623730951,0.9999999961165048,0.6373762360460984,0.358659743470223,5.196152422706632,0.25316455527538606,0.6148867214419624,0.8500016864396058,8.0,0.961171713906253,0.7618817268167429
relu,1,BraTS20_Training_296.npy,0.9692068917328684,0.0,0.9900373214280845,0.9492349457956484,0.8756869579072427,2.0,0.9533660195498505,0.8097125960649808,0.4531901675156668,5.0990195135927845,0.29733348841561863,0.9524431164631796,0.8000860569720672,2.23606797749979,0.9534493748505433,0.6892237103726446,0.7777200517501175,2.449489742783178,0.7302634290128948,0.8317733603331079
relu,1,BraTS20_Training_297.npy,0.6504415783151761,10.862780491200215,0.4971857733948229,0.9402795007704958,0.001950585174284405,36.6742416417845,0.0009821896274343966,0.13888887602880778,1.0,0.0,1.0,1.0,0.001950585174284405,36.6742416417845,0.0009821896274343966,0.13888887602880778,0.5563513106420535,11.74734012447073,0.47723222648723684,0.6669178843086316
relu,1,BraTS20_Training_301.npy,0.8973217399130111,1.4142135623730951,0.9152867940764615,0.8800483385939584,0.6653551237014145,10.099504938362077,0.8627372451919315,0.5414735967234794,0.5704927362994977,8.243168327267167,0.517170151001368,0.6360749424068753,0.6604938271139514,10.63014581273465,0.8750676847330754,0.5304283854303177,0.720510324295716,7.0710678118654755,0.6320373948822835,0.8377837353782801
relu,1,BraTS20_Training_308.npy,0.9398873127740452,1.0,0.9110202414177482,0.9706436428537731,0.7766807602644771,6.48074069840786,0.6725443630402702,0.9189742202164256,0.6407840177476797,10.148771982773823,0.8415841572254821,0.5173463172616761,0.7400915727339393,7.0,0.6246609465385649,0.9078530555508549,0.6112606461009826,9.273618495495704,0.7872158742757662,0.4995935640556374
relu,1,BraTS20_Training_312.npy,0.9035841468117219,1.4142135623730951,0.9745476085214207,0.8422538932372052,0.6869122663497269,7.0710678118654755,0.65936560515072,0.7168609400642251,0.0,373.0,0.0,0.0,0.6871918554961737,8.774964387392123,0.6424320509475379,0.7386558029136631,0.7029766504741106,3.3166247903554,0.8174133742015606,0.6166469446950787
relu,1,BraTS20_Training_320.npy,0.8329017329135469,4.58257569495584,0.7257530440275173,0.9771689494203541,0.8244772173345907,2.8284271247461903,0.9064859623364124,0.756075897653552,0.8368680495031136,2.23606797749979,0.8734146914651655,0.8032570413696556,0.5181248803983206,5.830951894845301,0.6921906658611021,0.4140127375977775,0.6543505850951087,7.0,0.5133121909752518,0.9022556385129274
relu,1,BraTS20_Training_327.npy,0.9365773397514168,1.0,0.9474899782894365,0.9259132098313777,0.8061572148404665,3.7416573867739413,0.6828093533917767,0.9838955754231629,0.6535365374546556,3.1622776601683795,0.5147429975286285,0.8948100578974746,0.771665541306791,4.358898943540674,0.6593974644342343,0.9300072575897856,0.46618094411066013,12.806248474865697,0.8525119326765866,0.32080323564412583
relu,1,BraTS20_Training_332.npy,0.9463294884364319,1.0,0.9971122329706594,0.900468777354612,0.2702905809930545,16.144651797721256,0.9120879082329335,0.15865313912758922,0.8464275914414793,1.0,0.8014515251350361,0.8967517349376349,0.05083231826972609,16.911534525287763,0.7162471231980064,0.026351237559899616,0.835366090421891,2.0,0.7953734350125975,0.87959346416646
relu,1,BraTS20_Training_339.npy,0.938584594321626,1.0,0.9260091732802781,0.9515062718541865,0.9639549121664766,0.0,0.9603515959522104,0.9675853699289958,0.9332819229732912,1.0,0.9127483613563017,0.9547606090982697,0.950827839768736,0.0,0.9734745925158036,0.92921083151833,0.8973665869262497,1.0,0.8782767236742303,0.9173047471979087
relu,1,BraTS20_Training_345.npy,0.821879710272386,5.830951894845301,0.9301887441636103,0.7361626299425265,0.34605271585132663,16.881943016134134,0.8771131325144456,0.21554685618936373,0.8575389375703018,3.605551275463989,0.8848872418631989,0.8318304052652581,0.0023252127028879077,20.3911692438715,0.10476189977324286,0.0011756532885290156,0.8823852159487272,1.4142135623730951,0.904532924471299,0.861296169770793
relu,1,BraTS20_Training_346.npy,0.9703137291311675,0.0,0.9818378652509918,0.9590569792287811,0.9674970343292189,0.0,0.9613531551087573,0.9737199479213657,0.9155789509739164,1.0,0.9010431347261618,0.9305914464310859,0.9820192586288553,0.0,0.9825041141960996,0.9815348811196603,0.8582136161323283,3.3166247903554,0.9681510701163557,0.7706977781985658
relu,1,BraTS20_Training_348.npy,0.9767698854378707,0.0,0.9764369908713686,0.9771030069529355,0.9409614770456636,1.0,0.9090000664664245,0.975252389712275,0.9067640350202867,1.0,0.8540514599757663,0.9664115423885784,0.8702230956809867,1.0,0.8971870772035456,0.8448325713695954,0.8521482027437589,1.7320508075688772,0.9205493668221546,0.7932090268359677
relu,1,BraTS20_Training_357.npy,0.9098041208392805,1.0,0.9044554870876012,0.9152163906599593,0.8691551897822738,2.23606797749979,0.844780940502814,0.8949777545794928,0.8470798993740308,2.0,0.8037122648873319,0.8953946364979589,0.8421729025544101,5.0,0.8470716905169815,0.8373304493440825,0.8206779126324307,2.23606797749979,0.8288728321303835,0.8126434499411624
relu,1,BraTS20_Training_359.npy,0.9668199922623933,0.0,0.9765473056761179,0.9572845535366988,0.9777176130795979,0.0,0.9699023743509607,0.9856598212924227,0.9540612637376393,0.0,0.9373847652155075,0.9713418742146768,0.9611342093946402,0.0,0.9665506669264268,0.9557781196940021,0.9270537489289592,1.0,0.9611084865498005,0.8953297345413841
relu,1,BraTS20_Training_001.npy,0.9274052375536722,1.0,0.87613785517544,0.985045364649893,0.9377084666853274,1.0,0.983003357419705,0.8964039105314094,0.8860776595865222,1.0,0.9455338472548721,0.8336564434026199,0.8586564541698879,1.4142135623730951,0.8711390268269513,0.846526553708453,0.8917298307259198,1.4142135623730951,0.8186692721498815,0.9791084762455746
relu,1,BraTS20_Training_006.npy,0.9334745571380585,1.0,0.8940578885759468,0.9765270759057525,0.9286996664729068,1.0,0.8896805894818671,0.9712982830249467,0.8273166754658695,1.0,0.8952537477370105,0.7689632611063033,0.6631853783814573,3.1622776601683795,0.5317292168423481,0.880986209042218,0.9148205201581007,1.0,0.876099807805468,0.957122151897835
relu,1,BraTS20_Training_007.npy,0.9303439926194966,1.0,0.9299921847051724,0.9306960665714619,0.928134720085737,1.0,0.9054096464315061,0.9520299252370669,0.8899959159738703,1.0,0.8847215442690023,0.8953335509442433,0.8489298533839559,15.811388300841896,0.7995879905839082,0.9047619017490446,0.897161132761192,1.0,0.9036864825959194,0.890729343691656
relu,1,BraTS20_Training_022.npy,0.9460828292083118,1.0,0.9598050440471233,0.9327474532866226,0.9163884132076155,1.0,0.8823644609843116,0.9531415270597484,0.8711138274466941,1.0,0.8603808787331206,0.8821179378336046,0.7938798570834218,3.3166247903554,0.7355025767272048,0.862322945361357,0.8855112164814473,1.0,0.935727434984198,0.8404102365473951
relu,1,BraTS20_Training_025.npy,0.9101848205110045,1.0,0.9599656847420284,0.8653123848207546,0.9496746603468957,1.0,0.9747487060135065,0.9258582528885021,0.8982778542522962,1.0,0.914071014217822,0.8830211676365837,0.9232029386111985,1.0,0.9548675287765108,0.8935710162917687,0.8236542834440669,1.4142135623730951,0.8922470431197308,0.7648549702513716
relu,1,BraTS20_Training_027.npy,0.7419271794800977,5.196152422706632,0.9945684790249416,0.5916385511530339,0.9213314356180163,1.0,0.9170896781501241,0.9256126133183953,0.8452294588092637,1.0,0.7994630066828979,0.8965540308487427,0.8304124525703328,3.1622776601683795,0.9062752792022706,0.7662692976682927,0.6265711117908277,7.3484692283495345,0.9732023763857881,0.4620131476920051
relu,1,BraTS20_Training_029.npy,0.9393629773092381,1.0,0.9363121680588423,0.94243373245368,0.9462012313852147,1.0,0.9348120084733406,0.9578713955683601,0.8932913094162167,1.0,0.8700228014909266,0.9178386363474489,0.8319543485536252,1.0,0.8611931431707434,0.8046357571488093,0.9291711870204152,1.0,0.9272522151996556,0.9310981178638592
relu,1,BraTS20_Training_032.npy,0.8975237417418082,1.0,0.95399999964,0.8473604823705847,0.8940465916324283,1.0,0.8917383815882166,0.8963667814899846,0.7880294289182594,1.0,0.8288194072688284,0.751066046857703,0.78695236741712,3.5136089962517305,0.7329350441935489,0.8495653442617278,0.6484581494790363,2.23606797749979,0.7708930531743186,0.5595838330855671
relu,1,BraTS20_Training_037.npy,0.8763320686974019,2.0,0.785723184210587,0.9905628810533408,0.9234278537358108,1.0,0.9375743664212246,0.909701892174287,0.8411606778562168,1.0,0.7953265172853978,0.8926006861593813,0.7833349515473755,3.1622776601683795,0.8812411221662394,0.7050083028537643,0.8444395807368551,2.23606797749979,0.742483968443377,0.9788526065161753
relu,1,BraTS20_Training_040.npy,0.9412885590028889,1.0,0.9257105462077644,0.9573998445692378,0.9552436121246972,0.0,0.9259535401742925,0.9864472408006435,0.876949584712804,1.0,0.8167305765185351,0.9467555679824344,0.9362099849582755,1.0,0.9526073857702714,0.9203675339865404,0.9085724056401823,1.0,0.8995467204522367,0.9177810465233818
relu,1,BraTS20_Training_049.npy,0.9216246202257566,1.0,0.9203858098704183,0.9228667697071548,0.9554234759547617,0.0,0.9671250516391813,0.9440016758724797,0.8593977648623146,1.0,0.969854752069458,0.771528230277898,0.30016863153314816,5.979019945774904,0.17711442609836392,0.9834253600317481,0.9117132170653584,1.0,0.9093434391735266,0.9140953784801452
relu,1,BraTS20_Training_051.npy,0.9357513737587717,1.0,0.9657974828522006,0.9075183378106217,0.9396840448917619,1.0,0.9030420411854608,0.9794253932780813,0.8839017349080664,1.0,0.8415108730701939,0.9307900059665851,0.8490780777952674,1.4142135623730951,0.8383906476997288,0.8600415013602917,0.9184100032725125,1.0,0.9589197814798761,0.8811841825498989
relu,1,BraTS20_Training_052.npy,0.9021421392959096,1.0,0.9889100282909652,0.8293722442096636,0.945932220284412,1.0,0.9387809952699543,0.9531932307906705,0.8675672796151648,1.0,0.8752951267704495,0.8599746933150837,0.8633442004067591,1.0,0.8330037734441781,0.8959783432018981,0.8388497388240924,1.4142135623730951,0.971194892890008,0.7382483166318164
relu,1,BraTS20_Training_054.npy,0.8896158905119658,1.4142135623730951,0.8073379585214903,0.9905671951608075,0.9340764728294332,1.0,0.897873022419337,0.973322132788772,0.8824273959492251,1.0,0.8155850905613411,0.961204089862049,0.8097988443140153,1.4142135623730951,0.9170049602811533,0.7250356624761821,0.7585670206211169,2.23606797749979,0.6525803949513564,0.905656071424399
relu,1,BraTS20_Training_056.npy,0.8542293364840167,2.23606797749979,0.7583148557296221,0.977920333935571,0.9192209821013486,1.0,0.8879856042903552,0.9527339167921348,0.8669427726089872,1.0,0.8382671795927841,0.8976497342221145,0.802240622989381,3.605551275463989,0.7730579667061043,0.833712982999604,0.6080861182225291,6.164414002968976,0.468376397768812,0.866571529730136
relu,1,BraTS20_Training_058.npy,0.7400261328908629,5.196152422706632,0.6635859923497529,0.8363696587119949,0.4680088668828736,14.45683229480096,0.4482838857194393,0.4895495835782037,0.5687203788474353,17.22062110712609,0.8050089433437553,0.43966780618818774,0.2622480451457944,9.486832980505138,0.17439419941385786,0.5284764367491285,0.6885904911317348,6.324555320336759,0.6076997786910241,0.7943224895011333
relu,1,BraTS20_Training_062.npy,0.9554063748416883,0.0,0.9699520075880012,0.9412905560262175,0.9608484754233861,0.0,0.9953540306284313,0.9286551446563623,0.90075456818377,1.0,0.9860995916179214,0.829005717241945,0.904817179099663,1.0,0.8571071567087629,0.9581517482634083,0.9122864028536147,1.0,0.9158827686459808,0.9087181699494261
relu,1,BraTS20_Training_065.npy,0.7592625853987912,4.123105625617661,0.9334698462485065,0.6398513827879864,0.9241111817399985,1.0,0.9368283068497292,0.9117346915516972,0.8881048372175658,1.0,0.94629430380847,0.8366571673420159,0.7537857501189806,3.7416573867739413,0.6575342401415436,0.8830486086327384,0.7210406308225169,5.196152422706632,0.9146081262554606,0.5950948633055392
relu,1,BraTS20_Training_069.npy,0.8430333200424687,3.3166247903554,0.7659973557052516,0.9372967802887076,0.929483055146333,1.0,0.8892610722066875,0.9735159528071473,0.8394612073096609,1.0,0.8552235935927173,0.8242693298654153,0.8599439773452398,1.7320508075688772,0.7795108297339046,0.9588857719537954,0.789967292809612,5.385164807134504,0.7065895524309016,0.895654775803572
swish,1,BraTS20_Training_080.npy,0.8941740753787216,1.0,0.8808342902576917,0.9079241219136488,0.8365360614741522,2.0,0.7935606053091282,0.8844327167446621,0.8177690322250878,1.4142135623730951,0.8078648313279533,0.8279190915906849,0.6673508273459159,4.47213595499958,0.5878099158372677,0.7717870438393114,0.8459901149309156,1.4142135623730951,0.8451059532776756,0.8468761282604276
swish,1,BraTS20_Training_081.npy,0.9184422993810413,1.0,0.9596283137892845,0.8806460998601146,0.9136621854677816,1.0,0.9187782800233155,0.9086027514774568,0.7939537636076148,1.4142135623730951,0.7925443777603025,0.7953681700767599,0.923908389916573,1.0,0.93531960895415,0.912772255325891,0.8246192388657548,1.4142135623730951,0.9029021073470241,0.7588278116983207
swish,1,BraTS20_Training_084.npy,0.9328752370716501,1.0,0.9392230962684627,0.9266126072844194,0.9232564795042486,1.0,0.9491533093592532,0.8987352622084737,0.8265802266607984,1.0,0.9824868644606046,0.7133774157103879,0.584175670456452,5.0990195135927845,0.42913839402235515,0.9145975418428444,0.8717702612831093,1.0,0.8621710897740171,0.88158558804147
swish,1,BraTS20_Training_090.npy,0.925948854560384,1.0,0.9097601294769768,0.9427241576886922,0.9713810313830803,0.0,0.9715657833809301,0.9711963491747724,0.9334421468383015,1.0,0.9388909148678485,0.9280562559249403,0.9813130803530963,0.0,0.9754643876274318,0.9872323303636953,0.7920867774683009,2.23606797749979,0.7515415299677716,0.8372562876681925
swish,1,BraTS20_Training_091.npy,0.8975812884925148,2.23606797749979,0.841788120296737,0.961295315671045,0.9422514491750018,1.0,0.9202271494996528,0.9653558381031325,0.923646500081962,1.0,0.8665413530293636,0.9888091014693606,0.7841914546353826,3.605551275463989,0.9102112658250954,0.6888230929847179,0.8582148783796534,3.4641016151377544,0.7966243594658062,0.9301270771329299
swish,1,BraTS20_Training_092.npy,0.9357503093401798,1.0,0.9505970096564034,0.9213602372753203,0.9582557272119743,0.0,0.9594619793558062,0.957052504079186,0.9387723265051443,1.0,0.920943898350031,0.9573046573691446,0.9016927377853605,1.0,0.9611735931920062,0.8491446337919953,0.7821218849356125,2.23606797749979,0.826028277104095,0.7426474832480225
swish,1,BraTS20_Training_093.npy,0.9683543974791294,0.0,0.956866928478406,0.9801210388143943,0.9686371656921621,0.0,0.9470018359567525,0.991284175313576,0.9460507982111133,1.0,0.9071067446639374,0.9884887570597112,0.8572752542981099,1.4142135623730951,0.8922419720376988,0.8249458519238809,0.9477174111602611,1.0,0.9412318102451737,0.9542930107299437
swish,1,BraTS20_Training_098.npy,0.9747412770150822,0.0,0.9961749090063003,0.9542105473274998,0.9340532408018302,1.0,0.9336519611917267,0.9344548652456384,0.9122993287793469,1.0,0.9741066565508314,0.8578674117979763,0.7387617861491259,4.358898943540674,0.6653281543905417,0.8304165632812287,0.9506463843154427,0.0,0.9790182812887274,0.9238726059538235
swish,1,BraTS20_Training_105.npy,0.8919605075638579,1.4142135623730951,0.8223831622829773,0.9743990892834594,0.9505041844391325,0.0,0.9108248062260644,0.9937982345730455,0.9307124424702371,1.0,0.8952772058602375,0.9690683441950948,0.9145038144669113,1.0,0.8668596195520519,0.9676898170829843,0.8227225670216348,2.8284271247461903,0.7447144944394058,0.9189853285257026
swish,1,BraTS20_Training_110.npy,0.7303186412019391,8.12403840463596,0.6070930081162967,0.9163075735743488,0.9001889694207371,1.0,0.9122562642330909,0.8884367552104552,0.9165878552740915,1.0,0.8697056680915086,0.9688124711362955,0.2958801442719074,4.242640687119285,0.9186045443483087,0.17633928177814104,0.6426609102027763,9.273618495495704,0.5081458491015161,0.8740325582145282
swish,1,BraTS20_Training_133.npy,0.9441457927847402,1.0,0.9234632148662129,0.9657760405447948,0.6528851716854378,6.164414002968976,0.49338156371409125,0.9647881847480791,0.8167916811586802,1.4142135623730951,0.712056577956861,0.9576507881349356,0.5165355468457121,7.280109889280518,0.37181510703810333,0.8457077478121715,0.5753678428972198,7.0710678118654755,0.7764086452721259,0.4570267735627374
swish,1,BraTS20_Training_134.npy,0.9161594461662969,1.0,0.9160911137258393,0.9162277886648323,0.8954760112827861,1.4142135623730951,0.8662420380099138,0.9267520798002266,0.8155637865600281,1.7320508075688772,0.7637022681309279,0.87498209875771,0.8716705125999001,2.23606797749979,0.8598657300486666,0.883803933659659,0.7750693879170233,2.0,0.8171430843151751,0.7371161785824686
swish,1,BraTS20_Training_140.npy,0.9547348662933922,0.0,0.959505029026773,0.9500118984265133,0.9390160400342336,1.0,0.8996236152490323,0.9820162461891307,0.907419987751468,1.0,0.9154355768674095,0.8995435494988239,0.8068814580694014,5.196152422706632,0.7198358950522288,0.9178747000391563,0.905112769836792,1.0,0.9313921986508169,0.8802756064405046
swish,1,BraTS20_Training_149.npy,0.9307188541040231,1.0,0.9391790740810684,0.9224096943564276,0.8822216186698909,1.7320508075688772,0.8407762900874927,0.9279648296267065,0.8544536624502106,1.0,0.8425230310305933,0.8667270369768885,0.6096965947829323,4.58257569495584,0.553473767274538,0.678633350158431,0.8103004353117205,2.23606797749979,0.8569424006874181,0.7684736769984715
swish,1,BraTS20_Training_153.npy,0.9360602701623557,1.0,0.9964604026693298,0.8825639359381354,0.9751525395224757,0.0,0.9830294938616945,0.9674008160972865,0.9708181135969451,0.0,0.9780011070839589,0.9637398620058173,0.8859598803096855,1.4142135623730951,0.9019836534190939,0.8704954856926185,0.9274237256657096,1.0,0.9935771456269583,0.8695295275834131
swish,1,BraTS20_Training_155.npy,0.9736137283415879,0.0,0.9830984726197706,0.9643102491359545,0.942530031881301,1.0,0.8948862110335282,0.9955322565106736,0.9111250257102379,1.0,0.8434843091331857,0.9905600426699102,0.877900407684105,1.0,0.8804253078605102,0.8753899464897922,0.9636772993685258,0.0,0.9839334901603712,0.94423831119807
swish,1,BraTS20_Training_158.npy,0.8889547732077846,1.0,0.8692741550605465,0.9095471841295164,0.652987324523273,2.23606797749979,0.5288367520584714,0.8533122961095245,0.6424668202870147,2.23606797749979,0.49518651928287294,0.9144444342839507,0.2526595711082504,4.123105625617661,0.2473958268907337,0.25815216689803894,0.869375088042125,1.4142135623730951,0.8584521949915165,0.8805795276674344
swish,1,BraTS20_Training_177.npy,0.8596950213560716,1.4142135623730951,0.887970969048818,0.8331642995992725,0.46477584487717033,8.12403840463596,0.6140209458983003,0.3738959746128755,0.5170956568686298,8.602325267042627,0.6489874575796774,0.42975734080614725,0.07100591610937994,7.017766952966369,0.117647053056517,0.050847456549842025,0.8462750773751864,1.4142135623730951,0.8482623167549634,0.8442971265984216
swish,1,BraTS20_Training_178.npy,0.9680658523837953,0.0,0.9921408058432639,0.9451316081013165,0.954100902854736,0.0,0.9339634188844632,0.9751259040889827,0.9382736616066718,1.0,0.923821396632715,0.9531852951888209,0.8308000999093053,3.605551275463989,0.7993243235527757,0.8648563959635964,0.9002658036374284,1.0,0.9755792107152226,0.8357472371967204
swish,1,BraTS20_Training_184.npy,0.9396529807685724,1.0,0.9634420513372453,0.917010389136532,0.9551186725343233,0.0,0.9595793235866693,0.9506993004776924,0.9356008988380906,1.0,0.981290370116085,0.8939767997247196,0.8684246951590446,3.0,0.8061034366809486,0.941189707492919,0.904960292356968,1.0,0.9377655398091519,0.8743726764783488
swish,1,BraTS20_Training_185.npy,0.948055608225743,1.0,0.9397370550474079,0.956522748264099,0.9414995389218408,1.0,0.9489029213562801,0.9342107849978927,0.8905356516380943,1.0,0.9766117418087948,0.8184036247370019,0.783130665929289,3.605551275463989,0.6736040875745973,0.9351906584871486,0.8551816735826188,1.0,0.8287702151449211,0.8833319178955217
swish,1,BraTS20_Training_187.npy,0.9416904103599305,1.0,0.9511577106868547,0.932409717140886,0.9008212980822811,1.0,0.8300044148644583,0.9848497546236851,0.8913124174837995,1.0,0.8811054307635001,0.9017586570743197,0.5665039656167999,7.874007874011811,0.4341067147249683,0.8150993077854721,0.8363559678422661,2.0,0.9649635033734181,0.7379977668648617
swish,1,BraTS20_Training_190.npy,0.8992609636598089,1.0,0.9579956270934838,0.8473122898571543,0.7918474684234725,7.9118055118081765,0.8947994047599808,0.710141508875675,0.80725788123962,7.810249675906654,0.9108404126206977,0.72482893391591,0.11168831023781416,12.041594578792296,0.13190183644472894,0.09684684466561161,0.8562080854638473,1.0,0.8962371395167859,0.8196018294990118
swish,1,BraTS20_Training_192.npy,0.9622961378423572,0.0,0.9337399999066259,0.992654015734582,0.9684971143931571,0.0,0.9484790262733016,0.9893784024217982,0.9235458467984679,1.0,0.878207837160674,0.9738198855213794,0.9812287261209758,0.0,0.992433021342673,0.9702745927950716,0.934023597329188,1.0,0.9024865492362241,0.9678445558793867
swish,1,BraTS20_Training_213.npy,0.9231198325607013,1.0,0.9305351941097428,0.9158217213329732,0.8433583958012534,2.449489742783178,0.9874757632513359,0.7359500094762937,0.8442896775821612,1.4142135623730951,0.9979253105354535,0.7316486748127338,0.19859064680910674,5.979019945774904,0.22458343341081036,0.17799043028135803,0.8486230295413767,2.23606797749979,0.7695688978999841,0.9457783109460671
swish,1,BraTS20_Training_214.npy,0.9667879071174719,0.0,0.9743671172330671,0.9593256980686339,0.9226390684236148,1.0,0.8965629434167761,0.9502774552621633,0.9176801579590661,1.0,0.8867476510248984,0.9508487081362182,0.6905510154090184,6.164414002968976,0.6940408492439654,0.6870961002979027,0.9337202686643877,1.0,0.9559566502243453,0.912494846277221
swish,1,BraTS20_Training_215.npy,0.8924003110973451,1.0,0.9893808493836421,0.8127348667727,0.9180626310809885,1.0,0.8684517524391834,0.9736850297487823,0.8617459879354407,1.0,0.7854995371625426,0.9543858001431247,0.7298232125625369,5.0990195135927845,0.7552197248407042,0.7060791962204135,0.7653094502439339,2.0,0.9946527548110033,0.6219114407930539
swish,1,BraTS20_Training_222.npy,0.8802299583519309,1.4142135623730951,0.9942932105627114,0.7896436755601053,0.8966742322625707,1.0,0.8338839933609729,0.9696905005659653,0.9326343691656819,1.0,0.898942965618605,0.9689495417942288,0.6305177094536302,5.385164807134504,0.5059029273900177,0.8365871233797026,0.7888760900138069,2.23606797749979,0.9786669383593616,0.6607401279509544
swish,1,BraTS20_Training_231.npy,0.9692732464748852,0.0,0.9951900848430743,0.9446720048548912,0.930463993656291,1.0,0.9032588369461181,0.9593588195476371,0.9122380963505001,1.0,0.8747027346227946,0.9531393400223669,0.7284592630483744,7.0710678118654755,0.7840210693941593,0.6802513793939223,0.9353524639982072,1.0,0.9903781119928565,0.8861194523039723
swish,1,BraTS20_Training_232.npy,0.9219377324792317,1.0,0.9356287870607402,0.9086415815009505,0.3310163333244611,13.601470508735444,0.9672350368317703,0.19967560472109755,0.24935517144397887,32.51153641401772,0.9713639764597739,0.14303680408986988,0.5797616013701202,8.246211251235321,0.5712143899489536,0.5885684830660737,0.7226406690035492,6.164414002968976,0.5982628645365022,0.9123078843153047
swish,1,BraTS20_Training_237.npy,0.9459313709451439,1.0,0.9081904362166576,0.9869450472237666,0.7362655382701522,8.366600265340756,0.8475740982263266,0.650798712593628,0.8906249997469814,1.0,0.9221673132591085,0.8611691018233331,0.3631003179598494,10.488088481701515,0.49330662960545313,0.28727518243982864,0.8747325904053956,2.0,0.8072234130511132,0.9545640640637493
swish,1,BraTS20_Training_241.npy,0.9600237193406536,0.0,0.9699901317680805,0.950260028875067,0.9277153503497896,1.0,0.9072476817679155,0.9491278426511919,0.8769282692849839,1.0,0.9190212640091919,0.8385222870304271,0.7135988291226092,7.483314773547883,0.5934199658423139,0.8948161734747911,0.9334826441490851,1.0,0.9569782132646034,0.9111131464302917
swish,1,BraTS20_Training_242.npy,0.8457694561178808,2.449489742783178,0.9978165142476406,0.7339329210185052,0.8798068081837028,1.4142135623730951,0.9900405548072831,0.7916611513806174,0.823547233711515,1.7320508075688772,0.9892277454730228,0.7054030205259243,0.8263411494851647,4.58257569495584,0.7333789477324907,0.9462919350407711,0.6786419674673814,6.708203932499369,0.8722676495792487,0.5553627328993593
swish,1,BraTS20_Training_246.npy,0.9017065319886611,1.4142135623730951,0.8265951574530409,0.9918327841559695,0.6586836124238071,10.04987562112089,0.49158119214144785,0.9978972536497497,0.7189371346476259,3.0,0.5622464068248278,0.9967061031213323,0.3639972705278837,13.490737563232042,0.2566480054860707,0.6257197690064835,0.5526109287072672,7.3484692283495345,0.7228910037687145,0.44725750564455613
swish,1,BraTS20_Training_249.npy,0.8892265583606977,1.4142135623730951,0.8019235678267216,0.9978606225380511,0.87803616211541,1.4142135623730951,0.7829135525496294,0.9994699952891644,0.9000054609524314,1.0,0.820390282347476,0.9967340020583441,0.24447717111204137,15.0,0.15660377259997627,0.557046967403871,0.7690501663146323,2.8284271247461903,0.6981142254031579,0.8560322865936577
swish,1,BraTS20_Training_256.npy,0.9449623252816846,1.0,0.9315797384078414,0.958735010521444,0.8951176676834184,2.0,0.8686798202703978,0.9232152750353139,0.7915979610145669,3.1622776601683795,0.7521812057742232,0.8353743067185515,0.6810726209639949,5.196152422706632,0.68316831668868,0.6789897433417958,0.6736712276978415,5.916079783099616,0.6951374713182524,0.6534910493118374
swish,1,BraTS20_Training_257.npy,0.9637579829314594,0.0,0.9705082719517076,0.9571009473191577,0.9231473006544879,1.0,0.9722958315487867,0.8787284992534085,0.8930616916654142,1.0,0.9986276294614569,0.8076809228890921,0.23266219109249334,9.219544457292887,0.13657255327266873,0.7849056307582781,0.9503680835222061,0.0,0.9491591201740464,0.9515801304235902
swish,1,BraTS20_Training_266.npy,0.9392465461209107,1.0,0.9532980438950899,0.9256032658515704,0.6685909328869514,6.4031242374328485,0.5078298996005604,0.9782798143203862,0.0,373.0,0.0,0.0,0.6651444911863409,6.4031242374328485,0.501809576662789,0.9861177590192726,0.6985997610912559,3.7416573867739413,0.9180047269875277,0.5638407047223246
swish,1,BraTS20_Training_270.npy,0.9545530353237383,0.0,0.9257581883727081,0.985196660571392,0.978633423148208,0.0,0.9730842489416726,0.9842462503728368,0.9680196393112926,0.0,0.9680517540071242,0.9679875265856146,0.8959873278141584,1.0,0.8522284986161601,0.9444830931619826,0.9095750975848835,1.0,0.8631598651112992,0.9612658437623324
swish,1,BraTS20_Training_272.npy,0.963444358434713,0.0,0.9456716633366057,0.9818978790912511,0.7902296200208508,5.830951894845301,0.8790664870322412,0.7177001433518253,0.0,373.0,0.0,0.0,0.7901728738374422,5.744562646538029,0.8733089695616709,0.7214894855954775,0.7682089045701174,3.605551275463989,0.6861833791447107,0.8725073732367271
swish,1,BraTS20_Training_276.npy,0.8941841679392218,1.7320508075688772,0.9598492353907401,0.8369283464733492,0.9149039619317968,1.0,0.9232090261942859,0.9067469857668747,0.8128848873947815,1.0,0.9996116466034498,0.6849387954099553,0.3697834106192107,6.4031242374328485,0.2331778798589082,0.8928571200801756,0.8802985021061116,2.0,0.9493477761558189,0.8206125744583738
swish,1,BraTS20_Training_296.npy,0.9659844725153821,0.0,0.9912834273470107,0.9419447114268832,0.8410267322334871,2.8284271247461903,0.884836680224233,0.801350351192572,0.4266094810299724,5.385164807134504,0.27218211442001505,0.9860788842310085,0.7634200098300944,3.0,0.8784334376121242,0.6750372736235317,0.7534513493944799,4.358898943540674,0.7492270271469091,0.7577235771304671
swish,1,BraTS20_Training_297.npy,0.5912342714418652,9.219544457292887,0.4230662982694982,0.9812983056420255,0.1534369142413174,20.445048300260872,0.08309324248094994,0.9999999921197794,1.0,0.0,1.0,1.0,0.1534369142413174,20.445048300260872,0.08309324248094994,0.9999999921197794,0.5086661642036675,10.392304845413264,0.39568092281099204,0.7119652347008838
swish,1,BraTS20_Training_301.npy,0.8952417898600366,1.4142135623730951,0.8892841262256242,0.9012798172864701,0.6395977116908934,12.206555615733702,0.8770329094764002,0.5033327003864001,0.6163798075356592,10.488088481701515,0.6888716739249375,0.557692306526563,0.6203356579043324,13.0,0.8619974978318431,0.484504381541218,0.647489386583365,8.48528137423857,0.5168681738040479,0.8664577084633357
swish,1,BraTS20_Training_308.npy,0.9350379153390486,1.0,0.9043311949184997,0.9679032352127309,0.781189818802939,6.324555320336759,0.7158123886327719,0.8597098646886149,0.7851684115587543,4.0,0.7847241855944496,0.7856131396408763,0.7643424670232543,6.557438524302,0.6972668142335133,0.8456967814321097,0.5600499284936368,9.0,0.629427072616308,0.5044482825222498
swish,1,BraTS20_Training_312.npy,0.9217384433710832,1.0,0.9659997833765821,0.8813554396647225,0.6750255231722957,6.782329983125268,0.6490582243313917,0.7031571949645801,0.0,373.0,0.0,0.0,0.6745980967260904,7.0,0.6388121969693213,0.7146313422133819,0.711281295988646,3.3166247903554,0.7891245383278188,0.6474168207684373
swish,1,BraTS20_Training_320.npy,0.8272899282193477,5.477225575051661,0.7122142702648434,0.9867184606042477,0.8201006796696544,2.449489742783178,0.8989351394976427,0.7539785638567891,0.8428202532598966,2.23606797749979,0.8981813820313695,0.7938874780098483,0.5037251645204364,5.0990195135927845,0.6171399563025357,0.4255244740366277,0.6475425510022129,8.12403840463596,0.4994468616787938,0.9204838922655404
swish,1,BraTS20_Training_327.npy,0.9605708721217151,0.0,0.9516829470031976,0.9696263738274158,0.7631732451553749,6.324555320336759,0.6247275142644286,0.9804507194156448,0.4897006684514201,6.082762530298219,0.33585718661997094,0.9036104655455276,0.7158729788041778,6.708203932499369,0.5980445663741798,0.8915234142413702,0.45115720702688916,9.899494936611665,0.8323889973447378,0.30943627447030275
swish,1,BraTS20_Training_332.npy,0.9408080436139155,1.0,0.9979449019403056,0.8898595597399946,0.12008428746094485,22.045407685048602,0.9995773415064355,0.0638792102034197,0.7275661693751898,1.4142135623730951,0.5842405361107281,0.9640718480404461,0.02369733542098665,22.44994432064365,0.9839816708471014,0.011993083055727927,0.4997199994400338,8.54400374531753,0.3712716580611195,0.7640611915807667
swish,1,BraTS20_Training_339.npy,0.9304004025256847,1.0,0.9091024028468907,0.9527202596261551,0.9666206024427195,0.0,0.957254797541759,0.976171488568029,0.9421203894642982,1.0,0.9207063349316793,0.9645542717511567,0.9567007904278053,0.0,0.966254659224542,0.9473339997894383,0.8717353299553561,2.0,0.8423985107045086,0.9031892060608329
swish,1,BraTS20_Training_345.npy,0.8454415203616948,3.7416573867739413,0.9219060528068207,0.7806897221868097,0.39866247033884245,12.36931687685298,0.8236345890383053,0.2629748804946155,0.8640707956955126,3.0,0.82160888451429,0.9111608792251571,0.0011331444751181696,15.066519173319364,0.03809523628117922,0.0005751258083572065,0.8630370261723935,1.4142135623730951,0.8770658985033973,0.8494498783807092
swish,1,BraTS20_Training_346.npy,0.968643618972146,0.0,0.978500923265809,0.9589829364823458,0.972727544211494,0.0,0.9595850951128486,0.9862349893262512,0.9194319741787572,1.0,0.8841626723695508,0.9576319703203817,0.9867772552422349,0.0,0.9910621595161254,0.9825292431892843,0.8503236242514872,1.4142135623730951,0.9874107469114893,0.7466609827034236
swish,1,BraTS20_Training_348.npy,0.9763749189452265,0.0,0.9827948900609,0.9700382785094492,0.9331061975612382,1.0,0.8848844179460255,0.9868865854996681,0.8920979236576265,1.0,0.8222887434709819,0.9748598052244846,0.864275604280942,1.4142135623730951,0.881341358014162,0.847858197431103,0.8420557653665065,2.23606797749979,0.9651854509661095,0.7467873468593885
swish,1,BraTS20_Training_357.npy,0.8702166727163491,3.7416573867739413,0.8981049438392815,0.8440082316219711,0.8982639939178613,1.0,0.8378356548201754,0.9680865949852626,0.8525688753341143,1.4142135623730951,0.7784878972134295,0.9422317306268666,0.9020581234346582,1.0,0.8672566363058003,0.9397694203859828,0.7723384465236597,58.228857912999324,0.851994219406938,0.7063037590851513
swish,1,BraTS20_Training_359.npy,0.9646592590129763,0.0,0.977767608463592,0.9518977315143616,0.9689299304713778,0.0,0.9415952592101301,0.997899111980053,0.9357488379141138,1.0,0.8916525068176666,0.9844336229805885,0.9648000829395309,0.0,0.9637978491851671,0.9658044027659375,0.9135075772877213,1.0,0.9823334904795045,0.8536945810471552
swish,1,BraTS20_Training_001.npy,0.9168158151410263,1.0,0.8544256111198522,0.9890352199818423,0.9442467377343674,1.0,0.967697116830451,0.9219060222982779,0.8869341490704863,1.0,0.9195443728211576,0.856557651985576,0.8827078826489277,1.0,0.8857087347758151,0.8797272955494422,0.881648399565604,1.4142135623730951,0.8005814784328332,0.9809827639613536
swish,1,BraTS20_Training_006.npy,0.9329585785088819,1.0,0.8907914900323912,0.9793161270156441,0.9198234339333471,1.0,0.868058967865075,0.9781530792131702,0.8240966524746736,1.0,0.8941313233006769,0.7642362774055245,0.6189864662586892,4.47213595499958,0.4741222757898899,0.8913229010039613,0.9171166888176835,1.0,0.8804937327261976,0.9569184274987406
swish,1,BraTS20_Training_007.npy,0.9180100192304437,1.0,0.9331686285998011,0.9033360175456143,0.934746354868607,1.0,0.9090718835313677,0.9619131964549235,0.894102097394596,1.0,0.8787140755338301,0.9100386734319175,0.8551596469918871,15.681196011472151,0.8157739822961331,0.8985413260987315,0.8833454192436797,1.0,0.9102623710029019,0.8579746436506575
swish,1,BraTS20_Training_022.npy,0.9434355696116374,1.0,0.9697436799421968,0.9185171793986794,0.9182107299297892,1.0,0.8669908930812447,0.9758624486660559,0.8719575528839848,1.0,0.8523132644463458,0.8925287351192364,0.8206881039709071,3.605551275463989,0.7348582468308165,0.9292188604448326,0.8741162583051489,1.0,0.9582721909878945,0.8035482570129427
swish,1,BraTS20_Training_025.npy,0.9085673421376491,1.0,0.9688440430615569,0.855351582590333,0.9618432053085267,0.0,0.9817659646748039,0.94271294007422,0.8946235384650997,1.0,0.9416050014675587,0.8521075576972034,0.9527554978129998,0.0,0.9453686583767875,0.9602586831332749,0.8209324358232417,1.7320508075688772,0.9132446340031634,0.7455691391400734
swish,1,BraTS20_Training_027.npy,0.7095896549138132,6.48074069840786,0.9978844074844129,0.5505364060336961,0.9225934301654235,1.0,0.9068193440731833,0.9389260100476996,0.8362277279259505,1.0,0.7742840090845561,0.9089444554815826,0.8330866803207787,2.8284271247461903,0.9107823865586706,0.7676049471436593,0.5907269354819648,8.660254037844387,0.9848672242064102,0.42188863490319045
swish,1,BraTS20_Training_029.npy,0.9370679896167347,1.0,0.9360234798261418,0.9381148330003672,0.9407830563321841,1.0,0.9131728416105318,0.9701149411348924,0.8797819335653897,1.0,0.8209086110841807,0.9477521244476467,0.8064602939260826,1.4142135623730951,0.8848198412001191,0.7408506392638445,0.9247157672309234,1.0,0.9271976270671256,0.9222471583069848
swish,1,BraTS20_Training_032.npy,0.8860390054789796,1.0,0.9737735845381986,0.8128071057034122,0.8907241238810297,1.0,0.8941480201410511,0.8873263488457491,0.7932101746816858,1.0,0.8575760735568587,0.7378317582205742,0.7829002509200194,4.123105625617661,0.712342696437851,0.8689719322856693,0.6342134683778217,2.8284271247461903,0.8130099219261192,0.5198815563170603
swish,1,BraTS20_Training_037.npy,0.8610763683694515,2.449489742783178,0.7625838880320991,0.9887840095944276,0.9431891819796973,1.0,0.9277579462316174,0.9591424299450213,0.8451060444249355,1.0,0.8133388964369296,0.8794555565653064,0.8392329586725934,1.0,0.8534906578679224,0.8254437861100552,0.8311620765396984,3.0,0.7241897335805555,0.9752140037972971
swish,1,BraTS20_Training_040.npy,0.9454618921305493,1.0,0.9396017073233784,0.9513956341946287,0.9537262072630692,0.0,0.9234604718368413,0.9860430399338118,0.8807347588781758,1.0,0.8273591193617209,0.9414722059659115,0.9374835688160567,1.0,0.9420404707866854,0.9329705400382133,0.9118463133508259,1.0,0.9171099338193315,0.9066427675779982
swish,1,BraTS20_Training_049.npy,0.9288811635780001,1.0,0.9221659126801144,0.9356949332001963,0.9565780935876236,0.0,0.9514396197863352,0.9617723697615718,0.8642284558313772,1.0,0.9454645082338599,0.7958477490291863,0.4097331208027228,5.26230675725637,0.259701489953219,0.9702601869791753,0.9198616718386577,1.0,0.9130538302519784,0.9267717960794368
swish,1,BraTS20_Training_051.npy,0.9358700281550466,1.0,0.9488607385910289,0.9232302212234799,0.9368613463975123,1.0,0.8905092851256071,0.9883037232166001,0.8801507131312527,1.0,0.8377718421688121,0.927045511334083,0.8626380139348949,1.0,0.8165879954673231,0.914192247322113,0.9167886498837975,1.0,0.9393170280592104,0.8953155926164398
swish,1,BraTS20_Training_052.npy,0.8633465485403414,1.7320508075688772,0.9948931054436255,0.7625242232655031,0.9439539993424814,1.0,0.9377057987113059,0.9502860249589444,0.8643384465865551,1.0,0.8858124051450822,0.8438809929006431,0.8876361543210051,1.0,0.8349811237911539,0.947379153686765,0.7899199998736127,2.449489742783178,0.9848394171215482,0.6594096432057139
swish,1,BraTS20_Training_054.npy,0.8876864720618681,1.4142135623730951,0.8059753733600881,0.9878347733977086,0.9319618256187954,1.0,0.8884940142987136,0.9799015704535697,0.8902914808326036,1.0,0.834237805597687,0.9544204026491113,0.8510887031630215,1.0,0.8756577945035968,0.8278606953406387,0.7500067652490993,2.23606797749979,0.6510300437736886,0.88447422981188
swish,1,BraTS20_Training_056.npy,0.8747313705259597,1.4142135623730951,0.7965680129573762,0.9699032770753349,0.9215882547678365,1.0,0.8875036146372213,0.9583955026342359,0.8710273548696065,1.0,0.8446833926967195,0.8990674449420368,0.8154447819135608,3.0,0.7707110997762132,0.8656913129488714,0.6552533238738004,5.0,0.5452178940680592,0.8209334391950835
swish,1,BraTS20_Training_058.npy,0.7638038339403453,3.7416573867739413,0.7545826853600903,0.773253139044935,0.4811028915665424,12.409673645990857,0.4161721928934426,0.5700398401832352,0.6364951183340394,15.264337522473747,0.7872689314441429,0.5341897627612889,0.22409858495048032,8.916144149081331,0.1405266169237487,0.5529279258523726,0.739659851708395,4.242640687119285,0.7518075863659678,0.7278984417924304
swish,1,BraTS20_Training_062.npy,0.9507048557937735,0.0,0.9714508887048084,0.9308263882642321,0.9625165395684219,0.0,0.9935793900433532,0.9333370793186976,0.9066703349066595,1.0,0.9839432037342192,0.8406507749665114,0.902112029148075,1.0,0.8592562970515513,0.9494670564149406,0.9076869564731673,1.0,0.9223207002422575,0.8935103243896428
swish,1,BraTS20_Training_065.npy,0.7559025490302099,4.47213595499958,0.9679595274359755,0.6200617282355808,0.9210662513961358,1.0,0.9328964588914902,0.909532325812593,0.8894086186277839,1.0,0.9530970248725491,0.833698713330101,0.7313432793837928,4.123105625617661,0.6232876651341716,0.8847222099344138,0.7170787397486391,5.398973922321542,0.9529657195235097,0.5747990961264051
swish,1,BraTS20_Training_069.npy,0.7824121682507938,11.224972160321824,0.664011566899785,0.9521999420055663,0.9102907243638992,1.0,0.8471184400220108,0.9836441604389335,0.8240343344939769,1.0,0.804555050345752,0.8444802572894976,0.8485516279036878,2.23606797749979,0.7582132859580198,0.9633287241007777,0.7016083679767279,13.856406460551018,0.5785080767056867,0.8912586048978752
prelu,1,BraTS20_Training_080.npy,0.8755607103204873,1.4142135623730951,0.8177926279581829,0.9421104859885993,0.839502411353388,2.0,0.7828598477435039,0.9049808419212033,0.8312220277393446,1.4142135623730951,0.8192284676745986,0.8435719771461556,0.6566339056255622,4.58257569495584,0.5521694200615459,0.8098484817808769,0.8211930743027815,1.4142135623730951,0.7674787369296963,0.8829919558491617
prelu,1,BraTS20_Training_081.npy,0.9166400897661792,1.0,0.9570912086270801,0.8794696194435466,0.9042959491220495,1.0,0.917364252874794,0.8915947441638201,0.7876993161801257,1.4142135623730951,0.8184615374929449,0.7591657510876336,0.9257823161346829,1.0,0.918309858160011,0.9333773803178314,0.8171870827271194,1.4142135623730951,0.8842044463729394,0.7596129987846608
prelu,1,BraTS20_Training_084.npy,0.9295267000822529,1.0,0.910724242423905,0.9491219006221758,0.9252790779336335,1.0,0.9307253459518585,0.9198961778752814,0.8408275859491716,1.0,0.9608406297997614,0.7474659396471576,0.596087066489297,5.385164807134504,0.45051849897513957,0.8806306284268502,0.8633435733102083,1.0,0.8269734590777335,0.9030599548457335
prelu,1,BraTS20_Training_090.npy,0.9235732167741585,1.0,0.8975014813632672,0.9512049981978892,0.9724408510349682,0.0,0.972279016227341,0.9726027392634119,0.930767150035713,1.0,0.9417183501078819,0.9200677232934702,0.9753887961269371,0.0,0.9625509079541563,0.9885737594485067,0.7838838686693903,2.23606797749979,0.719804134276565,0.8604878039452707
prelu,1,BraTS20_Training_091.npy,0.9051179375514878,2.0,0.84481439723778,0.9746922659305804,0.9613962480136035,0.0,0.9579840451061439,0.9648328450449947,0.9453817796850169,1.0,0.9170071915180585,0.9755684036970967,0.8215623087855418,2.449489742783178,0.9227308276159413,0.7403861234650979,0.8738186461925826,3.0,0.8019490304408803,0.9598380695659307
prelu,1,BraTS20_Training_092.npy,0.9258607422835332,1.0,0.8954120905786356,0.9584531153830675,0.9508981179455893,0.0,0.9310923584010694,0.9715647877766133,0.9270446916017014,1.0,0.8834205610493617,0.9752010267669434,0.8950225407604092,1.0,0.9513936421013265,0.844957872974066,0.7616131027590624,3.7416573867739413,0.7112467861752912,0.8196563466007581
prelu,1,BraTS20_Training_093.npy,0.9606851903298016,0.0,0.9307921918441268,0.9925619652826931,0.9706809837199927,0.0,0.9501677955581056,0.9920994344014745,0.9675215080542704,0.0,0.9660898512203174,0.9689574139551645,0.8835559573741182,2.0,0.8066694215148554,0.9766433083472751,0.9397831184239275,1.0,0.9060437308004121,0.9761324809180604
prelu,1,BraTS20_Training_098.npy,0.9782910405229925,0.0,0.9945236402467481,0.9625798271643494,0.955153527732079,0.0,0.9576027707333987,0.9527167812809967,0.8864118028842493,1.0,0.9862597492353257,0.8049222794948474,0.7347783633138925,3.0,0.6192482386812928,0.9033032447634883,0.9626044266336338,0.0,0.9833087134364565,0.9427540479957824
prelu,1,BraTS20_Training_105.npy,0.9056522763871686,1.0,0.8440300892909611,0.9769811491005599,0.957939353793323,0.0,0.9277504093371853,0.9901590711914815,0.9378892725450785,1.0,0.9276180682278952,0.9483904811959579,0.8905960241308715,1.4142135623730951,0.8109020703767386,0.9876615688151494,0.8459421400262602,1.4142135623730951,0.77405563644272,0.9325478015010599
prelu,1,BraTS20_Training_110.npy,0.7848702839149538,3.0,0.7648775531246812,0.8059362251447716,0.7928309871018867,1.7320508075688772,0.7162256242471252,0.8877859262503843,0.7952738973248682,1.4142135623730951,0.664393393164417,0.9903691760814919,0.23970037004306424,6.164414002968976,0.7441859599783767,0.14285713966836744,0.7306908974108214,3.7416573867739413,0.7236617527357163,0.7378579332875669
prelu,1,BraTS20_Training_133.npy,0.9436372617084418,1.0,0.9181762433566322,0.9705506209622684,0.6220837891661593,8.831760866327848,0.4670800704287633,0.931063627233548,0.8320440618751024,1.0,0.7546587332989119,0.9271135009466878,0.46824005721625395,10.63014581273465,0.3289740698414753,0.8119782521460772,0.5501711877345461,8.94427190999916,0.7394199498397407,0.4380545470651689
prelu,1,BraTS20_Training_134.npy,0.8999556764943364,1.0,0.8480689767071812,0.9586052235050491,0.8819086807046491,1.4142135623730951,0.8231589492060499,0.9496889962707962,0.7795441219422932,2.8284271247461903,0.7063933499741308,0.8695953216882634,0.8644577088430466,2.23606797749979,0.8213982557213526,0.9122814531572329,0.7648416542045617,2.0,0.7321840907985572,0.8005484695945029
prelu,1,BraTS20_Training_140.npy,0.9547178505899473,0.0,0.9506048753504633,0.9588665715806237,0.9471255229541777,1.0,0.9225077963388519,0.9730931528261052,0.8986448486296745,1.0,0.9430399021691137,0.8582417960226474,0.8034978841174899,6.164414002968976,0.7039691558974005,0.9358039286840109,0.9076381216484015,1.0,0.913805255058718,0.9015536722184317
prelu,1,BraTS20_Training_149.npy,0.9235288163464368,1.0,0.9464893010761334,0.9016559255278518,0.8631764108124558,2.23606797749979,0.8352313603646991,0.8930561548159387,0.8513221216178817,1.0,0.8631638056635912,0.8398009508225095,0.573656068467354,5.830951894845301,0.5187049012209226,0.6416297971392041,0.7961537239338143,2.449489742783178,0.8553420002081779,0.7446267621417263
prelu,1,BraTS20_Training_153.npy,0.9450860150713064,1.0,0.9939571739828476,0.9007954569433936,0.9709555722920721,0.0,0.9822884237570118,0.9598812361793894,0.9718649831934372,0.0,0.9717496233506769,0.9719803696596642,0.7627952718366374,33.36165463522455,0.9043173756789105,0.6595744624717067,0.937196147855504,1.0,0.9901825912071944,0.8895924623288878
prelu,1,BraTS20_Training_155.npy,0.9536207141441917,0.0,0.9615306724359521,0.9458398352413891,0.9542400878429955,0.0,0.9279250329703213,0.9820912434218808,0.9392195002027792,1.0,0.9142835052447956,0.9655538315520743,0.909891293765258,1.0,0.882691300535661,0.9388209103840918,0.9428221802895986,1.0,0.9569689987522443,0.9290875318795803
prelu,1,BraTS20_Training_158.npy,0.8394447240394958,4.123105625617661,0.7689895101025276,0.9241123742045063,0.7582829134016625,1.4142135623730951,0.6432062529657564,0.9235087654490614,0.7134810337458466,1.4142135623730951,0.5716004779085411,0.9490509395699207,0.3267326692236056,5.0,0.34374999104817733,0.3113207473745107,0.8202410512960691,4.242640687119285,0.7545687539685288,0.8984343900429765
prelu,1,BraTS20_Training_177.npy,0.8385822366521627,2.0,0.8685917226153554,0.8105771303331817,0.3204193247027819,8.366600265340756,0.5664786416883268,0.2233873523247939,0.47401085929398423,8.774964387392123,0.5891996085901677,0.39649577938678926,0.025414364500473123,9.195067576971342,0.11274509251249547,0.014321295054039259,0.7949026418950663,2.0,0.7616770551091477,0.8311591494305264
prelu,1,BraTS20_Training_178.npy,0.9650475472664419,0.0,0.994875035930411,0.9369565216178886,0.9562951470213439,0.0,0.9659655735741128,0.946816425241362,0.9106420376538963,1.0,0.9857944289932107,0.8461365169953433,0.7309718433357725,5.744562646538029,0.5826254820631028,0.9806661235082598,0.9079389515035692,1.0,0.9601440197369618,0.8611181307777726
prelu,1,BraTS20_Training_184.npy,0.9408359898472433,1.0,0.9652259619297818,0.9176482431585741,0.9544875315998355,0.0,0.9604498503728089,0.9485987821377053,0.9313084686789682,1.0,0.9811790032737475,0.8862622804928202,0.8580066719286883,3.605551275463989,0.7931256018033244,0.9344485648819555,0.9091105820704327,1.0,0.9421512314894965,0.8783088447786388
prelu,1,BraTS20_Training_185.npy,0.9461633626874663,1.0,0.9287449114666364,0.9642476617776432,0.9410440243189899,1.0,0.9521202188257623,0.9302225691272505,0.8864286854543246,1.0,0.9760358339542359,0.8118912011465664,0.7844479385858699,3.605551275463989,0.6771171551194352,0.9322145676885427,0.8486327159732279,1.4142135623730951,0.7989749579629352,0.9048721801789857
prelu,1,BraTS20_Training_187.npy,0.9319420953441833,1.0,0.9418304935624912,0.9222591787512423,0.9012019547426079,1.4142135623730951,0.843461368504466,0.9674289531958458,0.875165372697241,1.0,0.8872804573347977,0.8633766743342748,0.48685837952734295,10.63014581273465,0.3680673248973951,0.7188677083450888,0.8315015997633077,2.23606797749979,0.9409760981992339,0.7448452438607773
prelu,1,BraTS20_Training_190.npy,0.8842107775939184,1.4142135623730951,0.8176718710236806,0.9625383453016849,0.8643301014843002,1.0,0.8611193651697678,0.8675648693936479,0.8536483809442863,1.0,0.8394922706116366,0.8682900996630069,0.2819089868822532,5.0,0.3895705401972227,0.22086956137618155,0.8111641939886906,2.0,0.7334735404042876,0.9072628837420857
prelu,1,BraTS20_Training_192.npy,0.9516196534197069,0.0,0.909519999909048,0.9978058626253065,0.9790408524174001,0.0,0.9707332689815136,0.9874918563558659,0.9378469705111492,1.0,0.9384698985940041,0.9372248682764127,0.9720002775752101,0.0,0.9537119088187934,0.9910037536367474,0.9196885978455922,1.0,0.8640686344533853,0.9829616884498508
prelu,1,BraTS20_Training_213.npy,0.9161841518285435,1.0,0.908806104848116,0.9236829749303608,0.8377835197690355,2.449489742783178,0.9939212906807519,0.7240418381722241,0.8488606944360763,1.0,0.9985276395405384,0.7382118644608323,0.20620185640311886,5.916079783099616,0.2521130155708452,0.17443608993410847,0.8261413966199814,3.0,0.7196861159417537,0.9695573974779325
prelu,1,BraTS20_Training_214.npy,0.9676816056121482,0.0,0.962435350606802,0.9729853688966669,0.9312151682621735,1.0,0.9094001417092403,0.954102531977997,0.9232891059840626,1.0,0.9099762548917801,0.9369972712033602,0.7340036554684602,6.082762530298219,0.6763529149792527,0.8023981993444961,0.9412571069865296,1.0,0.9436533073815275,0.938873044896033
prelu,1,BraTS20_Training_215.npy,0.9122831472881809,1.0,0.981581473334896,0.8521243211869475,0.9250076254702445,1.0,0.8844508635952305,0.969462627197606,0.9001700168216481,1.0,0.8673296327215042,0.9355951931580412,0.7747719070789455,5.385164807134504,0.7260886849014827,0.8304525803610956,0.8100661966593323,1.4142135623730951,0.9855233123620726,0.6876421874857488
prelu,1,BraTS20_Training_222.npy,0.9000133889376495,1.0,0.9920957687792404,0.8235726535371034,0.9013657051733488,1.0,0.8449889860086371,0.9658029990917834,0.9340113664768105,1.0,0.9067255187516257,0.9629903763101525,0.6585891204669113,5.385164807134504,0.5347616942074258,0.8570427410158182,0.8144475313497653,1.4142135623730951,0.9724405425270795,0.7006177376450148
prelu,1,BraTS20_Training_231.npy,0.9646693024233265,0.0,0.9915076203499551,0.9392456221857403,0.92741447590633,1.0,0.9042827885085293,0.9517606539016094,0.8976877028447008,1.0,0.8525564801693032,0.9478641656482237,0.6766697157578502,4.123105625617661,0.8116769077882421,0.580169437433057,0.930885802617735,1.0,0.984941872952166,0.8824544954629957
prelu,1,BraTS20_Training_232.npy,0.9227897953707097,1.0,0.9371959044599868,0.9088198684532925,0.35573856764737655,13.0,0.9603811418248394,0.21829995811897254,0.27900146832635775,30.017494679395014,0.9545340342764781,0.16337761719619176,0.441589246013858,13.0,0.5582208867655128,0.3652714180337756,0.7260903493621116,7.280109889280518,0.6175516223176742,0.8809173151738277
prelu,1,BraTS20_Training_237.npy,0.9510526415883712,0.0,0.9219356746926162,0.9820687571579165,0.8060024231883675,4.58257569495584,0.816273361972334,0.7959867449204762,0.8909707918638596,1.0,0.9035768908674098,0.8787115962705466,0.4661936558502746,24.385444517813323,0.47096026091392407,0.4615225695057096,0.9137322391244924,1.0,0.8780284781273322,0.9524627628210331
prelu,1,BraTS20_Training_241.npy,0.9574635752874913,0.0,0.9527604496655054,0.9622133634261035,0.9133906112459804,1.0,0.909470810751295,0.9173443463877401,0.856176309551149,1.0,0.8951978692324085,0.8204145451594275,0.6687303481442146,16.24807680927192,0.5962014861157802,0.7613497609272118,0.9316747361266552,1.0,0.9268347431759139,0.9365655439085576
prelu,1,BraTS20_Training_242.npy,0.8736727644178015,1.7320508075688772,0.9941409802041302,0.7792452290870232,0.8913593862467902,1.4142135623730951,0.9810191185529783,0.8167160474938064,0.8444368609960698,1.4142135623730951,0.990610669993955,0.7358546671525898,0.7634654300689003,4.58257569495584,0.6667807039950043,0.8929444091433347,0.7401846043500895,4.123105625617661,0.8957297841399552,0.6306679207410469
prelu,1,BraTS20_Training_246.npy,0.9042504006207426,1.4142135623730951,0.83030268713398,0.9926576323414948,0.5431072727007323,13.076696830622021,0.3729663856254765,0.9986947294291104,0.6847774707851885,3.1622776601683795,0.521899055583065,0.9954433668483702,0.178814949798062,18.027756377319946,0.10724282710494978,0.5376014020223605,0.505196769233646,9.219544457292887,0.7325494584114645,0.38554098512215973
prelu,1,BraTS20_Training_249.npy,0.8645437950082052,2.8284271247461903,0.7618861178377928,0.9991739962943309,0.8886326951839129,1.0,0.8000276774610077,0.999308556036123,0.9107567377432068,1.0,0.8486658697487725,0.9826502962806788,0.006265664121142455,21.523184641397087,0.003144654068272616,0.8333319444467593,0.7309087525608612,4.58257569495584,0.6359834891855333,0.8591420967020875
prelu,1,BraTS20_Training_256.npy,0.9430653236549923,1.0,0.9178535998245693,0.9697012042678934,0.8776200076467476,2.0,0.8152229707398763,0.9503604453487708,0.7870949462912424,3.0,0.7224699961352712,0.864417063246458,0.6095349710756103,6.164414002968976,0.5769995603003789,0.645958802838807,0.6590104855676996,7.0710678118654755,0.7289230398057575,0.6013351556820714
prelu,1,BraTS20_Training_257.npy,0.9598120060275971,0.0,0.953598380825671,0.9661071378853884,0.9171442665513553,1.0,0.9702079812332707,0.8695839924646726,0.9038589483932722,1.0,0.9943275379740828,0.8284799505805154,0.35667681445551624,9.219544457292887,0.26920551366247203,0.528350508655277,0.9458199462118007,1.0,0.9288055194870194,0.9634693663107833
prelu,1,BraTS20_Training_266.npy,0.9436958208156488,1.0,0.9471411944011823,0.9402754223691788,0.6767131202514474,7.0,0.5297536189693229,0.9365118419338593,0.0,373.0,0.0,0.0,0.6728549698772356,7.0,0.5234201000405693,0.941710492773785,0.6890517546429064,4.123105625617661,0.8697530357528107,0.5705196747833298
prelu,1,BraTS20_Training_270.npy,0.9484892647866391,1.0,0.9167003638686684,0.9825620872775069,0.980312367274594,0.0,0.9812747251309487,0.9793518950369454,0.9689353523170967,0.0,0.9701086504155082,0.9677648887213904,0.8913180042145257,1.0,0.8906465776639717,0.8919904427360865,0.8969769609204304,1.0,0.8405590913714515,0.9615132047164149
prelu,1,BraTS20_Training_272.npy,0.9650218467864122,0.0,0.9649196235685502,0.9651240916156661,0.756982952005456,5.830951894845301,0.7527216771491028,0.7612927489383204,0.0,373.0,0.0,0.0,0.761065056365673,5.916079783099616,0.7499006218183111,0.7725669444267848,0.7936581852961285,3.1622776601683795,0.7965328624399324,0.7908041828172776
prelu,1,BraTS20_Training_276.npy,0.8628339217188367,12.449899597988733,0.9167610417403805,0.8148987037852493,0.9038781811754959,1.0,0.9320412145926368,0.877367203516473,0.7948717936440041,1.4142135623730951,0.9992232970903949,0.6599127964608545,0.3840579690266151,6.0,0.24716855265044269,0.8607888431371499,0.8452749770916285,13.490737563232042,0.9001640092874811,0.7966951354021039
prelu,1,BraTS20_Training_296.npy,0.9594911022954697,0.0,0.9946762899975525,0.9267101163875359,0.8110096821533231,3.605551275463989,0.7871471107543435,0.8363642850201167,0.46635977316467786,4.358898943540674,0.30670703289083195,0.9726735580268214,0.7261286707426698,3.7416573867739413,0.7588486376065233,0.6961137030172367,0.7575850707638189,3.7416573867739413,0.8468345905859704,0.6853542710849612
prelu,1,BraTS20_Training_297.npy,0.6201883166970817,12.68857754044952,0.4514675413585173,0.9902673631029814,0.002223821046357629,22.20360331117452,0.0011131482444256494,0.9999994117650519,1.0,0.0,1.0,1.0,0.002223821046357629,22.20360331117452,0.0011131482444256494,0.9999994117650519,0.4623317930294868,14.567079726714013,0.3742027761268517,0.6047595586779493
prelu,1,BraTS20_Training_301.npy,0.8941846759237398,1.4142135623730951,0.9062635244756921,0.8824235706519337,0.6378101742179008,10.63014581273465,0.9244471528949247,0.4868545332385575,0.6966527187543767,7.681145747868608,0.6878388828096078,0.7056953623690189,0.6236439989281914,10.816653826391969,0.9247530666533313,0.47045804277690045,0.6279613288284674,10.04987562112089,0.4951323654550647,0.8581867471358168
prelu,1,BraTS20_Training_308.npy,0.9364038455391978,1.0,0.9110600868175948,0.9631979694924281,0.7549275101562527,7.483314773547883,0.6650174813203367,0.8729498968780459,0.7774095010220254,5.477225575051661,0.8459688814059846,0.7191294929432134,0.7330273953261804,7.810249675906654,0.6382922778412474,0.8607847710669729,0.5662395236250332,10.63014581273465,0.7115236041329801,0.47022545878184696
prelu,1,BraTS20_Training_312.npy,0.9076448278377327,1.0,0.9656622016085669,0.8562037611760206,0.6689116618077128,7.681145747868608,0.6352536964483628,0.706335806138597,0.0,373.0,0.0,0.0,0.6715370313703194,7.874007874011811,0.6288269218005971,0.7204716797496666,0.6913212644388113,3.4641016151377544,0.7915972244053465,0.613593954437996
prelu,1,BraTS20_Training_320.npy,0.8701027310911571,3.0,0.79499572719638,0.9608817735658646,0.8499291035768517,1.7320508075688772,0.899419166602692,0.8056013172586479,0.8232003723625222,2.0,0.7395309873898888,0.9282174486736485,0.4639205368625175,6.48074069840786,0.8052738295878609,0.325810421982334,0.7411956706877693,5.196152422706632,0.6364038643571046,0.8873007707520305
prelu,1,BraTS20_Training_327.npy,0.9541970813372606,0.0,0.9343408744796606,0.9749155638303998,0.7840720411480285,5.0990195135927845,0.6519518625459713,0.9833514257250896,0.5432522901060376,4.47213595499958,0.3796244996124195,0.954791761952637,0.7324163729023766,5.385164807134504,0.6213101716367548,0.891913369422809,0.4771398485205696,10.099504938362077,0.8169018918248336,0.33698331298170053
prelu,1,BraTS20_Training_332.npy,0.9447074496263242,1.0,0.9987421381878391,0.8962195159301422,0.15364319053053135,22.135943621178654,0.9598478404063912,0.0835049271644709,0.8568512353741994,1.0,0.8703991660425134,0.8437185887250322,0.0246461022405155,22.64950330581225,0.7231121115992653,0.012536697606706063,0.6697332515821425,6.4031242374328485,0.5559644223162477,0.8420433538223145
prelu,1,BraTS20_Training_339.npy,0.9288647386700388,1.0,0.894520576748132,0.9659514110962485,0.9693428617232444,0.0,0.9769460561213466,0.9618570987123718,0.942034042761424,1.0,0.9477790489577189,0.9363582639355724,0.9632649889400308,0.0,0.9733568762121417,0.9533802217789384,0.8755478796367276,4.123105625617661,0.8111867604024904,0.9510022270293415
prelu,1,BraTS20_Training_345.npy,0.8375553586795741,5.385164807134504,0.8961849072480804,0.786126002581107,0.4228491039453394,16.792855623746664,0.9283159932894733,0.2737775645859168,0.9039342836974196,1.0,0.8796701432519857,0.9295749583326073,0.020586521641363036,20.615528128088304,0.7571428210884371,0.0104351250177626,0.8832884418022334,1.4142135623730951,0.8695254458299411,0.8974941307418732
prelu,1,BraTS20_Training_346.npy,0.9677501076072411,0.0,0.9730624720151484,0.9624954330646792,0.9688832467633288,0.0,0.9558427014548418,0.9822845374322747,0.9099985316198064,1.0,0.8736960808874767,0.9494485290481585,0.980497815480819,0.0,0.985922268391968,0.9751327253893787,0.863911247919293,1.4142135623730951,0.9730364515473164,0.7767944192778862
prelu,1,BraTS20_Training_348.npy,0.9766623152816257,0.0,0.9715833635788058,0.9817946463456529,0.9362716938276784,1.0,0.8957764304683604,0.980601640659872,0.8943863694437971,1.0,0.8240711117352791,0.9778205577457713,0.8478000639841755,2.0,0.8917209182583706,0.8080026708175175,0.842527066367199,2.0,0.9149998000099814,0.7806921921308447
prelu,1,BraTS20_Training_357.npy,0.9158124627916513,1.0,0.9218057776599333,0.9098965779472088,0.8966355216624134,1.0,0.8641227535376044,0.9316905390170707,0.8475153666416665,1.4142135623730951,0.7780799559572478,0.9305578135220705,0.8925125429889461,1.0,0.9197573820028265,0.8668353473274901,0.8437156032430418,1.4142135623730951,0.8750867049493968,0.8145159118676146
prelu,1,BraTS20_Training_359.npy,0.9720312244056145,0.0,0.9829538953103568,0.9613486329722206,0.9761508240481519,0.0,0.9745278592798465,0.9777792033496344,0.9442974613971581,1.0,0.9548461729674104,0.9339792775791297,0.954998409584703,0.0,0.9358022121561304,0.9749986465853138,0.93443775393,1.0,0.9627460239449706,0.9077466667930322
prelu,1,BraTS20_Training_001.npy,0.9159043634991711,1.0,0.852350106341077,0.9896999108101582,0.9303985721759095,1.0,0.9778395273873244,0.887347916348873,0.8852515803437686,1.0,0.9211664620715282,0.852032140548784,0.8430642571376057,2.449489742783178,0.901832544905891,0.7914867010732628,0.874588169041089,1.4142135623730951,0.7868130689202842,0.9844063298236838
prelu,1,BraTS20_Training_006.npy,0.9313793076972379,1.0,0.8845392866527662,0.9834574556652248,0.9213614200992183,1.0,0.8821979001826674,0.9641636556576106,0.8266676436204188,1.0,0.9043934895757262,0.7612443902010175,0.6476196588720684,4.123105625617661,0.5088276833591466,0.890527058452788,0.9108757600404518,1.0,0.8616974983430766,0.9660071149516333
prelu,1,BraTS20_Training_007.npy,0.9275634027701363,1.0,0.9105049535103473,0.9452732409586282,0.932970143175255,1.0,0.913885109434043,0.952869298545855,0.8908675045818759,1.0,0.8853710003484803,0.8964326797691391,0.8526461952589938,15.84297951775486,0.8131253654704962,0.896204992227684,0.8935285365002825,1.0,0.8776818329864889,0.909957991560513
prelu,1,BraTS20_Training_022.npy,0.9484323127297358,1.0,0.9436565957685698,0.9532566139291053,0.9187383655610134,1.0,0.861866370446889,0.9836462520549671,0.8734760377342895,1.0,0.8532462538536599,0.8946883806786624,0.807201937208243,4.123105625617661,0.7113402056126448,0.9329248960252193,0.8880093249704736,1.0,0.9248152394747163,0.854020892664329
prelu,1,BraTS20_Training_025.npy,0.9158086797265862,1.0,0.9568745998669779,0.8781225396600824,0.9589738777179003,0.0,0.9692757861309501,0.948888652870169,0.8959934806747266,1.0,0.9460792743956409,0.8509441745687008,0.9434331672813436,1.0,0.9154343803063081,0.9731986894251099,0.83067635596765,1.4142135623730951,0.8965451158298988,0.7738238697635159
prelu,1,BraTS20_Training_027.npy,0.7440309816049823,6.782329983125268,0.9945084622202454,0.5943401301452323,0.9281938943852983,1.0,0.9087081411448046,0.9485336396333962,0.8469426993824694,1.0,0.7884248205319662,0.9148435330138165,0.845594179010728,1.4142135623730951,0.9066219797681475,0.7922641882526115,0.6291205581586374,9.433981132056603,0.9795804532606812,0.4633500045352677
prelu,1,BraTS20_Training_029.npy,0.9337295007195258,1.0,0.9122548153337949,0.95623959770754,0.9442613941898261,1.0,0.9302136855149937,0.9587398927254811,0.8941774903313857,1.0,0.8633573042214396,0.9272795762485314,0.8204551817351639,1.4142135623730951,0.8623744780722122,0.7824222894832675,0.9227714279526811,1.0,0.900540422348283,0.9461278172119275
prelu,1,BraTS20_Training_032.npy,0.9020989021164052,1.0,0.9520377354897971,0.8571380033780193,0.8919042447317875,1.0,0.8956397011499485,0.8881998174281976,0.7859971024693398,1.0,0.8510927524301027,0.7301516096437144,0.7860940117612661,3.7416573867739413,0.7142493953041192,0.8740083980805594,0.6479357795069114,2.449489742783178,0.7475192935529005,0.5717658959590438
prelu,1,BraTS20_Training_037.npy,0.8864385986118185,1.7320508075688772,0.8042747032675441,0.9873001940884533,0.9067440053701351,1.0,0.9433112353632028,0.8729060161726677,0.8270100682814059,1.0,0.7883023848749549,0.869715337320866,0.7620417629874516,3.605551275463989,0.897082922651499,0.6623376618033898,0.8532904511071895,2.0,0.7576184593139433,0.9766176399199288
prelu,1,BraTS20_Training_040.npy,0.9382227101988481,1.0,0.921345390118436,0.9557298897716892,0.956566441394397,0.0,0.9321279617576997,0.9823208758576042,0.8803570633564957,1.0,0.8262337442371483,0.9420682440157455,0.9343969332743526,1.0,0.9530828969445327,0.9164295870166482,0.9029562518547666,1.0,0.8899131668516287,0.9163873578994053
prelu,1,BraTS20_Training_049.npy,0.9237691078326471,1.0,0.9193141153217237,0.9282674881830696,0.9554864303813296,0.0,0.9570262119531023,0.9539515935875957,0.8635745196492585,1.0,0.9567004632592477,0.7869702416885253,0.34571889866139827,5.656854249492381,0.21293532126432516,0.9184548962036525,0.9140366276070266,1.0,0.9090854975477518,0.9190419832469375
prelu,1,BraTS20_Training_051.npy,0.9417886629741211,1.0,0.9490746071441083,0.9346137333083884,0.9434297383311832,1.0,0.9077703082444056,0.9820052992037929,0.8862148705027967,1.0,0.862647843675965,0.9111057374991088,0.849056602746666,1.4142135623730951,0.78894133335819,0.91908876428623,0.9248343116396122,1.0,0.9390959082315128,0.9109994030337425
prelu,1,BraTS20_Training_052.npy,0.9003264441575205,1.0,0.9907625291666843,0.8250192823111839,0.9453906816404697,1.0,0.9586049318200357,0.9325357907220136,0.8603860381736244,1.0,0.9232667944588251,0.8055243438150521,0.8573673861911912,1.0,0.7844688103820442,0.9452025104067523,0.837769964696692,1.4142135623730951,0.964931178549798,0.7402215826834114
prelu,1,BraTS20_Training_054.npy,0.8805965995436044,1.4142135623730951,0.7911994498667168,0.9927689675791305,0.9372129485718945,1.0,0.902415561964938,0.9748015583851055,0.8958058377361798,1.0,0.8491859744421454,0.9478418567472463,0.847005682028992,1.0,0.8740039078724945,0.821625440534805,0.7380404301485735,2.23606797749979,0.6213384697044141,0.9087192521270031
prelu,1,BraTS20_Training_056.npy,0.8597421140517781,2.0,0.7662007132428033,0.9792996375023288,0.9137141033360108,1.0,0.8746505572203173,0.9564300769654146,0.856772220608128,1.0,0.8183105443522676,0.8990277098205991,0.8094077499333368,3.1622776601683795,0.77939450741681,0.8418250939900823,0.6326872164340787,5.0,0.5011569608073867,0.8578265526381496
prelu,1,BraTS20_Training_058.npy,0.7835905023143105,3.605551275463989,0.7307001597938393,0.8447350430608989,0.5154961613791356,19.026297590440446,0.6328097727557825,0.4348764690034075,0.5126851599716212,15.652475842498529,0.7094514002542466,0.40136628118295836,0.4456195268642415,24.413111231467404,0.5024804421842393,0.4003192214028128,0.6879293117984319,5.0,0.5944261586636774,0.8163393848061616
prelu,1,BraTS20_Training_062.npy,0.9504285447135623,0.0,0.966834616345064,0.9345699670139466,0.9545780060007659,0.0,0.9967099357945584,0.9158635345897864,0.8927197903639775,1.0,0.9895498122318449,0.8131508639623927,0.9015407342492768,1.0,0.8539584162065382,0.9547384885143393,0.9026460363198106,1.0,0.9049970093083577,0.9003072461539793
prelu,1,BraTS20_Training_065.npy,0.8432986762635643,2.23606797749979,0.9541877455415612,0.7554997454363238,0.922862216540393,1.0,0.9533420682743327,0.8942709591977601,0.8740310063403892,1.0,0.9688506947051532,0.7961165025121609,0.7195266229613809,4.123105625617661,0.5949119315566347,0.9101796270931194,0.8124999998324051,3.3166247903554,0.9338106296838412,0.7190843036550862
prelu,1,BraTS20_Training_069.npy,0.7700621156681335,12.727922061357855,0.6394774033880543,0.9676643636879316,0.9218693173533353,1.0,0.8708523001314517,0.9792357463930607,0.8323780856096897,1.0,0.8315526832374431,0.8332051276710224,0.8569949078401096,2.23606797749979,0.771841641220934,0.9632671532281788,0.68725398904393,16.401219466856727,0.5475921491461578,0.9225470142431471
tanhexp,1,BraTS20_Training_080.npy,0.8795783997898116,1.0,0.8299832930902205,0.9354772269814412,0.8437863239279394,2.0,0.7905303022816949,0.9047360995938701,0.8310959417284066,1.4142135623730951,0.8192284676745986,0.8433122966856822,0.66676764515788,4.69041575982343,0.5684400811765493,0.8062271032738934,0.8253061378382169,1.4142135623730951,0.7808851085552526,0.8750858200900263
tanhexp,1,BraTS20_Training_081.npy,0.925264806543747,1.0,0.946054801171491,0.9053689031820786,0.9077329392815912,1.0,0.9039592755068103,0.9115382416520058,0.7890042756328624,1.4142135623730951,0.7642603541251357,0.8154040393744899,0.9031470567833428,1.0,0.9218851560976326,0.885155517647815,0.8351100174815123,1.0,0.8822552693601969,0.7927477939849846
tanhexp,1,BraTS20_Training_084.npy,0.9296555474388704,1.0,0.917704396481485,0.9419220821268552,0.9284556503988167,1.0,0.9336683867908773,0.9233007965777287,0.845556884498771,1.0,0.9655341499365786,0.7521008399257335,0.6105423465517029,5.0,0.4619126866445875,0.9001995985523962,0.8688380451986405,1.0,0.8442115651576825,0.8949444530289227
tanhexp,1,BraTS20_Training_090.npy,0.9270567474986519,1.0,0.9177454066197495,0.9365589683474267,0.9710990852444409,0.0,0.976986353013653,0.9652823447499378,0.9347072848244129,1.0,0.9472820129995604,0.9224620295563887,0.9807902851693091,0.0,0.9788417592342885,0.9827465832424988,0.8045564112092658,2.23606797749979,0.7717627849367403,0.8402606369431724
tanhexp,1,BraTS20_Training_091.npy,0.9145484489496897,1.4142135623730951,0.858878868342937,0.9779348282096546,0.9525548072136403,0.0,0.934829637325977,0.9709651367584295,0.9197370430646827,1.0,0.8604118989619108,0.9878489322130665,0.770684038460355,2.449489742783178,0.9256650999106708,0.6601562490790231,0.8847218340251922,1.7320508075688772,0.8216067780029463,0.9583406573154488
tanhexp,1,BraTS20_Training_092.npy,0.9349490450513874,1.0,0.9337815181953228,0.9361194949691111,0.9542144567673017,0.0,0.9561051795057799,0.9523311969554352,0.925724493065962,1.0,0.8882257518782403,0.9665290078710022,0.8588988692745524,1.4142135623730951,0.9772127129807211,0.7661401619643152,0.7939877935352592,2.2006577808744776,0.7859254493663719,0.8022172652832477
tanhexp,1,BraTS20_Training_093.npy,0.9657445802862976,0.0,0.9436141512433593,0.9889379816397439,0.9707955038669275,0.0,0.9529538400072963,0.9893179947446777,0.9626832980199237,0.0,0.9484976772787629,0.977299677715865,0.8986496084586713,1.0,0.8711588798798968,0.927931893544794,0.9465132023637138,1.0,0.9227652760993027,0.971515751650023
tanhexp,1,BraTS20_Training_098.npy,0.9812936761684982,0.0,0.9930465559555032,0.9698157371213485,0.958298127373559,0.0,0.9440431756453445,0.9729901754606364,0.9001014091971892,1.0,0.9861237071530367,0.8278828945719409,0.7513468212014259,3.1622776601683795,0.6197090378383853,0.9539927027219369,0.9676664578204952,0.0,0.9883612618209533,0.9478205162053415
tanhexp,1,BraTS20_Training_105.npy,0.8937005296671026,1.4142135623730951,0.8199823940380992,0.9819828448981825,0.953561589299776,0.0,0.9181508135428182,0.991813342895602,0.933018949495224,1.0,0.9140999299895621,0.9527376476676697,0.895915676163595,3.0,0.8200675310175227,0.9872241522228563,0.8271762205366074,2.0,0.7415519761396475,0.9351550953211558
tanhexp,1,BraTS20_Training_110.npy,0.8127720368100568,2.449489742783178,0.7759802050653596,0.8532263684316523,0.8593012259503282,1.0,0.7921309164619397,0.9389186919565881,0.8579011824052651,1.0,0.754127779059125,0.9947916619564787,0.2921914284082764,3.7416573867739413,0.6744185262304039,0.18649517085224532,0.7658253363576223,4.0,0.7367726914377248,0.797263263266233
tanhexp,1,BraTS20_Training_133.npy,0.942349964882657,1.0,0.9183254055622316,0.9676653189399617,0.6363061465680702,7.810249675906654,0.47329437791028417,0.9705994236806152,0.8246624429434113,1.0,0.7233385716640444,0.9589968738212555,0.4961058516525622,9.643650760992955,0.3485734107451958,0.8601694911572635,0.5661964497351005,8.660254037844387,0.7698382848992681,0.4477540883892286
tanhexp,1,BraTS20_Training_134.npy,0.9169513042259657,1.0,0.9050375164603073,0.9291829388269878,0.9059826957887642,1.0,0.8792910134117485,0.934345610551764,0.8125942929443771,1.4142135623730951,0.7742016119153793,0.8549934427117168,0.8796336332246484,2.0,0.863376803432604,0.8965144227177426,0.7787065377955602,1.7320508075688772,0.7899912410263591,0.7677396886296759
tanhexp,1,BraTS20_Training_140.npy,0.9518022604089599,0.0,0.9497745827816423,0.9538386142840752,0.944715682135223,1.0,0.9134960746502857,0.9781447190414663,0.9034572007943321,1.0,0.9303228750646044,0.8780996187457415,0.8063192562016581,4.47213595499958,0.713953832873336,0.9261349057924244,0.9029983704017926,1.0,0.9153690283774895,0.8909576177577381
tanhexp,1,BraTS20_Training_149.npy,0.9185259246248971,1.0,0.9492555528049282,0.8897234889163098,0.8879009180612676,1.7320508075688772,0.8752303075264323,0.9009437795528612,0.8516089720970632,1.0,0.8484876078179229,0.854753386408777,0.6153006165836651,4.47213595499958,0.5975794879083408,0.6341049006743077,0.7879739576622624,2.449489742783178,0.8468469834463338,0.7367545844587507
tanhexp,1,BraTS20_Training_153.npy,0.9619762860816994,0.0,0.9879701525065793,0.9373151712005783,0.9791214543967965,0.0,0.9696161249669364,0.9888149932067601,0.9769977710215705,0.0,0.971353959823254,0.9827075486488611,0.9036295312663984,1.0621320343559078,0.842473735793772,0.9743589612097306,0.9551853599610624,0.0,0.9852247551467497,0.9269235617156008
tanhexp,1,BraTS20_Training_155.npy,0.9533240643145621,0.0,0.992262256265947,0.9173264893075702,0.9481384428026698,1.0,0.9300133863828577,0.9669840203958666,0.924139057590531,1.0,0.8742464052602826,0.9800710501862308,0.8620547825433456,3.4641016151377544,0.9133693552146255,0.8161993756757019,0.9397472210534955,1.0,0.9886713075586046,0.8954368138532671
tanhexp,1,BraTS20_Training_158.npy,0.8481940247664743,3.0,0.7733382529193668,0.9390942547802547,0.7316195353942943,2.23606797749979,0.6955034179105405,0.7716919697847507,0.7599035454360883,1.4142135623730951,0.6636582390874955,0.8887993481966209,0.2654508585060703,5.385164807134504,0.3411458244493275,0.21724709424134173,0.8263473052626694,3.1622776601683795,0.7515879204503042,0.9176218492848468
tanhexp,1,BraTS20_Training_177.npy,0.8378834894772034,1.7320508075688772,0.8234249530393569,0.8528588557754028,0.548601862354854,7.2006514325702025,0.6639806554070858,0.4673851363165903,0.5865665390631349,7.681145747868608,0.6779170619294401,0.5169117609050606,0.05930807151057543,7.681145747868608,0.08823528979238775,0.04466501129863496,0.8263483717871338,1.4142135623730951,0.7921612152743905,0.8636194369171296
tanhexp,1,BraTS20_Training_178.npy,0.9692711716909471,0.0,0.9838007170849808,0.9551645477161846,0.9692051138324742,0.0,0.9605788298620065,0.977987734711575,0.9451691098522172,1.0,0.9401922506019513,0.9501989386769898,0.8772275273814968,1.7320508075688772,0.860038609208457,0.8951175397879069,0.9160191048052794,1.0,0.9577332495436026,0.8777870237660228
tanhexp,1,BraTS20_Training_184.npy,0.9448711739063747,1.0,0.9614382065620671,0.9288654195020921,0.9603713209606091,0.0,0.9638849020154141,0.9568832622607363,0.928910118291444,1.0,0.9854109432825707,0.8785371501312139,0.8745206643678026,2.0,0.7911982005838752,0.9774585276788169,0.9191081717936792,1.0,0.9419768005703919,0.897323600866735
tanhexp,1,BraTS20_Training_185.npy,0.9407266225126292,1.0,0.9089271256332538,0.9748318453008643,0.9412764610774933,1.0,0.9516406216874543,0.9311356168991209,0.8989081906468478,1.0,0.9759718441926182,0.8331239414341169,0.7860251520887158,3.3166247903554,0.6969713095773826,0.9011699924974742,0.8306313429652137,1.4142135623730951,0.7530870752441545,0.9259779269490048
tanhexp,1,BraTS20_Training_187.npy,0.946795719888508,1.0,0.9417649627630226,0.9518805125512623,0.9038689905282639,1.4142135623730951,0.8333951433406808,0.9873626946359738,0.8709651813854686,1.0,0.8330971299202568,0.912439713700194,0.6171777436460463,7.0,0.519899479562913,0.7592387123331581,0.8564334142760645,1.4142135623730951,0.9527408040782193,0.7778089360680012
tanhexp,1,BraTS20_Training_190.npy,0.9127302889076301,1.0,0.9234336695471757,0.9022721876222358,0.8511865364228106,1.4142135623730951,0.8918276365608444,0.8140880723265322,0.8586336839991141,1.4142135623730951,0.9096120371485188,0.8130661535245072,0.21052631117266862,10.5236028144598,0.1472392592871393,0.36923074082840457,0.8519369943448365,1.0,0.8531234011103497,0.8507538825386141
tanhexp,1,BraTS20_Training_192.npy,0.9495696892868615,1.0,0.904749999909525,0.9990613956493969,0.9681040156405358,0.0,0.9417547227211801,0.9959701994595428,0.9243816251447537,1.0,0.8687881161350232,0.9875763600881485,0.9819777249470207,0.0,0.9917513116151399,0.9723948927395262,0.9133744221176137,1.0,0.8619746981442525,0.9712928066571698
tanhexp,1,BraTS20_Training_213.npy,0.9177071282343026,1.0,0.9240285167338028,0.9114716426157422,0.861939615539355,1.7320508075688772,0.9873709579272804,0.764784673148198,0.8362199425939633,1.4142135623730951,0.998460714095529,0.7193346187467047,0.20701667055608775,5.196152422706632,0.20091765225569272,0.2134975616795033,0.8290190252441794,3.605551275463989,0.7633172698738874,0.9070964243510693
tanhexp,1,BraTS20_Training_214.npy,0.9717399511045327,0.0,0.9692314671110397,0.9742614531996003,0.9338157510028338,1.0,0.9008222903156583,0.9693179283333913,0.9134566921820403,1.0,0.8731890289159334,0.95761784316805,0.6952745313873699,5.567039912272021,0.7079385118805254,0.6830556670397081,0.9469293252698852,1.0,0.958207900191329,0.9359131700882215
tanhexp,1,BraTS20_Training_215.npy,0.9068639923453615,1.0,0.9889308853808298,0.8373741092930601,0.924710699024095,1.0,0.9033664793890988,0.9470879438127291,0.8700260924514787,1.0,0.8225408569139142,0.9233298715285004,0.729869397383318,5.0,0.7723205400951277,0.6918418233952246,0.8011029851468511,1.7320508075688772,0.9804043035603507,0.6772449828425764
tanhexp,1,BraTS20_Training_222.npy,0.8810088064482564,1.4142135623730951,0.987602492296621,0.7951832679847937,0.8975959879565429,1.0,0.837830395706837,0.9665431434975721,0.9299831279043245,1.0,0.8963875004107476,0.9661950657741392,0.6226969275762432,5.477225575051661,0.5098382137742098,0.7997256460924167,0.7885957055233364,2.8284271247461903,0.9662651827262094,0.6661154696315957
tanhexp,1,BraTS20_Training_231.npy,0.9658016527230155,0.0,0.98682748375848,0.9456531031871553,0.9247753231373832,1.0,0.8875879260779119,0.965215075654132,0.8913790129969394,1.0,0.8325653981290712,0.9591335860965343,0.6693146123505315,5.0990195135927845,0.7952150992203356,0.5778309400672553,0.9332496514369792,1.0,0.9867284303833788,0.885269737945907
tanhexp,1,BraTS20_Training_232.npy,0.9155218859548795,1.0,0.9180770721891768,0.9129808832651121,0.3448868348308784,13.416407864998739,0.9730859228132968,0.2095845034170143,0.27015904008434743,32.03123475609393,0.9728711354612631,0.15685877438870083,0.4819040116406294,13.45362404707371,0.612193899989036,0.39734025171151394,0.6994891772475712,6.6332495807108,0.5767289412361964,0.8886419875540017
tanhexp,1,BraTS20_Training_237.npy,0.9506600691532162,0.0,0.9130351704956278,0.9915191838475248,0.8371983794522009,2.8284271247461903,0.8076269583509055,0.8690176318887554,0.897965132966601,1.0,0.9060477697928887,0.8900254271324403,0.5149729115229071,6.324555320336759,0.45588700278709077,0.591655265948488,0.9115780988768658,1.0,0.8747430995355725,0.9516516804545806
tanhexp,1,BraTS20_Training_241.npy,0.9472998296401602,1.0,0.9542671106931404,0.9404335499372454,0.9240711747182198,1.0,0.9093723176950693,0.9392530154135659,0.8573819885329189,1.0,0.90585077589242,0.8138365483748623,0.6558463584124816,8.18535277187245,0.5461775824476607,0.8206216528531921,0.9121162290776861,1.0,0.9284958407829289,0.8963045052410334
tanhexp,1,BraTS20_Training_242.npy,0.8808922219546411,1.4142135623730951,0.9959605515127987,0.7896589530859168,0.8789560741433613,1.4142135623730951,0.9895439619859452,0.7906013047102359,0.8349271189869515,1.4142135623730951,0.9818400171112017,0.7262571334321478,0.7865089170719236,2.8284271247461903,0.7618884698803872,0.8127737216389614,0.7578705546876695,2.8284271247461903,0.8639303079130296,0.6750041754321847
tanhexp,1,BraTS20_Training_246.npy,0.9060444409635764,1.0,0.8352130413297277,0.9900030190563247,0.7857186840910725,4.58257569495584,0.6478927590844129,0.9980289090175744,0.8102271478524685,2.0,0.6999734554245294,0.9617067828687575,0.5766726536325009,8.831760866327848,0.44935269399520966,0.8046679191692764,0.6234110168221538,5.385164807134504,0.7139324371435553,0.553261498208974
tanhexp,1,BraTS20_Training_249.npy,0.8682685457105191,2.449489742783178,0.7676738444518386,0.9992023572554001,0.8636316007796437,1.4142135623730951,0.7604483804961489,0.9992120250944284,0.8873297336346287,1.0,0.8058542409369504,0.9871333611884058,0.11012433327339056,17.32625753005471,0.05849056566987066,0.9393938445056722,0.7269185107413901,4.242640687119285,0.6442388106282572,0.8339444732551268
tanhexp,1,BraTS20_Training_256.npy,0.9444264762298191,1.0,0.9129295054313585,0.9781744625121159,0.9010495431828707,1.4142135623730951,0.8769008661471847,0.9265659295637545,0.8077215180980366,2.23606797749979,0.7951551873307819,0.8206914135839316,0.7006224247500852,4.898979485566356,0.6691645907376207,0.7351838647896456,0.6861648853704833,6.082762530298219,0.6498259093168866,0.7268088304434632
tanhexp,1,BraTS20_Training_257.npy,0.9587720208884289,0.0,0.9564634308722597,0.9610917821138467,0.9174049282690221,1.0,0.9521400458105356,0.8851149590287287,0.9061458637085478,1.0,0.9827081418273484,0.8406511694132808,0.3902894472908989,8.363601445219611,0.27445830417295924,0.6752827031456753,0.9452112450512177,1.0,0.9361218914853928,0.9544788367694808
tanhexp,1,BraTS20_Training_266.npy,0.9375371128764279,1.0,0.9335510753963375,0.9415573349725379,0.7341709371933024,5.385164807134504,0.6181792870899988,0.9037444032846234,0.0,373.0,0.0,0.0,0.7351526882876095,5.385164807134504,0.6144905343073181,0.9147800855230896,0.6981612739895393,3.605551275463989,0.8208900477541405,0.6073571534426783
tanhexp,1,BraTS20_Training_270.npy,0.9476062762321427,1.0,0.9072381721992696,0.9917340758673523,0.9797640739662737,0.0,0.9729523808098238,0.9866718175084067,0.9672216615399242,0.0,0.9539852366336592,0.9808305617837757,0.8908664536763475,1.0,0.9300690509352555,0.854834986320292,0.897211359124354,1.0,0.8317484087318422,0.9738591696050587
tanhexp,1,BraTS20_Training_272.npy,0.9615505871251253,0.0,0.9534741921823067,0.9697649729356428,0.7860192419288345,8.06225774829855,0.8475219592424796,0.7328388161823682,0.0,373.0,0.0,0.0,0.7844866318340061,8.0,0.8395973583587103,0.7361651412452873,0.7839761812750615,3.1622776601683795,0.731543507925123,0.8445052803216696
tanhexp,1,BraTS20_Training_276.npy,0.8979591835989443,1.4142135623730951,0.9572834086641273,0.8455586988159304,0.901866920892931,1.0,0.9244357190273902,0.8803738297187528,0.8194112954345087,1.0,0.9999999961165048,0.6940700789917248,0.4500241407531427,5.196152422706632,0.3104596914692892,0.8175438453062484,0.8830427608790259,1.4142135623730951,0.9441986419741782,0.8293271242685258
tanhexp,1,BraTS20_Training_296.npy,0.964347429529942,0.0,0.9914684925824948,0.9386706224666855,0.860198283242979,2.23606797749979,0.8828553517269062,0.8386750318121358,0.41208840757235526,7.810249675906654,0.26595249169425217,0.9146976353330044,0.7774869109465344,2.449489742783178,0.86846919248476,0.7037598543782135,0.7787854941662921,3.0,0.802393810611041,0.7565266961952078
tanhexp,1,BraTS20_Training_297.npy,0.5495267430009694,10.63014581273465,0.38040400545918435,0.9894023076970666,0.1185166932866104,12.206555615733702,0.06299109477279263,0.9999999896049897,1.0,0.0,1.0,1.0,0.1185166932866104,12.206555615733702,0.06299109477279263,0.9999999896049897,0.40910014847797666,11.575836902790225,0.30674357524227547,0.613976627111289
tanhexp,1,BraTS20_Training_301.npy,0.8870919676987697,1.4142135623730951,0.9177056468997952,0.8584548322754675,0.634318499426622,11.0,0.8653317080157875,0.500659876436802,0.6432626222837428,6.782329983125268,0.5558998178262333,0.763204534692646,0.6258525170086168,11.180339887498949,0.876412046814345,0.4867067606297483,0.6623054481951574,8.602325267042627,0.5724392106995875,0.7856420251695566
tanhexp,1,BraTS20_Training_308.npy,0.9355666663004331,1.0,0.9077479379553459,0.9651443580162076,0.7811560923817675,5.916079783099616,0.697928623214069,0.8869207295883139,0.7229105923694664,7.0710678118654755,0.8417255999409822,0.6334894606839584,0.7549348699067294,6.164414002968976,0.6644962634469627,0.8738693649449588,0.5986659254637537,9.433981132056603,0.7225836618707389,0.5110283544442646
tanhexp,1,BraTS20_Training_312.npy,0.9111409814543661,1.0,0.9671271790924065,0.8612820701411128,0.6735628809071512,8.54400374531753,0.6686606539252928,0.6785375191559858,0.0,373.0,0.0,0.0,0.6715037523221512,8.94427190999916,0.6615129761547467,0.6818009357718159,0.6875481360866353,3.4641016151377544,0.7633519600924422,0.6254395515569106
tanhexp,1,BraTS20_Training_320.npy,0.8397546686591281,7.3484692283495345,0.7330698566724337,0.9827802237558514,0.7962798559305517,3.0,0.9117134550709454,0.7067917443101001,0.8036003972978176,3.7416573867739413,0.9186408220643206,0.714166123417202,0.5384953793697859,5.656854249492381,0.6206896520249003,0.4755244736770611,0.6423812489473274,10.246950765959598,0.49421048731683365,0.9174424966337332
tanhexp,1,BraTS20_Training_327.npy,0.9622425192874182,0.0,0.9450536791604242,0.9800682112172268,0.7747749244579378,5.196152422706632,0.6452668802277277,0.9693224108604152,0.6336220984661564,3.7416573867739413,0.4772545395646325,0.94238482929089,0.733291709990367,5.744562646538029,0.6181134899485323,0.9012243226549473,0.44710407776466854,9.848857801796104,0.7703375568248557,0.3149507910883582
tanhexp,1,BraTS20_Training_332.npy,0.9403815313927918,1.0,0.9973425456643914,0.8895753992557913,0.1421106992702744,20.904544960366874,0.9885883305638701,0.07655799945124443,0.8667190341274704,1.0,0.8579574864802618,0.8756613710282467,0.027148699258686314,21.400934559032695,0.9038901394990815,0.01378131323223037,0.6072802671803617,7.0,0.48741655716869453,0.8053221713955204
tanhexp,1,BraTS20_Training_339.npy,0.9420723396238906,1.0,0.9345784545136527,0.9496873750250038,0.9656099246505753,0.0,0.9720662525654837,0.9592387947649033,0.9377726271256431,1.0,0.9364922498344709,0.9390565100427526,0.9518967839491822,0.0,0.9698253871022855,0.9346190202553908,0.9029295451592955,1.0,0.8849704201238052,0.921632674617374
tanhexp,1,BraTS20_Training_345.npy,0.8829877906552404,1.4142135623730951,0.9163804293080471,0.8519432250539934,0.6449918277813497,13.19090595827292,0.8980819231175522,0.503187613385075,0.8698060934741682,2.0,0.8983507221502007,0.8430195817387562,0.013585837765364681,18.416023080781528,0.1571428496598643,0.007099827867685396,0.8848303270629881,1.4142135623730951,0.8944336624479976,0.8754310187318752
tanhexp,1,BraTS20_Training_346.npy,0.9699591713819307,0.0,0.9894287714462932,0.9512410152263164,0.9751805086581624,0.0,0.9780613220700944,0.9723166157469655,0.929562620599058,1.0,0.9324781502211453,0.9266652654876146,0.9850403341642103,0.0,0.9878212429452281,0.9822750387778147,0.8680893544373355,1.0,0.9802705740508544,0.7789473678395317
tanhexp,1,BraTS20_Training_348.npy,0.9775130252168421,0.0,0.9767778024730256,0.9782493554867119,0.9498337528073136,1.0,0.9206082204848763,0.9809757048073655,0.9092524523612798,1.0,0.8535487407217337,0.9727343747466837,0.8787356487164454,1.0,0.9237194442183273,0.8379296892094659,0.8652466407884223,1.4142135623730951,0.9268575075151285,0.8113161386694219
tanhexp,1,BraTS20_Training_357.npy,0.9041278067804361,1.0,0.8932536004559498,0.9152700345348792,0.87569838250878,1.4142135623730951,0.8417524729086402,0.9124972637721614,0.8373174450202291,2.0,0.7835191727063373,0.8990482127484412,0.8634734112410509,2.23606797749979,0.8621855415509739,0.8647651332753913,0.8257188772275557,2.0,0.8315895951353787,0.8199304682491934
tanhexp,1,BraTS20_Training_359.npy,0.9720307453449397,0.0,0.9813903823639056,0.9628479495955742,0.9729946726080924,0.0,0.9557701323792961,0.9908514350450022,0.9448722010207363,1.0,0.9161273992566692,0.9754792512989917,0.9589908635384679,0.0,0.959538772679822,0.95844357926929,0.9315898388070074,1.0,0.9781766647840728,0.8892387847787813
tanhexp,1,BraTS20_Training_001.npy,0.9144614223305824,1.0,0.8497723104514568,0.9898110124415038,0.9316644484726334,1.0,0.9807340509480759,0.887271127312341,0.8845114075102003,1.0,0.9258164512559237,0.8467345792217273,0.8459992690153454,2.23606797749979,0.8996309001491738,0.7984023902083774,0.8728600351530797,1.4142135623730951,0.7833992659559007,0.9853869095947764
tanhexp,1,BraTS20_Training_006.npy,0.9325682570726596,1.0,0.8921800691489248,0.9767865019080608,0.9262341060996828,1.0,0.8851463031304118,0.9713221233954306,0.8308078912251878,1.0,0.8879579889008427,0.7805694549367224,0.6674109909851721,3.605551275463989,0.5427764323331434,0.8663446047775003,0.9145945945438895,1.0,0.8754417804018805,0.9574134687933916
tanhexp,1,BraTS20_Training_007.npy,0.9260143196915129,1.0,0.9194544581341028,0.9326684564805859,0.9321050104200943,1.0,0.915768545656829,0.9490349154749134,0.8942525016998285,1.0,0.8993343060572588,0.8892278039986711,0.8511969944434408,15.811388300841896,0.8004708628591204,0.9087871670271059,0.8917707064337888,1.0,0.8884091660948492,0.8951577817169769
tanhexp,1,BraTS20_Training_022.npy,0.9493756426509935,1.0,0.9487066559574991,0.9500455733512619,0.9248750213885751,1.0,0.8756079247721357,0.9800168045226987,0.8759858654767531,1.0,0.8503375221720336,0.903229566921284,0.8261541856301505,3.1622776601683795,0.753060566403785,0.9149623241853779,0.8923844872785889,1.0,0.9300979160294287,0.8576102731044772
tanhexp,1,BraTS20_Training_025.npy,0.9184535412008803,1.0,0.9623895310317157,0.8783540259649336,0.9615600522652891,0.0,0.9745861440367969,0.9488775749956797,0.8947732872905926,1.0,0.9265186709536404,0.8651312261033042,0.9530156267717897,0.0,0.9472170872113282,0.9588855964660921,0.8393819072811282,1.4142135623730951,0.9086180461813901,0.7799501807632772
tanhexp,1,BraTS20_Training_027.npy,0.7456091033381155,5.744562646538029,0.9949285798531196,0.5962057183423659,0.922498474197819,1.0,0.9220084205241379,0.9229890487185893,0.8362421329928496,1.0,0.7690334124289777,0.9163230478342649,0.7950733486231045,3.605551275463989,0.9176008310209167,0.7014134269422143,0.6354972494758362,8.06225774829855,0.979168182131886,0.47039634638134115
tanhexp,1,BraTS20_Training_029.npy,0.9356178947464122,1.0,0.917371012346655,0.9546053837756628,0.9429041991882349,1.0,0.9291317271718532,0.9570911103969196,0.8902505936617426,1.0,0.8537098739629717,0.9300592376647062,0.8174821307930672,1.4142135623730951,0.8783224992420408,0.7645244176631135,0.9248268304959398,1.0,0.9061811960430552,0.9442558918214944
tanhexp,1,BraTS20_Training_032.npy,0.9010957783399762,1.0,0.957320754355728,0.8511087996607815,0.8905900757458118,1.0,0.9144004584541593,0.8679882361028275,0.7895011624711656,1.0,0.8697061582456278,0.7228402566288543,0.7804116003664935,3.7416573867739413,0.7302656657807733,0.8379521574708982,0.6537655370929731,2.23606797749979,0.7393605284020281,0.585932721200583
tanhexp,1,BraTS20_Training_037.npy,0.864798200091435,2.23606797749979,0.7672149971689454,0.9908223508638447,0.9323414653062767,1.0,0.9240608529134536,0.9407718261915844,0.835412504867368,1.0,0.7707768267815726,0.911880861517294,0.8003778646644569,2.449489742783178,0.8793838076265882,0.7343978095489071,0.8344824885529014,2.23606797749979,0.7276474495013535,0.97808781554229
tanhexp,1,BraTS20_Training_040.npy,0.9397723991924665,1.0,0.9199250412035097,0.9604950540428517,0.9552977347463071,0.0,0.926629231592854,0.9857967922599219,0.8748453838131461,1.0,0.8106868952939784,0.9500317486689631,0.9323916795287285,1.0,0.9556189565405934,0.9102667333113906,0.9050698309553532,1.0,0.889727486113295,0.9209505827044407
tanhexp,1,BraTS20_Training_049.npy,0.9276387526295768,1.0,0.9194412655224163,0.9359837276375769,0.9558679296547151,0.0,0.9424151247477114,0.9697103670800125,0.8689412049994446,1.0,0.945738555917406,0.8036795509928283,0.3581847620892645,6.4031242374328485,0.2199004953243732,0.9650654600408096,0.9181439832608204,1.0,0.9104744139942311,0.925943862435994
tanhexp,1,BraTS20_Training_051.npy,0.9349816375772402,1.0,0.9664719913657587,0.9054786179836868,0.9361130992197227,1.0,0.8939842765785666,0.9824089138710349,0.8817470453202862,1.0,0.8426554743665353,0.9246420489620346,0.862499998982901,1.0,0.8219824661227637,0.9072190500937259,0.9172776984073867,1.0,0.9603522534071343,0.877901305015784
tanhexp,1,BraTS20_Training_052.npy,0.8874357566552714,1.0,0.9920392527431934,0.8027875127519016,0.9469868903672006,1.0,0.9393185935492786,0.9547814201128543,0.8655430906132473,1.0,0.8735780200970401,0.857654619262823,0.8734129939568587,1.0,0.8409131748320814,0.9085259256000662,0.819328293165965,1.4142135623730951,0.9771793333424379,0.705382599226627
tanhexp,1,BraTS20_Training_054.npy,0.8881017193833362,1.4142135623730951,0.8054753421081973,0.9896175701137125,0.9387642158141115,1.0,0.9065305683768354,0.9733746482546121,0.8970923748353902,1.0,0.8497059107497787,0.9500763022490821,0.8428806401752982,1.0,0.886032174280511,0.8037370420025409,0.7493374708900081,2.23606797749979,0.6409527611188478,0.9018376517378908
tanhexp,1,BraTS20_Training_056.npy,0.8650335029895434,2.0,0.7778463316730267,0.9742332767509699,0.9210202519169598,1.0,0.8899456955464331,0.9543434061698965,0.8701170754301287,1.0,0.8402584181422813,0.9021759782866895,0.8129736278793733,3.0,0.7867871382459668,0.8409632499172668,0.6377327737790924,5.656854249492381,0.5093038948566796,0.852772620185025
tanhexp,1,BraTS20_Training_058.npy,0.7250250541853237,5.830951894845301,0.6258404326858982,0.8615683790307572,0.41102948178894205,18.81488772222678,0.37591623014780906,0.4533782358427151,0.6239258939460504,8.578996658352503,0.7631186631438303,0.5276775584705932,0.11720101096368164,23.194827009486403,0.08404884555996103,0.1935413001020622,0.6726617279505082,6.708203932499369,0.5726272054480349,0.8150452161328945
tanhexp,1,BraTS20_Training_062.npy,0.9561166299702919,0.0,0.9603957608432864,0.9518754619989207,0.9634902543161192,0.0,0.994536499572384,0.9343236609155866,0.9084191806309143,1.0,0.9829479477878951,0.8443956793170521,0.9106574066861632,1.0,0.871651339028563,0.9533180272475577,0.914558944714781,1.0,0.9048121362726538,0.9245180286766467
tanhexp,1,BraTS20_Training_065.npy,0.7766105513029211,4.898979485566356,0.9409379262262355,0.6611465325675262,0.9168182987824041,1.0,0.9245085165805805,0.9092549602751869,0.8896585833916237,1.0,0.9656283531484842,0.8247706396796004,0.6695278928906935,4.527355824977709,0.5342465701150042,0.8965517094162281,0.7391089671580559,7.0,0.9226684363365092,0.6164665629877827
tanhexp,1,BraTS20_Training_069.npy,0.8137820333048217,8.12403840463596,0.7099081026755129,0.9532638353605555,0.9186919415574817,1.0,0.8706518935925299,0.9723430103042771,0.8312828396670247,1.0,0.8299532974026272,0.8326166479477463,0.8541136796347515,2.23606797749979,0.774380764444823,0.9521503657520546,0.7490380800897939,10.392304845413264,0.6368074056050983,0.9092911830176131
relu,2,BraTS20_Training_076.npy,0.9102036102138481,1.0,0.8926243738159931,0.9284891631953488,0.8078986631931494,2.8284271247461903,0.6970527003960487,0.9606644009357007,0.7739134769852236,2.0,0.7456730762060836,0.8043771384665729,0.5466922669342885,6.4031242374328485,0.39877769238760163,0.8690344038040111,0.8511325465396752,2.23606797749979,0.919944146651178,0.7918987135735011
relu,2,BraTS20_Training_085.npy,0.929791209532896,1.0,0.9294438666419427,0.9301388118298693,0.7882304177494505,9.486832980505138,0.8803517683861334,0.713562182116747,0.5492098254589113,18.681541692269406,0.9842961245973296,0.38085937417348226,0.4004906458126628,4.47213595499958,0.25728920308396686,0.903181176996111,0.8817759619058878,1.0,0.8645656195954481,0.8996854105781811
relu,2,BraTS20_Training_097.npy,0.955365038754338,0.0,0.9814268048323835,0.9306516067708426,0.9672894215896759,0.0,0.9792940947050184,0.9555755025975062,0.9211233274029114,1.0,0.9449358747761847,0.8984814395903258,0.9433831754768827,1.0,0.9360516750359097,0.9508304281522123,0.8866944977288871,4.47213595499958,0.9581285056051538,0.8251730832170279
relu,2,BraTS20_Training_100.npy,0.967005408606404,0.0,0.9780946178500398,0.9561648296441695,0.9470339428219782,1.0,0.9119474763709138,0.9849282888596378,0.909305064614748,1.0,0.9076680012831436,0.9109480434710173,0.9123510942327914,1.0,0.8598500222488409,0.971680347423544,0.921397730299562,1.0,0.9889738817123261,0.8624658191558541
relu,2,BraTS20_Training_103.npy,0.9206401537302507,1.0,0.8650385933693784,0.9838804389618061,0.9034287510300444,1.0,0.8322352364469755,0.9879422091509062,0.8728928500114094,1.0,0.8011737503106999,0.9587146196218799,0.8208025946628983,2.23606797749979,0.7621453548754904,0.8892415815789122,0.3554945938716358,6.220463464047467,0.3700655125649832,0.3420276349293159
relu,2,BraTS20_Training_111.npy,0.9467539451211772,1.0,0.9491320355210068,0.9443877415026071,0.9433533225709803,1.0,0.9002638069524875,0.9907749936826153,0.9028563680741177,1.0,0.8516364095809024,0.9606316237936177,0.909410844037141,1.0,0.8878849568746692,0.9320064107240096,0.8607764388153323,1.0,0.9300867881732423,0.8010797337440201
relu,2,BraTS20_Training_112.npy,0.9745063741636487,0.0,0.979249931847855,0.9698085511510885,0.9810551265331879,0.0,0.9824592022022062,0.9796550582189639,0.9562738134112291,0.0,0.9470927991407796,0.9656345693287526,0.94184932939406,1.0,0.9652671750462011,0.9195408264494386,0.9580282510228533,0.0,0.9645669290379616,0.9515776257685516
relu,2,BraTS20_Training_141.npy,0.8960933388571478,1.0,0.8669905154443718,0.9272178512061661,0.2207172832690602,8.831760866327848,0.12685012594359157,0.8488627964133324,0.005633802737552074,25.594913989642244,0.0028248587171630125,0.9999950000249999,0.23572743990615158,8.774964387392123,0.1369309400488162,0.8464364375721055,0.6866824067747168,3.605551275463989,0.8612934201526385,0.5709359080162691
relu,2,BraTS20_Training_142.npy,0.9259538527650604,1.0,0.946873312555422,0.9059387673139515,0.9460580903516518,1.0,0.9599037671212836,0.9326061532282701,0.9256127572240044,1.0,0.9243266333383356,0.9269024631792017,0.36713735087115085,6.18042813470574,0.4612903077003127,0.3049040446715556,0.8480673083477215,1.0,0.8714446800257554,0.8259114109655488
relu,2,BraTS20_Training_143.npy,0.9401350447118523,1.0,0.9604928532890555,0.9206222992145902,0.9461560846064622,1.0,0.932469987483441,0.96024991464628,0.7381256628717124,2.0,0.6127913909649302,0.9279114692940423,0.7984064385675327,1.7320508075688772,0.9599388436531248,0.683407046021107,0.6652981771960187,3.3166247903554,0.8074742264572705,0.5656936501457437
relu,2,BraTS20_Training_148.npy,0.8752337913538601,1.4142135623730951,0.8136115168540009,0.9469554249196185,0.6472138641280977,12.328828005937952,0.7735927957920229,0.5563285681664236,0.7010534885487675,7.483314773547883,0.7027344144971256,0.6993805845352454,0.4601705131630704,14.628738838327793,0.6569742419272304,0.3540969482939277,0.7522837763786411,3.1622776601683795,0.6341077373120138,0.9245971217024209
relu,2,BraTS20_Training_157.npy,0.9325095967411764,1.0,0.8936462147501976,0.9749068878205993,0.9526593699090959,0.0,0.9403318887033304,0.9653143640012884,0.9494664978696361,1.0,0.934630386546682,0.9647812164148681,0.8885350312576068,1.4142135623730951,0.890543954128815,0.8865351504216402,0.874403208240575,1.0,0.8083423565725855,0.9522224992506938
relu,2,BraTS20_Training_160.npy,0.9097824215760777,1.4142135623730951,0.8478155415103578,0.9815219064155649,0.8373930387797238,2.8284271247461903,0.7857438972875674,0.896309998901719,0.8160941080317594,1.7320508075688772,0.847353610092398,0.7870589214506412,0.7384557152798004,4.358898943540674,0.6421723923797218,0.8687037343828397,0.5192996606819175,8.06225774829855,0.47794663511988583,0.5684863908766656
relu,2,BraTS20_Training_166.npy,0.9527079164925606,0.0,0.9358690964784119,0.9701637909079711,0.9701728664223034,0.0,0.9535315378303539,0.9874053715183683,0.9435645537807062,1.0,0.9078973942823879,0.9821487095544499,0.9204777617002681,1.0,0.9837084304805942,0.8648848192078523,0.9285162745246588,1.0,0.9119177831606691,0.9457302108823015
relu,2,BraTS20_Training_170.npy,0.9497637207042771,1.0,0.9130434781685925,0.9895613121211938,0.9332040195346352,1.0,0.8972303781853701,0.9721828105369178,0.9213556372940273,1.0,0.9621143368405064,0.8839099618702863,0.8111116438079395,3.605551275463989,0.7057104686043493,0.9535250976271573,0.9138242346654095,1.0,0.878457908320886,0.9521576810876362
relu,2,BraTS20_Training_171.npy,0.9071272901897117,1.4142135623730951,0.8623356587394477,0.9568270125840301,0.7639786829909018,7.0710678118654755,0.9009805038050136,0.6631422157191409,0.7714191015932664,2.23606797749979,0.8241855519215147,0.725002595408056,0.728545353241512,8.0,0.8849203365239515,0.6191371331608033,0.4717436890724795,11.575836902790225,0.3492649948445792,0.7265145938662647
relu,2,BraTS20_Training_181.npy,0.9413958894840324,1.0,0.9837999288756644,0.9024962264245915,0.9233983265473577,1.0,0.9534995160426676,0.8951395099228644,0.9299453789362494,1.0,0.9569892426344612,0.9043879865848129,0.061855663726220235,8.636853091112524,0.07499998125000468,0.05263156971375969,0.9362789567309866,1.0,0.9791020841851678,0.8970447810158301
relu,2,BraTS20_Training_186.npy,0.9194327917377212,1.0,0.9811345574218929,0.8650324745616587,0.9544216820668938,0.0,0.9560355520697388,0.9528132514222395,0.9280180306151753,1.0,0.920773101006155,0.935377874947187,0.7583112596581917,5.0,0.8007763434173121,0.7201232025460748,0.86084269444024,1.4142135623730951,0.9656901743243607,0.7765325472643164
relu,2,BraTS20_Training_189.npy,0.9515728389926539,0.0,0.9386318010049279,0.9648757049765723,0.9373118277890121,1.0,0.9167426204456487,0.9588252544698889,0.9379333346982598,1.0,0.8896271182419765,0.9917867575371426,0.7790874244131265,3.1622776601683795,0.8415872506771016,0.725228862782406,0.9224460346230199,1.0,0.9131017795168124,0.9319835164266079
relu,2,BraTS20_Training_191.npy,0.9566851250350703,0.0,0.9502112776841978,0.9632477908712982,0.9505280361584042,0.0,0.9247752430101344,0.9777562236256324,0.9328068855963201,1.0,0.9492313622296237,0.9169411243361293,0.5812884131202876,5.830951894845301,0.42272546654567245,0.9302054481564834,0.7989683455761524,1.4142135623730951,0.8408234698345277,0.7610826193483117
relu,2,BraTS20_Training_194.npy,0.938352390426489,1.0,0.9668120251429995,0.9115203530743816,0.9697199675223036,0.0,0.9678525117192163,0.9715946435834575,0.9002371754556837,1.0,0.8598576049553766,0.9445961316994891,0.9570975677249963,0.0,0.9956705544247769,0.9214018050667195,0.7257625545378782,3.3166247903554,0.8320621269208791,0.6435466569025575
relu,2,BraTS20_Training_196.npy,0.9367953662874472,1.0,0.9007710058316923,0.97582119434283,0.9478223934668732,1.0,0.9643854436938997,0.9318186682944348,0.9342438036249059,1.0,0.951130336023706,0.9179464239058828,0.8459304600534256,3.0,0.8575747917607022,0.8345981092851199,0.914919349555245,1.0,0.860900139429365,0.9761715352546416
relu,2,BraTS20_Training_199.npy,0.9390781962173719,1.0,0.9974054167221671,0.8871959116304552,0.9203105588633058,1.0,0.8746495083159737,0.9710016707719775,0.8817922169079271,1.0,0.8107868559200384,0.9664279841270775,0.6353221949459162,5.0,0.778818019956647,0.5364772258434558,0.8607652911624302,1.4142135623730951,0.9924389714619334,0.7599389783005975
relu,2,BraTS20_Training_201.npy,0.9633771616062821,0.0,0.935292974918116,0.9932001354820905,0.9442141310766321,1.0,0.9019714750475014,0.9906079608589593,0.8643155098854161,1.4142135623730951,0.7691425097799269,0.9863677669163596,0.668112170664851,3.1622776601683795,0.8864595303289998,0.5360705166596259,0.9374507744375422,1.0,0.9147810969472728,0.9612725820879662
relu,2,BraTS20_Training_203.npy,0.9181307287201725,1.0,0.8667090315959841,0.9760389509563923,0.9284171209664908,1.0,0.9524453452389412,0.9055714279245919,0.8987939693975909,1.0,0.9543271785782445,0.8493684102484866,0.8630414237443781,2.449489742783178,0.8116751248434642,0.921348311952324,0.897370994585416,1.0,0.8340373201045237,0.9711137394989862
relu,2,BraTS20_Training_210.npy,0.9383463823331617,1.0,0.9981460712161461,0.8853069696412738,0.9355954019535716,1.0,0.9868335884017438,0.8894153468377776,0.9005814287317385,1.0,0.9909419140239982,0.8253231335926627,0.8640723855826681,3.3166247903554,0.7947065443657199,0.9467054256509352,0.9085435743323911,1.0,0.971073675431824,0.8535792612021663
relu,2,BraTS20_Training_217.npy,0.9070781359111809,1.0,0.8884515403724831,0.9265024775971945,0.9293416779056318,1.0,0.8824287542855095,0.9815227763913305,0.9436873738039205,1.0,0.9199062298888333,0.968730711852025,0.6949100862697041,4.47213595499958,0.6115879795515666,0.8045165786554934,0.7516010973226586,3.3166247903554,0.7604134514649592,0.7429906530856336
relu,2,BraTS20_Training_218.npy,0.9310601231795261,1.0,0.9449115997426233,0.9176088776418893,0.9208265115496627,1.0,0.9883175586862928,0.8619640006276131,0.8483270030133242,1.0,0.9593703465777542,0.7603226474789497,0.7367690526315976,1.4142135623730951,0.6695944680108417,0.8189246324101911,0.6056632380023638,20.615528128088304,0.5132835559946923,0.7385937730555225
relu,2,BraTS20_Training_220.npy,0.9090745923843904,1.0,0.9233066258454234,0.895274649353124,0.8668767675366663,1.7320508075688772,0.9758041038510391,0.7798261170713773,0.8061132752112414,2.23606797749979,0.940053762935455,0.7055808882992692,0.8089109977241749,3.7416573867739413,0.8419630787461019,0.7783558784824601,0.8611514552453872,1.4142135623730951,0.8449524025714014,0.8779837705528657
relu,2,BraTS20_Training_221.npy,0.9682980670909326,0.0,0.9640760148238465,0.97255726185861,0.9199838734742636,1.0,0.8786962901409935,0.9653427411376803,0.8939461248643081,1.0,0.8353775897582032,0.9613463624405327,0.6993861243485251,4.47213595499958,0.716334912659504,0.6832208289035554,0.8946532293356954,1.0,0.9338434696882449,0.8586198680443706
relu,2,BraTS20_Training_228.npy,0.893274063605005,2.23606797749979,0.895512481762023,0.8910468077023266,0.9503624818931068,0.0,0.9611984276163357,0.9397681272279838,0.9210692671719185,1.0,0.9348304299405771,0.907707368362667,0.9268292669058368,1.0,0.9266906016556236,0.9269679708860581,0.8616468810888337,4.47213595499958,0.861972303674029,0.8613217039816635
relu,2,BraTS20_Training_238.npy,0.8717413573290781,3.0,0.7757986094892649,0.9947634064081075,0.941034629368271,1.0,0.9837446800314449,0.9018788482436741,0.4720511950070265,11.224972160321824,0.998538648635165,0.3090841275516356,0.0069709887651799125,40.162171256046406,0.0035010542203320074,0.7842565369021418,0.258887671042508,10.099504938362077,0.1529800554406596,0.8413553741516528
relu,2,BraTS20_Training_239.npy,0.9157006471780995,1.0,0.9269103876304766,0.9047588004035516,0.7035850873096032,4.242640687119285,0.6311150774635382,0.7948573831706777,0.7477145580927039,2.449489742783178,0.7468992766159204,0.7485316203407573,0.46277780925396916,7.0,0.38243626026209987,0.5858527403647437,0.8433077064097861,4.0,0.8842290128408449,0.8060064673892987
relu,2,BraTS20_Training_247.npy,0.920857779666375,1.0,0.8569207880317267,0.9951050421392621,0.9521076401210554,0.0,0.9219625528188597,0.9842906471824828,0.9331098581780296,1.0,0.955978769654496,0.9113095235835045,0.8658466582890842,3.605551275463989,0.7702520331289886,0.9885315728181756,0.7265709340974325,2.8284271247461903,0.6297910522677115,0.8584958408965906
relu,2,BraTS20_Training_251.npy,0.9685476806766661,0.0,0.9534858478607969,0.9840930022921892,0.9289440808952545,1.0,0.9073205737285548,0.9516234250255315,0.9447059852788952,1.0,0.9164870073093799,0.9747179140923684,0.696137597018501,5.0,0.7046426368214946,0.6878354183427685,0.9477604625316279,1.0,0.9354895920840538,0.9603575269452358
relu,2,BraTS20_Training_253.npy,0.9583692285084205,0.0,0.9390627849655359,0.9784861881380482,0.9358719296179328,1.0,0.9535482889578494,0.9188389919975031,0.7634267057804794,1.4142135623730951,0.9863936315488172,0.6226755419271309,0.5176276976279336,4.69041575982343,0.34966649533977556,0.9961023118243549,0.8116456481981487,1.4142135623730951,0.7473478979601194,0.8880485139765273
relu,2,BraTS20_Training_255.npy,0.9690942923453038,0.0,0.9897382319127694,0.949293938944364,0.9554693429593645,0.0,0.9836668144998102,0.928843420824177,0.9083775286825144,1.0,0.9761210963438818,0.8494266543040834,0.8115185484550257,3.1622776601683795,0.7267780499974027,0.9186283052801374,0.8706450171614448,1.0,0.8750429699257012,0.8662910512438239
relu,2,BraTS20_Training_259.npy,0.9628895882302071,0.0,0.9654357409050542,0.9603568301337816,0.2919541540409472,20.73644135332772,0.9446494457973067,0.17265798878091887,0.8488209640367381,1.7320508075688772,0.914940220028347,0.7916140233799637,0.0665896603292661,21.93171219946131,0.822599302650986,0.03469928909002631,0.5722485386298278,10.246950765959598,0.4100544608363853,0.9467146909088158
relu,2,BraTS20_Training_271.npy,0.953508863259637,0.0,0.9833310532930781,0.9254423068147566,0.9049800327098543,1.0,0.9872720279386358,0.8353510892864909,0.4683544229690756,23.704420676493914,0.6607142562181135,0.3627450891484047,0.9096963448605215,1.0,0.9896071408902466,0.8417268822793798,0.8285625101759795,1.0,0.8127881841452492,0.8449612399936482
relu,2,BraTS20_Training_273.npy,0.907473652791098,1.4142135623730951,0.9194442676622957,0.8958107323847604,0.8396909101463644,3.3166247903554,0.8232666659866846,0.8567838245600167,0.2898517408460502,35.22782990761707,0.9882445063617202,0.16983164960292035,0.8296669367821743,3.3166247903554,0.7898193307073544,0.8737489202993701,0.7180317029145991,5.385164807134504,0.7510761249714633,0.6877723980460027
relu,2,BraTS20_Training_277.npy,0.45483391152462377,18.439088914585774,0.29507880328396346,0.9917837816393865,0.4783333293472223,3.1622776601683795,0.3153846119188504,0.989655138287754,0.7046153737751482,1.4142135623730951,0.5439429799538484,0.9999999563318797,0.16727272423140502,7.681145747868608,0.09406952772863952,0.7540982370330759,0.38819188171418456,18.708286933869708,0.25158865715641365,0.849365626645062
relu,2,BraTS20_Training_283.npy,0.9480841854130686,1.0,0.9623352569208512,0.9342490381054003,0.7913122995924498,2.23606797749979,0.7571753581053768,0.828672667277655,0.8056672406635711,2.23606797749979,0.7460992901187063,0.8755722005039823,0.1799590983644264,12.73967102338403,0.5945945544192869,0.10602409510814344,0.8830354428460682,1.0,0.9130770107081018,0.8549077291107494
relu,2,BraTS20_Training_284.npy,0.9498676595669253,1.0,0.9146615404059214,0.9878925021585936,0.9407452562661276,1.0,0.9304920584539507,0.9512269339561326,0.44912465387768247,12.049884857752744,0.5210751358549934,0.39463335555254836,0.9414561049592209,1.0,0.9270667803606294,0.9562991552981783,0.7129783522403839,2.449489742783178,0.6414317622636776,0.8024896647029978
relu,2,BraTS20_Training_285.npy,0.6915550565006041,14.212670403551895,0.5328054797435933,0.9850514873467938,0.5584774484610692,16.401219466856727,0.39104771867844956,0.9766268499508747,0.6456734580174002,3.1622776601683795,0.48075659992019365,0.9828141756637643,0.48495657115045776,16.792855623746664,0.33737056704525853,0.8620831473893535,0.5180516336362021,17.72004514666935,0.49521208210308093,0.5430998024587328
relu,2,BraTS20_Training_298.npy,0.9204611933355522,1.0,0.9223497799408036,0.9185803247741119,0.5068950371072046,12.083045973594572,0.45298273119860066,0.5753738777912524,0.19696968204775137,10.143845278332648,0.1382978576278875,0.34210517313021754,0.5071119354593551,12.083045973594572,0.45389846555915037,0.5744595670792038,0.7366307903882332,2.8284271247461903,0.7742198578814823,0.702522684631404
relu,2,BraTS20_Training_306.npy,0.9085115752672258,1.4142135623730951,0.8743234183989007,0.9454822127664194,0.7444345693419764,10.63014581273465,0.7161015202591465,0.7751020134261932,0.0,373.0,0.0,0.0,0.7572683354876335,10.862780491200215,0.7104363231108692,0.8107104235259402,0.7099469008478461,4.0,0.6835852742560345,0.7384232880013437
relu,2,BraTS20_Training_316.npy,0.9087445175231006,1.0,0.8672067106927327,0.954461697875465,0.6077878024962265,8.48528137423857,0.4704413884616565,0.8583994343716328,0.6946902637790308,12.806248474865697,0.8914826442177751,0.5690696714898522,0.590823903017867,9.0,0.4520903348200757,0.8524014941789507,0.7878895111574958,3.1622776601683795,0.8486256687789617,0.7352664735599714
relu,2,BraTS20_Training_318.npy,0.9543318049558458,0.0,0.9367865928507637,0.9725467746510223,0.8139886688140836,4.358898943540674,0.700053166492569,0.9722200504719273,0.4283413834836026,16.08102545992113,0.35849056410517216,0.531999995744,0.8070572917327637,4.358898943540674,0.6943108466843241,0.9635194828299608,0.6617929592118867,4.58257569495584,0.8955477813661471,0.524808155433282
relu,2,BraTS20_Training_319.npy,0.9623063093501282,0.0,0.9642131086246911,0.9604070367682771,0.8762525081656644,2.23606797749979,0.821477510298642,0.938854010558865,0.0,373.0,0.0,0.0,0.8831780564667688,2.0,0.8158521046210241,0.9626152317454807,0.6799685699792655,4.898979485566356,0.7905945781666632,0.5965015366578147
relu,2,BraTS20_Training_335.npy,0.9037310501569503,1.4142135623730951,0.8439127436410645,0.9726763944192316,0.7158923020453,5.0,0.7370582171198825,0.6959080848368557,0.0,373.0,0.0,0.0,0.707765069036796,4.69041575982343,0.7164777070990328,0.6992617829643446,0.6384000611343046,4.69041575982343,0.5478734575285018,0.7647640859798874
relu,2,BraTS20_Training_336.npy,0.9775921161693109,0.0,0.9953186993698343,0.9604859034307317,0.9741355895775476,0.0,0.9871072908402262,0.9615003916027755,0.9285065817229898,1.0,0.9411088102410358,0.9162374016052688,0.9715502223782562,0.0,0.9842751260796537,0.9591501391114868,0.9276782478904888,1.0,0.953745071855565,0.9029983822407007
relu,2,BraTS20_Training_340.npy,0.9741681766733388,0.0,0.9750578851331286,0.9732800902681903,0.9611171608736235,0.0,0.9511251978972793,0.971321291950687,0.9518908762636786,0.0,0.9419657287610845,0.9620274059890945,0.918862284392203,1.0,0.9093626099973391,0.928562530562679,0.9209438955192485,1.0,0.9379911224928519,0.9045052468518737
relu,2,BraTS20_Training_342.npy,0.9227021915132978,1.0,0.9646744738144596,0.8842299899379849,0.9164341414541495,1.0,0.9438728534701689,0.8905456691498232,0.8860889920474616,1.0,0.859135921328694,0.9147879962461204,0.873891921597812,4.58257569495584,0.9549584061305169,0.8055119562974314,0.8229343536024232,5.0990195135927845,0.8977094853131301,0.7596582628902692
relu,2,BraTS20_Training_354.npy,0.9575962113912144,0.0,0.9594182699009595,0.9557810603517123,0.9486846696978513,1.0,0.9349793618394767,0.9627977507125213,0.9106456570992846,1.0,0.8529517637053722,0.9767106345884767,0.8741424534813682,1.4142135623730951,0.9249039280196135,0.8286629684323203,0.9196888025335916,1.0,0.9408692510465088,0.8994409697513656
relu,2,BraTS20_Training_355.npy,0.97582798803954,0.0,0.978228266232568,0.9734394600673791,0.976263865018979,0.0,0.9720229089072808,0.9805419899515412,0.9470958569466646,1.0,0.9279827541782634,0.9670128387332148,0.9593343417610689,0.0,0.9835892660202918,0.9362468622659834,0.9339852241847953,1.0,0.9492117932086247,0.9192394496190351
relu,2,BraTS20_Training_358.npy,0.9603635283739245,0.0,0.9798518241480032,0.9416353214274015,0.9181262726007718,1.0,0.8645400493098894,0.978794238272567,0.9390084107785586,1.0,0.8908493055651221,0.9926720277098552,0.6912601263725907,5.830951894845301,0.6316950200639728,0.7632280138438218,0.9513944222605528,0.0,0.9834718857341677,0.9213433765398298
relu,2,BraTS20_Training_364.npy,0.9476324358832282,1.0,0.9568058816545689,0.9386332217119154,0.9332732190184669,1.0,0.8874376867622257,0.9841013618910088,0.8883823657764144,1.0,0.8240133732712688,0.9636600601971633,0.9144640137923968,1.0,0.9027084813650808,0.9265297586212418,0.9066828152500749,1.0,0.9714106318603158,0.8500421228434778
relu,2,BraTS20_Training_365.npy,0.9506341488793146,0.0,0.9837381203131289,0.919685621056272,0.9802841018890613,0.0,0.9863569435502714,0.9742855815180657,0.9423938172475151,1.0,0.9242674105910607,0.9612454233446863,0.9566822765134663,0.0,0.9863509746250848,0.9287462840447787,0.9091365404060544,1.0,0.9608285206755448,0.8627225980121545
relu,2,BraTS20_Training_368.npy,0.9604332172358337,0.0,0.9803678595402522,0.9412931143995412,0.7729472868222019,9.433981132056603,0.9803767655413901,0.6379656314940474,0.9239052402118014,1.0,0.9356030769154885,0.9124963066986728,0.21196986353003483,17.128916940967102,0.9420616934382116,0.11942006856217087,0.8811726383647254,1.4142135623730951,0.8391079126463122,0.9276773771599606
relu,2,BraTS20_Training_004.npy,0.9590948830601449,0.0,0.9659358521803622,0.9523501308930652,0.9273653752801819,1.0,0.9015911663371295,0.9546565899290258,0.9014521355909163,1.0,0.9187441619952984,0.8847990030548682,0.7658009136295837,4.123105625617661,0.6939393932384451,0.8542651071197898,0.9448182491686464,1.0,0.962451661058332,0.9278193478183031
relu,2,BraTS20_Training_009.npy,0.9086124996314242,1.0,0.8636971379993029,0.9584556448163277,0.8437899286052591,2.8284271247461903,0.7577533864749789,0.9518663721951921,0.728573122912042,2.449489742783178,0.6033869667386913,0.9193031815021989,0.7059426811946247,6.4031242374328485,0.7329626121103634,0.6808440485471502,0.8338879730852545,2.0,0.8270118546152093,0.8408793919064073
relu,2,BraTS20_Training_016.npy,0.9164936483998557,1.0,0.9538319845591933,0.8819684540107894,0.8088467613382795,3.3166247903554,0.6916897909810403,0.9737843113759692,0.637423872417234,2.23606797749979,0.9919422906976116,0.4695923852104947,0.10327879886107898,9.433981132056603,0.05468610742765459,0.9268882119221257,0.8276163988036869,2.0,0.9347441653751141,0.7425188990682107
relu,2,BraTS20_Training_017.npy,0.9298514395958402,1.0,0.9481259006714178,0.9122681121292202,0.8720486566914554,1.4142135623730951,0.8267908303533017,0.9225481568839037,0.8662061559478197,1.0,0.9293423500800945,0.8111027369868089,0.6392733558483794,5.0,0.5270289537483541,0.812266430397304,0.9059708535855274,1.0,0.9343896974074442,0.8792296655027889
relu,2,BraTS20_Training_023.npy,0.9189933296308216,1.0,0.8928580111147392,0.9467048264885765,0.9479383099856783,1.0,0.9241127462489371,0.9730249318275609,0.8724616370153168,1.0,0.8681539719592631,0.8768122625571962,0.9049576776259914,1.0,0.8518743347216963,0.9650962844479087,0.8550813361782662,1.0,0.8286646604107876,0.883237724882227
relu,2,BraTS20_Training_026.npy,0.9457073696320684,1.0,0.9508802786783284,0.9405904385657601,0.8215170057177291,2.449489742783178,0.8267407553556724,0.8163588537442772,0.6885347772452095,2.8284271247461903,0.6551782392907678,0.7254700211741324,0.5055529111115529,6.782329983125268,0.5671442550795193,0.45602862221393303,0.9051047868102925,1.0,0.9098600375384821,0.9003989828416404
relu,2,BraTS20_Training_028.npy,0.8639173353482984,1.4142135623730951,0.914542435338147,0.8186030243821125,0.8332228553515767,1.4142135623730951,0.8383353335745396,0.8281723541783026,0.6491268116372978,1.7320508075688772,0.6147443512974334,0.6875831209193772,0.8245059282019717,1.0,0.9080619869265855,0.7550311267481814,0.3398058249849774,5.0,0.40846097664394426,0.2909090905312869
relu,2,BraTS20_Training_034.npy,0.9420591690194351,1.0,0.9632205998533169,0.9218075599692949,0.9270858072442477,1.0,0.9111037010312095,0.9436386239020954,0.8306183910768277,1.4142135623730951,0.7733115019347886,0.8970986272391384,0.8689028649268802,1.4142135623730951,0.9073704690307125,0.8335642454375132,0.8677573071025427,1.0,0.9205160125095483,0.8207184274930207
relu,2,BraTS20_Training_039.npy,0.9058342043383737,1.0,0.9860181665504371,0.837710746508002,0.9322396946522543,1.0,0.9382690078145605,0.9262873749344439,0.879941378040055,1.0,0.8894433175663159,0.8706403107146148,0.906014732529738,1.0,0.9037467685663004,0.9082941066250705,0.8483727412942506,1.4142135623730951,0.9637886398770248,0.7576432280500746
relu,2,BraTS20_Training_045.npy,0.9467065024768777,1.0,0.9594685999535534,0.9342794511691712,0.955275409238263,0.0,0.9769955059246387,0.9345000510124347,0.8971960359581884,1.0,0.9403147452331962,0.8578584121926324,0.844765342695098,1.0,0.812892701297189,0.8792393642558718,0.8529285852172369,1.0,0.8529396500303721,0.8529175204698861
relu,2,BraTS20_Training_055.npy,0.9428090067285363,1.0,0.9685525635828585,0.9183985148784205,0.9421379757075176,1.0,0.9292778749971021,0.9553590076221471,0.8689296730718804,1.0,0.9720203476598591,0.7856093971751255,0.7716431917637153,5.196152422706632,0.6315708566990919,0.9915540516613078,0.9319528972834709,1.0,0.9631720208814977,0.9026940357826054
relu,2,BraTS20_Training_057.npy,0.9342103022515814,1.0,0.9108010312035054,0.9588546398081528,0.9175170781321088,1.0,0.9249277325923076,0.9102242294927843,0.8669345574816679,1.0,0.8766980136111715,0.8573861691184442,0.7918652672515646,3.4641016151377544,0.7913623347368614,0.7923688369082071,0.9120584396676662,1.0,0.8846824153869554,0.9411828392284229
relu,2,BraTS20_Training_060.npy,0.9299773007539593,1.0,0.9274244385563487,0.9325442558394172,0.9233195989987191,1.0,0.9832030115889941,0.8703119790637257,0.8240904919522805,1.0,0.8334157798457731,0.8149715801094621,0.8615444902247068,2.449489742783178,0.9580564326407798,0.7826976989085054,0.8480035032397782,1.4142135623730951,0.8081264106819191,0.8920203519981531
relu,2,BraTS20_Training_066.npy,0.9395278879515748,1.0,0.9495971486327386,0.9296699297311698,0.8921168703306083,1.0,0.8699307930470663,0.9154641975799999,0.8098033278004216,1.0,0.7721869581394265,0.8512722635479997,0.8630760193255973,2.8284271247461903,0.8653619763605621,0.8608021064683811,0.8990192353947611,1.0,0.9199625072196144,0.8790083003759265
relu,2,BraTS20_Training_068.npy,0.9406032280980914,1.0,0.9444695493352909,0.9367684323231277,0.9013623633858725,1.4142135623730951,0.8446252724675318,0.9662709117086242,0.8356817686120089,1.0,0.8202127653757356,0.8517454699869307,0.8336491303963304,4.242640687119285,0.7548188511682214,0.9308649651954792,0.8079031915181316,2.0,0.8890253192950185,0.7403476602586835
swish,2,BraTS20_Training_076.npy,0.9019938947974289,1.0,0.873700898141951,0.932180636596633,0.7906812789877968,5.477225575051661,0.6758518677134591,0.9525169850582791,0.750542737037137,5.0990195135927845,0.7147115377743158,0.7901562657700051,0.5512764272732026,33.98529093593286,0.4000509289533347,0.8863187563150388,0.8563751936791159,2.0,0.9123574582674622,0.8068658924809147
swish,2,BraTS20_Training_085.npy,0.9275282176548274,1.0,0.9262928791169787,0.9287668552769309,0.7698557782146499,11.213814092116106,0.8771117776507481,0.6859728494371532,0.5404411756427066,20.808652046684813,0.9893437970311622,0.37175974631873604,0.38095237980424235,4.242640687119285,0.24901497143808127,0.8102563998685077,0.8724244769805529,1.0,0.8512262400894736,0.8947054848096654
swish,2,BraTS20_Training_097.npy,0.9581249803825063,0.0,0.965843995133893,0.9505283678396482,0.9689290221567685,0.0,0.9662863320100242,0.9715862067388906,0.9238041062728474,1.0,0.9169736238225005,0.9307371118820137,0.9416304870273294,1.0,0.9456600722867743,0.9376350968947101,0.8979749700533262,1.4142135623730951,0.9399109357816721,0.8596212837937051
swish,2,BraTS20_Training_100.npy,0.9694561280269723,0.0,0.9799421509389147,0.9591921437124928,0.9659940004795478,0.0,0.9570679778238047,0.9750880861903919,0.9231541563462146,1.0,0.9121137520990139,0.9344651054225457,0.9407623495978598,1.0,0.9335569464111015,0.9480798435781992,0.9434225727108938,1.0,0.9777582521918271,0.9114165955914794
swish,2,BraTS20_Training_103.npy,0.9090833285745339,1.4142135623730951,0.8443348734170599,0.9845871335727784,0.8765837314201146,1.7320508075688772,0.7861151778958896,0.9905830799129096,0.8513888886777309,1.4142135623730951,0.763115774158316,0.9627552159733256,0.7958443802847008,3.1622776601683795,0.7145355609069807,0.8980339468823618,0.28643101460552567,8.06225774829855,0.3164790856434082,0.2615940013029797
swish,2,BraTS20_Training_111.npy,0.9514159930414067,0.0,0.9521041554571004,0.9507288244384166,0.9549200191788392,0.0,0.9220491869108803,0.9902211656962981,0.9143967564866161,1.0,0.8722833029453572,0.9607829325066656,0.9175622621033771,1.0,0.9072283012124863,0.9281343562971822,0.8770718678963588,1.0,0.9276071077782014,0.8317583837738507
swish,2,BraTS20_Training_112.npy,0.9750144456801794,0.0,0.977932467207296,0.972113786268315,0.9844124594079007,0.0,0.9782529014786189,0.9906500758261779,0.9640839648583731,0.0,0.9485046846493377,0.9801835735939665,0.9530922570111513,0.0,0.9671755719917254,0.9394131972569574,0.9576196814594676,0.0,0.9655312971282181,0.9498366683342295
swish,2,BraTS20_Training_141.npy,0.9152171379869094,1.0,0.909183437007086,0.9213314576083772,0.4269951240894747,7.0,0.2736542042828043,0.9712062219019212,0.04413793042568372,12.041594578792296,0.0225988697373041,0.941175916955343,0.42221411597463604,6.708203932499369,0.2751693803932374,0.9067763380071432,0.708709284984735,3.0,0.8864254835229507,0.5903518120520512
swish,2,BraTS20_Training_142.npy,0.9260295256697632,1.0,0.9189605976413289,0.933208048756395,0.945498831883184,1.0,0.9338412170532454,0.9574511799435742,0.9038354631419283,1.0,0.8689610926272743,0.9416261270752233,0.33799533405599846,5.477225575051661,0.46774192039542195,0.264598535317545,0.8486183666843216,1.0,0.8446309975634244,0.8526435607732816
swish,2,BraTS20_Training_143.npy,0.9442642753619934,1.0,0.9354965932099729,0.9531978576360451,0.9544298588142698,0.0,0.9368728893589638,0.9726574293812982,0.7238091962688745,2.0,0.5838221629732188,0.952100954147157,0.7852795604088001,2.0,0.9626289406122139,0.6631115850335806,0.7104974886405354,3.0,0.738316150885603,0.684699039682628
swish,2,BraTS20_Training_148.npy,0.7625401922255783,4.242640687119285,0.6286564747893626,0.9688808083200624,0.6358963019114667,43.94314508543966,0.48108394421894,0.937622255521831,0.5646204090633139,45.93473631142341,0.432149780414167,0.814206073804108,0.5935632749851389,83.7478357482415,0.4427368288911681,0.9002499988746875,0.7624077277250579,3.1622776601683795,0.6454327141152479,0.9311679788804241
swish,2,BraTS20_Training_157.npy,0.9193478921966804,1.0,0.864842964934275,0.981185036161357,0.9409539335192548,1.0,0.8989955466783163,0.9870206746208106,0.9312864052557894,1.0,0.8866018137866906,0.9807142483285558,0.9025655015675726,1.0,0.879638248597369,0.9267199090279952,0.8715314510392541,1.0,0.804764370602899,0.9503794509909155
swish,2,BraTS20_Training_160.npy,0.9080590716916431,1.4142135623730951,0.8419006039462725,0.9855020697342655,0.8965495795253154,1.4142135623730951,0.8788621453801958,0.91496356839283,0.8155896695832978,1.4142135623730951,0.8811220210510351,0.7591303000208577,0.8012548523064396,2.449489742783178,0.730343550559485,0.887416887245059,0.5697039680125834,7.0710678118654755,0.4739944974728166,0.7138441299855823
swish,2,BraTS20_Training_166.npy,0.9511682285959266,0.0,0.9342486893341694,0.968711907596177,0.9682809660102483,0.0,0.9500797810169527,0.9871931514681024,0.9414502642171131,1.0,0.902868107270679,0.9834770744998069,0.9190690393432157,1.0,0.9865636538574374,0.8602182024894061,0.9289417641769349,1.0,0.9127799769087661,0.9456861926252096
swish,2,BraTS20_Training_170.npy,0.9470695534434627,1.0,0.9051603904245588,0.993047932564609,0.940234592991118,1.0,0.9017141493128664,0.9821930237359239,0.9231046797809315,1.0,0.9672565025958435,0.8828076465713247,0.8083002032346067,3.1622776601683795,0.6959425607814806,0.9639222930574441,0.9123838744770887,1.0,0.8709861140064294,0.9579132612065392
swish,2,BraTS20_Training_171.npy,0.8877677879357933,2.0,0.8408535502586555,0.9402263931318571,0.7618962613421699,7.14142842854285,0.9123959638421508,0.6540162836831497,0.7875414626447569,2.23606797749979,0.8267233234025476,0.7519055283135236,0.7256327226341771,8.06225774829855,0.9031076204525951,0.6064547873924154,0.3930816460425881,12.36931687685298,0.2818305688386879,0.6494474969357382
swish,2,BraTS20_Training_181.npy,0.9406200480288589,1.0,0.9841796180367084,0.9007529246146755,0.9032981806073633,1.0,0.9650047892377526,0.8490088534415484,0.9376654610405164,1.0,0.9521016571256029,0.9236604982282574,0.046357614359019396,7.067514421272201,0.1749999562500109,0.026717556232154344,0.9336947348385589,1.0,0.9757883482159838,0.8950826099683574
swish,2,BraTS20_Training_186.npy,0.9248795605088977,1.0,0.9745262358896452,0.8800461199203351,0.9615858862871888,0.0,0.9475893477647996,0.9760021003017675,0.940559118570743,1.0,0.9179578306608981,0.9643014449390058,0.7640017566637373,5.281207995699312,0.7942687512338523,0.7359568383201557,0.8678139968619294,1.4142135623730951,0.9639000964704353,0.7891480080501136
swish,2,BraTS20_Training_189.npy,0.9442210624869418,1.0,0.9090029339672617,0.9822781429338097,0.9467405973540399,1.0,0.9098015842004482,0.9868060832749787,0.9407426788446505,1.0,0.8936949148503074,0.9930192843546508,0.8260223623222908,4.242640687119285,0.8251835637788103,0.8268628665828697,0.9174874051863503,1.0,0.8839219343112533,0.9537026842765726
swish,2,BraTS20_Training_191.npy,0.9523672671684693,0.0,0.9301759256446305,0.9756433310807611,0.9476043886153812,1.0,0.9177726132022738,0.9794406551817771,0.9340240107217526,1.0,0.9438701748176147,0.9243811500431388,0.5806886023339369,5.196152422706632,0.4282876437370629,0.9014634133777514,0.8001363850806249,1.7320508075688772,0.8005398828867313,0.7997332935843137
swish,2,BraTS20_Training_194.npy,0.9465377404147713,1.0,0.9334130460056456,0.9600367904427228,0.9688079141128653,0.0,0.95302409765531,0.9851233526223079,0.8951963846106901,1.0,0.8308349512412077,0.9703667863172063,0.9584539165940974,0.0,0.995263077218137,0.9242703748819189,0.7517424029477412,1.7320508075688772,0.7478851750807168,0.7556396241391623
swish,2,BraTS20_Training_196.npy,0.9391198349397036,1.0,0.895815817194933,0.9868231769552197,0.9558697179281787,0.0,0.9492708654427394,0.9625609562096763,0.9422417375620659,1.0,0.9337504503492068,0.9508888769859748,0.8461842618851845,4.0,0.8513685537056516,0.8410627246642624,0.9161380519663538,1.0,0.860671719037969,0.9792459484138144
swish,2,BraTS20_Training_199.npy,0.9542769300525786,0.0,0.9943342774887699,0.9173220652487272,0.9273191487926778,1.0,0.8843894805689354,0.9746291956236569,0.887580529547677,1.0,0.8140695266999083,0.975685564395607,0.6362492845783313,4.0,0.8139262702927844,0.5222451651544112,0.8849689118775693,1.0,0.985646047625922,0.8029526787635993
swish,2,BraTS20_Training_201.npy,0.9648364765368687,0.0,0.936465429858302,0.9949802822397097,0.9438130834036268,1.0,0.894912043821588,0.9983672682166835,0.8673568607852662,1.0,0.7675901863572402,0.996931977122663,0.6761038575061582,3.1622776601683795,0.8839662430303679,0.5473871727465711,0.9391551720471658,1.0,0.9182487761637541,0.9610357275315251
swish,2,BraTS20_Training_203.npy,0.9131241379594838,1.0,0.8489838066283508,0.9877480425930121,0.9329476335362158,1.0,0.9449327616670928,0.9212627254660055,0.9054254065710073,1.0,0.946537188190655,0.8677362542870903,0.8636548624831708,3.1622776601683795,0.807868018254142,0.9277178638072927,0.8933397612238434,1.0,0.8173822380343552,0.9848606859422031
swish,2,BraTS20_Training_210.npy,0.9483711130900099,1.0,0.9955253941889907,0.9054818546132057,0.9433873761381621,1.0,0.9842918710853146,0.9057469927209967,0.9080180693459969,1.0,0.9910052572810951,0.8378556890931743,0.8553472219252267,5.0990195135927845,0.7706795139715433,0.9609143384608252,0.9196687229082313,1.0,0.9687222336032953,0.8753436543849624
swish,2,BraTS20_Training_217.npy,0.9194418744528824,1.0,0.8857779421568674,0.9557656855871739,0.9341335326825705,1.0,0.8915938695523502,0.9809358736711268,0.9417904446589819,1.0,0.916585268770101,0.968421050632774,0.69815804902508,4.58257569495584,0.6303648034851673,0.7822902744188397,0.771048041246989,1.7320508075688772,0.7502314089012166,0.7930528362800835
swish,2,BraTS20_Training_218.npy,0.929722824645732,1.0,0.9088418139186393,0.951585898021711,0.9385399177364361,1.0,0.9823066760810127,0.8985068669816426,0.8664888678690315,1.0,0.9622502575618526,0.788062341594449,0.7209428044326568,1.7320508075688772,0.623061109781788,0.8553104150491853,0.5676036885624797,9.0,0.44247265134833386,0.7914156153851695
swish,2,BraTS20_Training_220.npy,0.9085516939950893,1.0,0.9214663320930332,0.8959940576923211,0.8787329261352699,1.4142135623730951,0.9608863335173605,0.8095208899213681,0.8138697443984761,2.0,0.9174193543454735,0.731324732897045,0.8491251233360156,3.0,0.868527689251995,0.8305705050262966,0.8662526070275139,1.4142135623730951,0.8570483952736648,0.8756566608571063
swish,2,BraTS20_Training_221.npy,0.9683215167492696,0.0,0.9544399898230286,0.9826127933292752,0.9190628738338752,1.0,0.8650227406871616,0.9803049762901713,0.8992131119889089,1.0,0.8323583800369176,0.9777452673277152,0.7031841458462372,4.58257569495584,0.6984518163042959,0.7079810397719825,0.8911897276507169,1.0,0.9255177653730989,0.8593171137139645
swish,2,BraTS20_Training_228.npy,0.9064047958592197,1.4142135623730951,0.9195416309860157,0.8936380269204209,0.9533405887886316,0.0,0.9526382255454405,0.9540439878054642,0.9253389515732233,1.0,0.9258478451642091,0.9248306162563353,0.9249736867764642,1.0,0.9204069391968672,0.9295859748274826,0.8791618236698104,2.0,0.8951070078228943,0.8637747828068266
swish,2,BraTS20_Training_238.npy,0.8566201114327425,3.3166247903554,0.7512723224001868,0.9963315329223196,0.9506749095451219,0.0,0.9916435741855814,0.9129570904434835,0.47327937927695446,11.40175425099138,0.9977695164728189,0.3102123453393849,0.006139816840955451,31.38470965295043,0.00308457193389846,0.6457765491614019,0.1835078260855276,11.357816691600547,0.10231330021384105,0.8890331877503129
swish,2,BraTS20_Training_239.npy,0.9318638875320062,1.0,0.9345773169841749,0.9291661685551483,0.7064133908438938,5.830951894845301,0.8380654873441928,0.6105083503553544,0.7773313849663188,2.0,0.870246693648294,0.7023429757976648,0.49494407825381337,7.211102550927978,0.6101038710008462,0.4163552001441196,0.8290503000140244,3.0,0.783579206044331,0.8801238803645157
swish,2,BraTS20_Training_247.npy,0.8931212354089643,1.4142135623730951,0.8074443532389093,0.9991385413029102,0.952919435304296,0.0,0.9200643856893286,0.9882078547448773,0.9326366331241559,1.0,0.9449994794086274,0.920593080491549,0.8785566422700497,2.449489742783178,0.7894736839225759,0.9903005897468543,0.6505213587925421,3.0,0.5206255606920586,0.8667833358089537
swish,2,BraTS20_Training_251.npy,0.9604514168189713,0.0,0.9339732997752109,0.9884746453702695,0.9213343597900259,1.0,0.8873684206280534,0.9580040286388739,0.9307153204214698,1.0,0.8928287751657615,0.9719597301142859,0.7084756275869674,7.0710678118654755,0.6970067174801261,0.7203282805545193,0.942426721459832,1.0,0.9193982681802295,0.9666384131265233
swish,2,BraTS20_Training_253.npy,0.9509252378314492,0.0,0.9197390032579532,0.9843006077143587,0.9436189546471511,1.0,0.9540408438017501,0.933422300958844,0.7665392373456145,1.4142135623730951,0.9821756575398493,0.6285428183079181,0.5063371756535653,5.0,0.3399179063281017,0.9920139730670976,0.8017186502858947,1.4142135623730951,0.7222317789309984,0.9008654596231561
swish,2,BraTS20_Training_255.npy,0.9739694095547475,0.0,0.9775215361900369,0.9704430048888071,0.9599466711599038,0.0,0.9794412178035153,0.9412130088870047,0.9155567442802441,1.0,0.9709507722000372,0.8661421850101627,0.8151094283312186,3.3166247903554,0.7342887796082584,0.9159218006233345,0.8773855899660227,1.0,0.8516481416195621,0.9047271249939689
swish,2,BraTS20_Training_259.npy,0.9553637401358835,0.0,0.9536181838716649,0.957115698366635,0.2927580185308384,22.0,0.9403690029960377,0.17336526161618476,0.8059595035836433,77.272245987806,0.9281737693454652,0.7121848734508509,0.06458397371591076,21.283796653792763,0.7697647482847483,0.033705967774375026,0.5691790609902359,10.862780491200215,0.4066979312046918,0.9478624942820928
swish,2,BraTS20_Training_271.npy,0.9480934298523462,1.0,0.9831747208521731,0.915429403035766,0.9202212506639138,1.0,0.9486182885795847,0.8934749372863968,0.4239828603001529,18.35755975068582,0.4419642659837381,0.40740739064167114,0.9236047190771473,1.0,0.9520031045098956,0.8968515129405438,0.8427292522134164,1.0,0.8782780976663264,0.809946182708808
swish,2,BraTS20_Training_273.npy,0.9091444269812967,1.4142135623730951,0.9264568202674834,0.8924671867358189,0.8274584563411932,19.87460691435179,0.9043568256721026,0.7626127298033553,0.271339118673691,35.9722114972099,0.9678683309728188,0.15778714685347242,0.8200183020175416,19.235384061671343,0.8724477142291984,0.7735331242498853,0.687606234648632,5.385164807134504,0.6497702142558338,0.7301210732237687
swish,2,BraTS20_Training_277.npy,0.6785074001757317,12.083045973594572,0.523448053699937,0.9640995249240527,0.6547930819549865,3.0,0.6868131792657892,0.6256256193631069,0.6841294193508565,2.0,0.5273159019639928,0.9736841678208699,0.5555555511463846,3.605551275463989,0.7157464066309529,0.45395589553883403,0.6219423805843711,12.569805089976535,0.4690809699562139,0.9225910483502338
swish,2,BraTS20_Training_283.npy,0.9486746346933679,1.0,0.9614738562836002,0.936211704809031,0.8139422012733545,2.23606797749979,0.8071403563115678,0.820859659321118,0.8269221906173483,2.0,0.7956560276634256,0.8607461390037919,0.18997912119019708,11.74734012447073,0.6148648233199444,0.112345677625362,0.8865659108750957,1.0,0.9048503196684042,0.8690058156290448
swish,2,BraTS20_Training_284.npy,0.9387239561679965,1.0,0.8949360663044335,0.9870172408071336,0.8878537060708157,2.23606797749979,0.8408117782003792,0.940471413734305,0.46730001312501723,10.816653826391969,0.5183262048921008,0.425419903671547,0.8859461590781899,2.449489742783178,0.8353229429391436,0.9431010710800808,0.5941552563060005,4.47213595499958,0.5755478022234133,0.6140060654980491
swish,2,BraTS20_Training_285.npy,0.7118510380173046,9.055385138137417,0.5576446079886269,0.9839423105342269,0.5163268792758503,15.524174696260024,0.3493653323821191,0.9889417111103274,0.658238883471457,3.4641016151377544,0.4958623400816205,0.9787399507940369,0.44579702583595243,15.937377450509228,0.29815172483795377,0.8831194625230943,0.5703942802844136,11.180339887498949,0.6075835473626017,0.5374950251471103
swish,2,BraTS20_Training_298.npy,0.8989093907754474,1.0,0.9049584755972255,0.8929406375134509,0.513148396234867,12.041594578792296,0.5858712711256897,0.4564858415653564,0.602620061020958,13.348536811553393,0.7340424751018644,0.5111110732510316,0.5095280990542831,12.041594578792296,0.5814486789645353,0.453441045600986,0.6632920883645871,4.123105625617661,0.6273049643165586,0.7036595064822356
swish,2,BraTS20_Training_306.npy,0.9213813329325171,1.0,0.873730630467431,0.9745292986613034,0.7340979600156474,9.273618495495704,0.6714700670891732,0.8096101540245644,0.0,373.0,0.0,0.0,0.7400531868839866,9.433981132056603,0.6664434921648836,0.8319424977392675,0.6923203000799889,4.123105625617661,0.6835852742560345,0.7012814520622178
swish,2,BraTS20_Training_316.npy,0.917588459920208,1.0,0.9003679740107268,0.9354805100253458,0.736661485538267,5.0,0.7114188563161578,0.7637613353244658,0.5897689105475629,14.0,0.9419558300192061,0.42926969399289905,0.7194845100369486,5.0990195135927845,0.6869478592336044,0.7552565382363959,0.8036582661738356,3.0,0.7970607637032133,0.8103658990379041
swish,2,BraTS20_Training_318.npy,0.9549930926552948,0.0,0.9366593460013074,0.9740588808524813,0.7652388172568142,6.708203932499369,0.6313369819777116,0.9712292517708704,0.38752933158722985,31.464265445104548,0.31159029481622486,0.5124113429750767,0.7579260554044436,6.782329983125268,0.6254904442079806,0.9615066586610984,0.6241233393062737,6.324555320336759,0.9092925004474598,0.4751183650163695
swish,2,BraTS20_Training_319.npy,0.961918391524926,0.0,0.945556232173414,0.9788567926457108,0.8874000682281632,2.0,0.8278962424179753,0.9561197716512181,0.0,373.0,0.0,0.0,0.8911912380075451,2.0,0.8235329469885408,0.9709617072969924,0.6907153769296365,4.0,0.765104088433397,0.6295100550499039
swish,2,BraTS20_Training_335.npy,0.9101580135085952,1.0,0.8576583976955376,0.9695040046954957,0.7403381347550644,4.69041575982343,0.7574392391599163,0.72399218204694,0.0,373.0,0.0,0.0,0.7326138396117856,4.69041575982343,0.7385876249728052,0.726735912206308,0.6691519801073453,4.242640687119285,0.5878708321622642,0.7765158738445171
swish,2,BraTS20_Training_336.npy,0.9852493426332504,0.0,0.9814175204833417,0.9891112036666458,0.9822750728140565,0.0,0.9731772374940347,0.9915446170290665,0.9431943048723915,1.0,0.9083045774518957,0.9808714657023543,0.9715666374849585,0.0,0.9855299788300341,0.9579934432576072,0.9420308760726177,1.0,0.9488392461897331,0.9353195160037481
swish,2,BraTS20_Training_340.npy,0.9697933019582049,0.0,0.9574993567072936,0.9824070528867469,0.960383221025334,0.0,0.9404754356174377,0.9811520399926917,0.9491289197031476,1.0,0.9247332683722168,0.9748466254346126,0.9148004192378307,1.0,0.9044220793507642,0.9254197085905138,0.9259301884339405,1.0,0.9257931938432374,0.9260672232697272
swish,2,BraTS20_Training_342.npy,0.9203848941896663,1.0,0.9297417494371124,0.9112144958526388,0.9214673802721806,1.0,0.9164305315125072,0.9265599015864218,0.8597994529712806,1.0,0.7852423099140754,0.949999999798558,0.8853631321945696,2.449489742783178,0.9553962345017154,0.8248960432168447,0.8417489281276795,3.7416573867739413,0.888709172261111,0.7995024523458653
swish,2,BraTS20_Training_354.npy,0.9567478959752633,0.0,0.9496197545250951,0.963983858804179,0.9514688276489837,0.0,0.943997764108694,0.9590590906554411,0.8818044753926157,1.0,0.8000359969762354,0.9821902066063747,0.8561471348948945,1.4142135623730951,0.9571680185319256,0.7744143364408044,0.9235879933334554,1.0,0.917186392994154,0.9300795829382238
swish,2,BraTS20_Training_355.npy,0.9669913778148265,0.0,0.9515080819173973,0.9829869089030197,0.9724108681586273,0.0,0.9539010156738814,0.9916532795992166,0.9382645259123693,1.0,0.8954315561072164,0.9854011932726142,0.9544189124713076,0.0,0.98377539910539,0.9267636913534503,0.9197615160688182,1.0,0.9106919066660748,0.9290135915020379
swish,2,BraTS20_Training_358.npy,0.9609191989497624,0.0,0.9652579096067044,0.9566193175687036,0.906522107095876,1.0,0.8552068012176649,0.9643886959599274,0.9272392055364922,1.0,0.8671906320737905,0.9962225898321149,0.688307492428444,4.898979485566356,0.6713925624719831,0.7060967504768165,0.9553701951503047,0.0,0.9696493638618349,0.9415054764791524
swish,2,BraTS20_Training_364.npy,0.9503256157450991,0.0,0.944736035847571,0.9559817312864513,0.9316528202365297,1.0,0.8821535392059514,0.9870373260331011,0.8793812377272119,1.4142135623730951,0.795660154452714,0.9827928252225625,0.9054421082120907,1.0,0.9165054470438319,0.8946426792095007,0.9188766454857398,1.0,0.959041439732306,0.8819408355213078
swish,2,BraTS20_Training_365.npy,0.9664817627552447,0.0,0.9644241577160866,0.9685481663267278,0.9777031511595374,0.0,0.9804674037498092,0.9749544412293889,0.9412654811853376,1.0,0.9074590888914565,0.977688180893946,0.9486660915223707,1.0,0.9872175793911429,0.9130123652069462,0.9349060035818736,1.0,0.9293490709367458,0.9405297898970765
swish,2,BraTS20_Training_368.npy,0.9631506498298747,0.0,0.9605413415748789,0.9657741729411035,0.834861499653783,5.0,0.9699484183841958,0.7328024395404937,0.9353089763614968,1.0,0.9196704422852908,0.9514885609830845,0.28078378948921867,14.352700094407323,0.9488337024166013,0.16477198462724163,0.9112255372491628,1.0,0.8672880671132343,0.959852385691752
swish,2,BraTS20_Training_004.npy,0.9596327783427177,0.0,0.9574328406980146,0.9618428489665805,0.9249046319509744,1.0,0.8906755107726287,0.9618697855631712,0.9000605690312251,1.0,0.9074646160590095,0.8927763635193834,0.7703279420651797,3.7416573867739413,0.6928282821284563,0.8673495183771504,0.9505620908993757,0.0,0.959277585906652,0.9420035387311823
swish,2,BraTS20_Training_009.npy,0.8999235119109444,1.0,0.8441833123454522,0.9635449898394622,0.8343831359120418,3.1622776601683795,0.781698729194474,0.8946823358556317,0.7069666904629118,2.8284271247461903,0.5718748157065922,0.9256232507868153,0.646303791088411,6.164414002968976,0.7714939261825627,0.5560703827408197,0.8172695269922714,2.23606797749979,0.7674196234084145,0.874045622643444
swish,2,BraTS20_Training_016.npy,0.9160147945458712,1.0,0.9582008248875751,0.8773867100429312,0.792475433804573,3.7416573867739413,0.6762815830104957,0.9568796277055692,0.6468138170228672,2.23606797749979,0.9950886340303211,0.4791235587942937,0.09946039567668363,11.914273627774108,0.05322448395664166,0.7574835070650253,0.8226070245316982,2.0,0.9362449681299014,0.7335691235589534
swish,2,BraTS20_Training_017.npy,0.9335204076206718,1.0,0.9656221968166394,0.9034843697577929,0.8556981417905772,2.23606797749979,0.8000716326647052,0.9196377102349628,0.8678634087813042,1.0,0.9253129933439157,0.8171305110978135,0.6005138649769524,12.041594578792296,0.48338325419571637,0.7925631412709001,0.9076528931571239,1.0,0.9536364808114335,0.8658998934115122
swish,2,BraTS20_Training_023.npy,0.9024732278298734,1.0,0.8607105510637086,0.9484953235928677,0.9331645108880755,1.0,0.8830879830633984,0.9892617443341248,0.8498172018232552,1.0,0.8076254907126036,0.8966602366291135,0.9086651046526164,1.0,0.8538473199971964,0.9710044857248801,0.8411937527135138,1.4142135623730951,0.8068822304501071,0.8785529711708412
swish,2,BraTS20_Training_026.npy,0.9427860627264113,1.0,0.9520621992151117,0.9336889405978109,0.7958791826168409,4.0,0.8607681949815918,0.7400876715903837,0.7015485276550603,2.449489742783178,0.6792954888159759,0.7253089200300763,0.468906939745557,8.06225774829855,0.6190264299910774,0.3773871525730321,0.8938534942150627,1.0,0.8870691455409047,0.9007424166795771
swish,2,BraTS20_Training_028.npy,0.849263509862631,2.0,0.8925188002282846,0.8100070905823404,0.8432573548738972,1.4142135623730951,0.8401360538614538,0.8464019345250273,0.6324550894416436,2.0,0.5708572040094506,0.7089542210914831,0.8156636557519438,1.0,0.9357478653391123,0.7228948066681533,0.33847322420169146,6.324555320336759,0.40627279284049456,0.29006639722683714
swish,2,BraTS20_Training_034.npy,0.9450241054776595,1.0,0.94506022507234,0.9449879885406215,0.9174254169628892,1.0,0.8746693340280828,0.9645763872905039,0.8075063318426188,1.7320508075688772,0.7177650426861379,0.9228947363563712,0.8703804281601103,1.0,0.8965701771361858,0.8456773123872626,0.8794980281712641,1.0,0.9191422681980033,0.8431322357952405
swish,2,BraTS20_Training_039.npy,0.9071330748657673,1.0,0.9772240755641478,0.8464236794096108,0.9246020142651281,1.0,0.914659795501809,0.9347627487050553,0.8725599107790193,1.0,0.857321065915078,0.8883502981997493,0.9041294366061906,1.0,0.9069767427212908,0.9012999504071578,0.8485396532893511,1.4142135623730951,0.9573625701363293,0.7619313084417356
swish,2,BraTS20_Training_045.npy,0.947424784575352,1.0,0.9443657653993568,0.9505036857946213,0.9588697570897246,0.0,0.9682573648319678,0.949662433807384,0.9013398293653538,1.0,0.9267786658924251,0.8772602081481833,0.8528979384902262,1.0,0.8237071043839372,0.8842337370230017,0.8559336648947351,1.0,0.8369570855594008,0.8757907309000649
swish,2,BraTS20_Training_055.npy,0.9412516570469404,1.0,0.9698339531785728,0.9143058479304794,0.9468479601198847,1.0,0.9340197798848261,0.9600334208605811,0.878355474890189,1.0,0.9729893399067474,0.800498255305931,0.7687621150477595,5.0990195135927845,0.6400245916999315,0.9623295563616142,0.9288293316146723,1.0,0.9632027535482705,0.8968247154360579
swish,2,BraTS20_Training_057.npy,0.9300412466408876,1.0,0.8969802258581867,0.9656326685052733,0.9212837978654995,1.0,0.9139602100714502,0.9287257011414897,0.8674304413914949,1.0,0.8614884466951255,0.8734549724856328,0.8071921643808121,3.1622776601683795,0.7983486795860633,0.8162337635836565,0.908133527559403,1.0,0.8721011587894387,0.9472716970958986
swish,2,BraTS20_Training_060.npy,0.9359506876947014,1.0,0.9284789160740794,0.9435436903413301,0.9267171001242629,1.0,0.9862438456454549,0.8739670479715733,0.8318693551800478,1.0,0.8315607217217655,0.8321782173068204,0.8556019821067918,2.449489742783178,0.9592548202640512,0.772165219340452,0.854093669910738,1.4142135623730951,0.8068744426263113,0.9071830743671764
swish,2,BraTS20_Training_066.npy,0.9411308604973215,1.0,0.9430940998018522,0.9391757778066987,0.9079405890625095,1.0,0.8678610692271774,0.951901247905859,0.8097816163940741,1.0,0.7681477198290275,0.8561872898685525,0.8995273662909534,1.0,0.8681577385695148,0.9332489703681605,0.9107928525510918,1.0,0.9275753278479321,0.894606870200069
swish,2,BraTS20_Training_068.npy,0.9430040193083369,1.0,0.9501008062864813,0.9360124651662592,0.9016891366958485,1.0,0.8577451498149227,0.9503789360543646,0.8409123406117145,1.0,0.8341134745857351,0.8478229520993202,0.8288199571013676,4.242640687119285,0.7644565542615519,0.9050179206063215,0.8136087766858059,1.7320508075688772,0.8854687099307864,0.7525368835003465
prelu,2,BraTS20_Training_076.npy,0.9145415319780846,1.0,0.9227459168769354,0.9064817559313552,0.8228845060730626,2.23606797749979,0.7154596248956614,0.9682680894363375,0.7895926509933187,1.4142135623730951,0.7893269223179549,0.7898585578852511,0.5085395921924015,6.164414002968976,0.3544690599000903,0.8995153444280602,0.8325868437258587,5.0,0.9387479632586698,0.7479973294956248
prelu,2,BraTS20_Training_085.npy,0.9243164291105623,1.0,0.9559186587331345,0.8947368418332157,0.7436220770747676,12.68857754044952,0.8870631777665745,0.6401135593852479,0.492572538535926,21.118712081942874,0.9949523219576426,0.3273062724588445,0.329040565585832,5.830951894845301,0.2013396367165499,0.8996478714850727,0.8669140242734963,1.0,0.874088349441073,0.8598565105907378
prelu,2,BraTS20_Training_097.npy,0.961058746240196,0.0,0.9790420671538291,0.9437241545921036,0.9703520989738221,0.0,0.9713700109789115,0.9693363179473795,0.9262080518132286,1.0,0.9513349283598163,0.9023743335027481,0.9371694785240557,1.0,0.9014533706493931,0.9758325316948552,0.89283232644908,3.4641016151377544,0.9660517026394936,0.8299299444378546
prelu,2,BraTS20_Training_100.npy,0.964087815697706,0.0,0.9873928581497871,0.9418575255904995,0.9668422303872479,0.0,0.9609450987570322,0.9728121878840809,0.9188687328740771,1.0,0.9454385123469013,0.8937515192616611,0.9350977099383239,1.0,0.9103552885443725,0.961222648102589,0.9279762675943476,1.0,0.9862345804930337,0.8762168614344858
prelu,2,BraTS20_Training_103.npy,0.9215343899651414,1.0,0.8719570434282579,0.9770892993788974,0.8690850654969424,1.7320508075688772,0.7753477303637909,0.9886045422415197,0.8736909899874308,1.0,0.8142006042974388,0.9425600901011065,0.7040723977652655,5.0,0.5669451996046004,0.9286964810939098,0.32032410511794457,7.3484692283495345,0.3984545600563505,0.26781077083909816
prelu,2,BraTS20_Training_111.npy,0.9368413051103515,1.0,0.9726196736000473,0.9036017982348739,0.955676006260507,0.0,0.9302612539655088,0.9825184248685429,0.922227275380993,1.0,0.9073127071674043,0.9376403745952964,0.9114346774569633,1.0,0.8682870948481967,0.9590947414125742,0.8451943353886127,1.4142135623730951,0.9661110339123081,0.751178234387758
prelu,2,BraTS20_Training_112.npy,0.9730929402953451,0.0,0.9886558693056927,0.9580123857043245,0.9786922915379593,0.0,0.9812374551040688,0.9761602970888544,0.9572471054179563,0.0,0.9529713769855034,0.961561374631139,0.9386486628787845,1.0,0.9551799340484297,0.9226798688914569,0.9544968919505392,0.0,0.9770440625768467,0.9329668868256847
prelu,2,BraTS20_Training_141.npy,0.9014392245994777,1.0,0.878001387518852,0.9261627051260736,0.3046932739239715,7.0710678118654755,0.18079157967241358,0.9682912450482017,0.04413793042568372,13.630839459335771,0.0225988697373041,0.941175916955343,0.30616892731342815,7.211102550927978,0.18376322336412312,0.916963221133077,0.6894060479862522,3.3166247903554,0.863054265356928,0.5739301678869863
prelu,2,BraTS20_Training_142.npy,0.9183264670175266,1.0,0.9367723024622004,0.9005930312078628,0.9434423714017708,1.0,0.9280272635765292,0.9593782363536203,0.9282618108709777,1.0,0.9155622041138046,0.9413186792498491,0.43760683012637897,6.708203932499369,0.4129032124869932,0.46545452852892627,0.8380391680655779,1.0,0.8739506316577489,0.804962491858093
prelu,2,BraTS20_Training_143.npy,0.9358261916090234,1.0,0.9567461342184422,0.9158015321233948,0.9486214114932969,1.0,0.9444830426924364,0.9527962053631729,0.740834854835138,1.7320508075688772,0.6104893843365797,0.9419505304386445,0.7806357090200619,2.23606797749979,0.9641578446393222,0.6558065449469754,0.6695563957079117,3.605551275463989,0.7796391749228354,0.586714077715625
prelu,2,BraTS20_Training_148.npy,0.8770441712666253,1.4142135623730951,0.8219172444447702,0.9400975884541084,0.704393104993956,7.211102550927978,0.656221249364013,0.7601976550204446,0.6894021273424534,4.58257569495584,0.6182532391499576,0.779056312175973,0.558249668321573,16.15549442140351,0.5434929608757036,0.5738300768651716,0.8347501755511274,1.7320508075688772,0.7837884548198202,0.892799784388018
prelu,2,BraTS20_Training_157.npy,0.9425367751009521,1.0,0.9317732472334648,0.953551882254016,0.9511798539713441,0.0,0.9345408069703575,0.9684221415481795,0.9440937131299246,1.0,0.9241505707683277,0.964916584650413,0.8968443377772181,1.0,0.8995877099353802,0.8941176458769099,0.9006642867898319,1.0,0.8968268911781867,0.9045346626532443
prelu,2,BraTS20_Training_160.npy,0.9155073266022,1.0,0.8600913841532805,0.9785559778012484,0.8442489833020925,2.449489742783178,0.7923159459613827,0.9034675489539697,0.8201358390632912,1.7320508075688772,0.9001017839479997,0.7532190989645725,0.7167063609312411,4.358898943540674,0.5943015839139474,0.9026120099660652,0.5516105459093628,7.0,0.5191929777459293,0.5883459110260185
prelu,2,BraTS20_Training_166.npy,0.9578726088609896,0.0,0.9544878922926497,0.9612814159499867,0.9728728439490493,0.0,0.9620143930180054,0.983979216116712,0.94693886061046,1.0,0.9162795393019026,0.9797209742182703,0.9216014966583753,1.0,0.9926100092436934,0.8600742189768797,0.9369789173781208,1.0,0.9364305178237204,0.9375279595656554
prelu,2,BraTS20_Training_170.npy,0.9628815892805371,0.0,0.943423685551369,0.9831590254580809,0.9409899378105518,1.0,0.9184191727170784,0.9646980365253623,0.9045135263563135,1.0,0.9835148207928655,0.8372602028857602,0.7870039630146284,3.605551275463989,0.6713975616368363,0.9507033917121369,0.9326459245509513,1.0,0.9150032543779828,0.9509823264437547
prelu,2,BraTS20_Training_171.npy,0.8952192590384919,2.0,0.862048957577645,0.9310443975190549,0.8139840588388523,5.0,0.9045433814695383,0.7399074386239485,0.7786708806902616,2.0,0.8433073649413908,0.7232373332372135,0.7905373674367253,5.916079783099616,0.8855967231163391,0.7139070639897753,0.5701718931575432,9.1104335791443,0.4713072871012096,0.7215235572293712
prelu,2,BraTS20_Training_181.npy,0.9297397901464214,1.0,0.9862805647278183,0.8793301886937035,0.9340319101356707,1.0,0.9400766973150685,0.9280643590721043,0.939869594446101,1.0,0.9511241400238312,0.9288782771891251,0.03448275267538747,11.761451820150867,0.02499999375000156,0.055555524691375174,0.9247908763188235,1.0,0.983832175044406,0.8724347123388704
prelu,2,BraTS20_Training_186.npy,0.9123801625387883,1.0,0.9875416888372339,0.8478504945524704,0.9587828304631307,0.0,0.9643797901255239,0.9532504617918275,0.9356084739431737,1.0,0.938223783855478,0.9330077037302422,0.7783542534011971,4.58257569495584,0.7964379486283389,0.7610735317902318,0.8522068892340359,1.7320508075688772,0.9769420922633201,0.7557174726895786
prelu,2,BraTS20_Training_189.npy,0.9561737452435445,0.0,0.959304061259144,0.9530637918244608,0.8976997269340938,2.0,0.9282409027104253,0.8691042764731991,0.9394979057474627,1.0,0.8973107340577127,0.985847650717128,0.6533173935126615,8.94427190999916,0.8537728466586896,0.529092844874535,0.9126573616274635,1.0,0.9039776121348543,0.9215054081597668
prelu,2,BraTS20_Training_191.npy,0.9547198829848313,0.0,0.9559692603415365,0.9534737669713327,0.9545748672988443,0.0,0.9397998082747436,0.9698219187148469,0.926275202027416,1.0,0.9608693555779396,0.8940854669191869,0.5250155002980801,6.082762530298219,0.36445503882634417,0.9384484212473173,0.7936557255531247,1.7320508075688772,0.8334668206717489,0.7574744558926281
prelu,2,BraTS20_Training_194.npy,0.9324070081462192,1.0,0.9560909930312195,0.9098680435159813,0.9690956808496196,0.0,0.9599697011259363,0.9783968385613947,0.8987602171130121,1.0,0.8483365693596538,0.9555568513733758,0.9599872233123272,0.0,0.995033871289402,0.9273253741895128,0.7103577093915608,5.385164807134504,0.8174548140260459,0.6280721691191674
prelu,2,BraTS20_Training_196.npy,0.9522664730106271,0.0,0.9306094702580986,0.9749554895533372,0.9545239690720643,0.0,0.9622135541504778,0.9469563129082518,0.9420799265247853,1.0,0.9523404910262266,0.9320381007630182,0.8546871227771812,3.3166247903554,0.8465945244325358,0.8629359272296254,0.9344318368572537,1.0,0.9025868608591391,0.9686060966007208
prelu,2,BraTS20_Training_199.npy,0.9382706831822595,1.0,0.9981996768687352,0.8851300590565863,0.9241736874789103,1.0,0.8838582093551376,0.9683427644403095,0.8985268614096363,1.0,0.8419394016210028,0.9632689848406562,0.6839445371466314,5.0,0.7720889386422207,0.6138636878021315,0.862834625879531,1.4142135623730951,0.9933750987750233,0.762618165595552
prelu,2,BraTS20_Training_201.npy,0.9726835324815979,0.0,0.9565151030958003,0.989407965483358,0.94871564293548,1.0,0.9083134844008627,0.9928793246360051,0.8731438906924806,1.0,0.781831066452323,0.9886067843018533,0.6776980519272968,3.0,0.8876102783129838,0.5480814773234469,0.9510070767117073,0.0,0.9430715036421545,0.9590773324004543
prelu,2,BraTS20_Training_203.npy,0.9180737738368068,1.0,0.8792142799406267,0.9605271312794555,0.9324414712254027,1.0,0.9425287349241014,0.922567835191876,0.8962718737528421,1.0,0.9428022612924958,0.8541183286406435,0.8725503809971503,3.605551275463989,0.7967005055921307,0.9643625162385175,0.8999689869393014,1.0,0.8533657700832264,0.951956340070387
prelu,2,BraTS20_Training_210.npy,0.9297980982184408,1.0,0.9981746812273595,0.8701887582621571,0.9351679034136766,1.0,0.9887596102191624,0.8870869508537758,0.8970821166678993,1.0,0.9925466098704532,0.818370153580479,0.8488196538399603,3.3166247903554,0.7739331743374214,0.9397507970371138,0.8938189534041006,1.0,0.9677978118157441,0.8303468986385595
prelu,2,BraTS20_Training_217.npy,0.6306734518274718,60.440052945046304,0.9065725949449888,0.4835221419299999,0.8480706834761713,71.27411872482185,0.8797078606906661,0.81863006287496,0.9519486917099668,0.0,0.9423715551037868,0.961722486120968,0.4912683812241076,77.44675590365293,0.5734978510005481,0.429662377694283,0.43155548198829446,62.64064169431755,0.8063869163739789,0.29461165579156146
prelu,2,BraTS20_Training_218.npy,0.9264618363255585,1.0,0.9370238607753859,0.9161352656200145,0.9312829545051937,1.0,0.9867421257453928,0.8817261355913448,0.8558573570451405,1.0,0.9664719452544512,0.7679625535342657,0.7133201225024239,1.7320508075688772,0.6138572226621859,0.8512471649813753,0.5930417493850811,23.021728866442675,0.517971869936457,0.6935596369711418
prelu,2,BraTS20_Training_220.npy,0.9091564315893265,1.0,0.9416835214766027,0.8788013803341811,0.8554346948907525,2.0,0.9657255126743831,0.7677533190339436,0.7942914278714909,2.449489742783178,0.9395698919679731,0.6879231614360246,0.7937510382838895,3.7416573867739413,0.8063935155263469,0.7814988537345927,0.861676463544014,1.4142135623730951,0.8673545002716349,0.8560722844509376
prelu,2,BraTS20_Training_221.npy,0.9686454948268765,0.0,0.9669407790132788,0.9703562320046286,0.9193745605019888,1.0,0.8740464114744407,0.969661309146799,0.8992778870979874,1.0,0.84011397500847,0.9674061839231206,0.7062851397096821,4.69041575982343,0.7104581354120327,0.702160878901973,0.8974174212782358,1.0,0.9465565783520362,0.8531284540885326
prelu,2,BraTS20_Training_228.npy,0.9042107467722708,1.4142135623730951,0.9354301270625339,0.8750079187994921,0.9440465989569825,1.0,0.9666011781037039,0.9225205913597264,0.9133739941158959,1.0,0.9471127397368353,0.8819562983254043,0.9230065544701836,1.0,0.9057450601264361,0.9409387598976102,0.8747642978404618,3.1622776601683795,0.9071926141993801,0.8445743216582425
prelu,2,BraTS20_Training_238.npy,0.8694233488099916,2.8284271247461903,0.7718566819209879,0.9952249124082536,0.9436162622961903,1.0,0.9876898107729098,0.9033080687744112,0.4712720849908804,11.357816691600547,0.9987693882838689,0.30839442058324007,0.00616804022104286,34.10278580995987,0.0030975870053495083,0.7041419910017163,0.24542432841475278,10.198039027185569,0.14285002571651692,0.8704715635797697
prelu,2,BraTS20_Training_239.npy,0.92041668863886,1.0,0.929969145160088,0.9110584785711966,0.7284680767121096,4.358898943540674,0.7386065706818729,0.718604145924995,0.7623491347751965,2.0,0.835082457632435,0.7012704581649646,0.4702401496768874,7.0,0.45023607134066473,0.49210444783558216,0.8403184407847637,3.0,0.8481032664474704,0.8326752304797524
prelu,2,BraTS20_Training_247.npy,0.9249845955948637,1.0,0.8661332467845912,0.9924165436275565,0.9548378064445884,0.0,0.9321822846442558,0.9786219868354448,0.9184599509046034,1.0,0.9610781556454682,0.879460990672223,0.856217024457601,2.8284271247461903,0.7517233830281492,0.994451145479155,0.7467547792148402,2.0,0.6489424431101288,0.8792857884186314
prelu,2,BraTS20_Training_251.npy,0.9659268558566618,0.0,0.9649425355501088,0.9669131862713997,0.9243909682797605,1.0,0.8932535880893524,0.9577775492726361,0.9318416622098055,1.0,0.8954952905392629,0.9712633062757595,0.698695317423338,5.196152422706632,0.6951740968381975,0.7022523890704955,0.94882703674549,1.0,0.9583044451140251,0.9395352511951414
prelu,2,BraTS20_Training_253.npy,0.9605915875313684,0.0,0.9498311733551215,0.9715985995398836,0.9384753562856039,1.0,0.9501382938846897,0.9270952712014879,0.7587291599143522,1.7320508075688772,0.9845567718997505,0.6171691753946142,0.4658035827999192,5.744562646538029,0.3046006496454587,0.9894444416959876,0.8214199756854933,1.0,0.7828430524784431,0.8639959490766433
prelu,2,BraTS20_Training_255.npy,0.9679197490597821,0.0,0.9870590195244682,0.9495085888455534,0.9514129310017612,0.0,0.9716749955648913,0.9319786431879652,0.905314738881382,1.0,0.974277314916027,0.8454695995652572,0.7908731663077686,4.242640687119285,0.6787247085075396,0.9474190955082006,0.8607143191746058,1.0,0.8751384590208283,0.8467579502103298
prelu,2,BraTS20_Training_259.npy,0.9671421581137942,0.0,0.9691402516914075,0.9651522865137135,0.32524547180694435,19.026297590440446,0.9521771210685039,0.19611777399849242,0.866098080654116,1.4142135623730951,0.9268047814850737,0.8128551982607418,0.07647574568746296,20.273134932713294,0.8241419173770076,0.04009832250532924,0.6381615180094277,9.486832980505138,0.4820543851894733,0.9437985929389487
prelu,2,BraTS20_Training_271.npy,0.9309072890579436,1.0,0.991284466224125,0.8774627664497305,0.9045020157928088,1.0,0.8671251010690108,0.9452462980979391,0.46588234197923906,18.0,0.4419642659837381,0.4925372889284931,0.906715242903181,1.0,0.8693345979260276,0.9474549979097359,0.8211505155288173,1.4142135623730951,0.9479466855374832,0.724272699550196
prelu,2,BraTS20_Training_273.npy,0.9216866253603517,1.0,0.9337693265161853,0.909912622909797,0.7556940473108841,5.830951894845301,0.640695784742422,0.9210048938439145,0.320875113529268,20.049937655763422,0.9655172338125609,0.19240980760204623,0.736904994514816,6.324555320336759,0.6061006860648553,0.9397055052633497,0.7067006866782714,5.385164807134504,0.833052736876457,0.6136293554938644
prelu,2,BraTS20_Training_277.npy,0.7013499641977777,15.0,0.5715020903367629,0.9075492890922983,0.06909090867217631,104.37617980879922,0.06263736194903997,0.07702702598612127,0.21509433556425783,97.075485787637,0.1353919207745387,0.5229357318407585,0.0,111.272862091311,0.0,0.0,0.6817260594993557,10.855861491478912,0.5516228216251297,0.8921427772216347
prelu,2,BraTS20_Training_283.npy,0.9388981565895185,1.0,0.9756869667982412,0.9047828255806724,0.7647420144064838,3.1622776601683795,0.7626006293641927,0.7668954586704546,0.7780251734547984,3.1622776601683795,0.7589539000363884,0.798079611449539,0.18853502944541364,10.04987562112089,0.4999999662162185,0.11616954291727563,0.8587745356205626,1.0,0.9041933269812061,0.8177003950252639
prelu,2,BraTS20_Training_284.npy,0.946189489603628,1.0,0.9173938398571541,0.9768514258867956,0.9229047281015427,1.0,0.918829805838848,0.9270159550816996,0.43374741144701423,10.707450829807287,0.5119120326453511,0.3762909735601909,0.9234269642584078,1.0,0.9149803908573211,0.9320309384473302,0.6548097772857961,3.7416573867739413,0.5936755827668538,0.7299800252564962
prelu,2,BraTS20_Training_285.npy,0.615950845932628,16.673332000533065,0.44908155245001,0.9801564364466233,0.43297881355845064,20.445048300260872,0.27967968451853137,0.958180453236249,0.6422196689562432,3.0,0.4773413891010884,0.9811015092302875,0.3464928929576856,20.83266665599966,0.22037126452326153,0.8101577905275357,0.48755123463169414,18.788294228055936,0.46249999985138174,0.5154716708991219
prelu,2,BraTS20_Training_298.npy,0.9015368776011058,1.0,0.8983878844898905,0.9047080235881566,0.5713295917095096,14.247806848775006,0.6472527467446996,0.511348133131993,0.5199999740000013,11.588653035960672,0.55319143051155,0.4905659914560385,0.5698737177946439,14.2828568570857,0.6458959349629164,0.5098626713421581,0.667197693698377,3.3166247903554,0.6237588650270358,0.7171395952718772
prelu,2,BraTS20_Training_306.npy,0.9261667919627198,1.0,0.8939131205080296,0.960835104837056,0.766825856308411,7.483314773547883,0.7475691153282138,0.7871009022224643,0.0,373.0,0.0,0.0,0.775323546361469,7.483314773547883,0.7395657368114658,0.8147147929949602,0.7114526648709045,4.123105625617661,0.678634363792585,0.7476064074656833
prelu,2,BraTS20_Training_316.npy,0.919563419278531,1.0,0.916111508304873,0.9230414422240606,0.7374524025485805,6.0,0.6679041039159076,0.8231682248096056,0.6179264753863559,13.559108170291674,0.9438485744867599,0.45931838974725697,0.7216890829359751,6.324555320336759,0.6458417715962034,0.8177219048597713,0.8207034402678275,2.23606797749979,0.8682474528426118,0.7780959950092228
prelu,2,BraTS20_Training_318.npy,0.9476235544843878,1.0,0.9295853637407941,0.9663756442194145,0.6062994507488085,12.449899597988733,0.43880531662618893,0.980598808954097,0.44948315955490775,15.937377450509228,0.3633423161005805,0.5891608340108319,0.5992697598000477,13.416407864998739,0.4331223895435311,0.9722151196096174,0.5364972386756331,8.246211251235321,0.9480415207225934,0.374100448050473
prelu,2,BraTS20_Training_319.npy,0.9586212119533691,0.0,0.9771228093415518,0.9408072414753337,0.8812823230296951,2.23606797749979,0.8244344543086719,0.9465505581006954,0.0,373.0,0.0,0.0,0.8868937478247314,2.23606797749979,0.8181118829701526,0.9683027456297763,0.686438300954058,3.605551275463989,0.8430432826589656,0.5789008185077746
prelu,2,BraTS20_Training_335.npy,0.9100473760721587,1.0,0.8615825838850484,0.9642895256693218,0.731664233915783,4.69041575982343,0.654154337092437,0.8300111791368703,0.0,373.0,0.0,0.0,0.7256902534016964,4.898979485566356,0.6396748344848763,0.8384320388638096,0.7329862401893306,3.7416573867739413,0.7244421106951375,0.7417343152596991
prelu,2,BraTS20_Training_336.npy,0.9786492189511192,0.0,0.9894670737605304,0.9680653493027905,0.977542624376798,0.0,0.9758870351054519,0.9792038403901767,0.9362157134039479,1.0,0.9265240391412358,0.9461122852026722,0.9736801058695936,0.0,0.9792165009296826,0.9682059629451336,0.924106482947897,1.0,0.9586946995362704,0.8919271360316529
prelu,2,BraTS20_Training_340.npy,0.9700788406288054,0.0,0.9773475686934207,0.9629174322333289,0.9563487818982881,0.0,0.9448705756059438,0.9681092898811168,0.954463663177904,0.0,0.9517943740860672,0.9571479660054141,0.9153863069358136,1.0,0.8885025917118008,0.9439476406532221,0.9126419665595916,1.0,0.9471642278654729,0.8805477439538612
prelu,2,BraTS20_Training_342.npy,0.9038001429045209,1.4142135623730951,0.968256293085474,0.8473899793827667,0.9098077411319638,1.4142135623730951,0.9602220413726326,0.8644231464915286,0.8864653986889688,1.0,0.8761721144726715,0.897003409133859,0.8466296460746114,5.196152422706632,0.9526050786353245,0.7618728022349505,0.8256739408535798,6.164414002968976,0.9228842739948647,0.7469910045299651
prelu,2,BraTS20_Training_354.npy,0.9509876590324222,0.0,0.9757067110452534,0.9274901499431183,0.9479047147365812,1.0,0.9679465129237309,0.9286760306778998,0.9171328240227605,1.0,0.8719942403038167,0.9671996963591862,0.8634806216150568,2.23606797749979,0.9718189578960773,0.7768746665009334,0.9197273784796088,1.0,0.9493978579932218,0.8918552153120051
prelu,2,BraTS20_Training_355.npy,0.9736584236646191,0.0,0.9754678567358,0.9718556908693874,0.9752231446887877,0.0,0.9640155607343834,0.9866943911841555,0.9477717659502831,1.0,0.9208025866974873,0.9763683995962287,0.9638312427268975,0.0,0.9833410885734943,0.9450805006126771,0.9320129050560847,1.0,0.9590616272103727,0.9064480599907636
prelu,2,BraTS20_Training_358.npy,0.9547134934872462,0.0,0.9819300124894524,0.9289650246485311,0.920913647216028,1.0,0.8750239718244429,0.9718829870974987,0.938905118362799,1.0,0.8892453277013029,0.9944394609915341,0.7043221992398131,5.385164807134504,0.6776937596796038,0.7331288318570932,0.9457856241095186,1.0,0.9853919834843892,0.9092400768168353
prelu,2,BraTS20_Training_364.npy,0.9419969160671449,1.0,0.9606964157091089,0.9240114713583049,0.9395167215019506,1.0,0.8923629110882626,0.9919319086373055,0.8925353010550388,1.0,0.8246033824489959,0.972664707325756,0.917570833311675,1.0,0.9084614596739327,0.9268647408441384,0.8975708733659796,1.0,0.9813729591918432,0.8269549573512477
prelu,2,BraTS20_Training_365.npy,0.9548813100150259,0.0,0.9851960349500838,0.9263764773116572,0.9729912480138777,0.0,0.9917295822512249,0.9549478890280768,0.9423929097469238,1.0,0.9408537355889719,0.9439371278297314,0.950790390141587,0.0,0.9884865363700135,0.9158637299507157,0.9124557878913987,1.0,0.9501947119165939,0.8776001068017459
prelu,2,BraTS20_Training_368.npy,0.9535431636151643,0.0,0.9858225817010687,0.9233106146616324,0.7532064407421253,9.433981132056603,0.9795357698029066,0.6118368059492779,0.9266471534177625,1.0,0.9397831217424225,0.9138733426133294,0.18514214874495147,17.916472867168917,0.8991723032417434,0.1031951639868781,0.870446652057956,2.0,0.8357114053110035,0.9081945660169563
prelu,2,BraTS20_Training_004.npy,0.9514283965992013,0.0,0.9724068940070018,0.9313359547165276,0.9163807425570486,1.0,0.8914312100040173,0.9427670717774767,0.8959473473920853,1.0,0.8997772822043414,0.8921498782646033,0.7563098342274207,4.242640687119285,0.7022222215129069,0.8194247986569723,0.9345427603949633,1.0,0.9703521974620771,0.9012822492273955
prelu,2,BraTS20_Training_009.npy,0.9117312996643129,1.0,0.8743358037278937,0.9524685466868946,0.850862686866941,2.23606797749979,0.7860524278707459,0.9273205444109962,0.736619851876943,2.23606797749979,0.6100076618121436,0.9295572251206307,0.6823458730439549,5.0,0.7614765732917351,0.6181131348663081,0.8417810895577614,1.7320508075688772,0.8304561951007643,0.8534191284335595
prelu,2,BraTS20_Training_016.npy,0.9148491853099545,1.0,0.9673084794099854,0.8677871543471074,0.8096795105547707,3.3166247903554,0.6992113332605006,0.9616028384568818,0.6170971678794682,2.23606797749979,0.9891029076900446,0.44843782602169724,0.06079298171385731,12.041594578792296,0.03162097606801149,0.7849557452658784,0.8293818004810948,1.7320508075688772,0.9537543336024206,0.7337044560932129
prelu,2,BraTS20_Training_017.npy,0.9152296534618558,1.0,0.9730097458226575,0.8639271939020549,0.8682809277980952,1.4142135623730951,0.8001432659024762,0.9491035763878805,0.8632765323606089,1.0,0.9258886157347984,0.8085962035835161,0.6210847263964846,5.477225575051661,0.479389530053645,0.881689399575841,0.8898246068154554,1.0,0.966631871433993,0.8243248648905456
prelu,2,BraTS20_Training_023.npy,0.9206022010870293,1.0,0.9122632101470556,0.9290950515307604,0.9501292290442523,0.0,0.9229145264618769,0.9789976994437734,0.8670797336768669,1.0,0.8764743523119006,0.8578843736729154,0.8854821136923162,1.0,0.8020943985398477,0.9882198934401274,0.8603881733798942,1.0,0.8651099712399415,0.8557176388096421
prelu,2,BraTS20_Training_026.npy,0.941832183142963,1.0,0.9598091001742179,0.924516289108304,0.7936604781089426,3.7416573867739413,0.782430613014513,0.8052173910669955,0.7069680408456551,2.449489742783178,0.7021456324116635,0.7118571486696111,0.4182676874601001,7.280109889280518,0.4058912517523438,0.4314226253959302,0.8955640746350093,1.0,0.9198941577243999,0.8724878312382367
prelu,2,BraTS20_Training_028.npy,0.8410093921373748,2.0,0.9073151670537576,0.7837347615540833,0.774029326076783,1.4142135623730951,0.7199546480459152,0.8368865797062667,0.6585211950562031,1.7320508075688772,0.6204734616576874,0.7015399649211196,0.7581261943038947,2.23606797749979,0.6904057100985449,0.840576635911434,0.3200343725018203,5.385164807134504,0.47538293129944764,0.24121021443263305
prelu,2,BraTS20_Training_034.npy,0.9365490981679819,1.0,0.9642907842962127,0.9103589763798883,0.9322631254766749,1.0,0.9114149158805346,0.954087450037445,0.8369886076056701,1.0,0.7834220217832902,0.8984180627618561,0.8891888689427616,1.0,0.9133057645763534,0.8663128745425414,0.8720543070108182,1.0,0.9416587960544219,0.8120314667631593
prelu,2,BraTS20_Training_039.npy,0.8784739831960668,1.4142135623730951,0.9854010373584168,0.7924809230112785,0.9353186291543066,1.0,0.9264906925404929,0.9443164151646303,0.8834989130380709,1.0,0.8874941518107796,0.8795394831714268,0.9182970854662045,1.0,0.8830749339743622,0.9564456866250732,0.8098967603099861,2.449489742783178,0.9700015224699248,0.6951568193694138
prelu,2,BraTS20_Training_045.npy,0.946263556473988,1.0,0.9599547653765715,0.9329573933878798,0.9586408309469202,0.0,0.9775483270958077,0.9404508645106281,0.8996283421056244,1.0,0.9462098975442237,0.8574179790317036,0.8436088778004648,1.0,0.7956742382819755,0.8976893184529416,0.8485762142960216,1.0,0.8543666647152802,0.8428637245718071
prelu,2,BraTS20_Training_055.npy,0.9306367297570214,1.0,0.9663457259457949,0.8974727689709696,0.9442994502251719,1.0,0.9313778614473799,0.9575846211466885,0.8598829644235572,1.0,0.9611191848823654,0.7779411757079008,0.7666916721992764,5.385164807134504,0.6283430669714986,0.9831649808004691,0.9182022911525408,1.0,0.9606621864283865,0.8793368590000996
prelu,2,BraTS20_Training_057.npy,0.9379682482531012,1.0,0.9309623661427933,0.9450803741875422,0.919904438191079,1.0,0.9330045902627065,0.9071670654648533,0.8695603215281426,1.0,0.8966678266612472,0.8440437149245424,0.8067585288603043,3.3166247903554,0.7808828174630587,0.8344078695812424,0.9169115235405405,1.0,0.9070844304205518,0.9269538764329788
prelu,2,BraTS20_Training_060.npy,0.9342810414452014,1.0,0.9461299527839203,0.9227252402277302,0.9330234347930157,1.0,0.982363162182924,0.888402912134408,0.8340613964352637,1.0,0.8618600044138882,0.8079999995315942,0.8854161361961271,1.4142135623730951,0.947488832690114,0.8309764949211845,0.8616375786468928,1.0,0.8498776484151455,0.8737275243040431
prelu,2,BraTS20_Training_066.npy,0.9259892504907608,1.0,0.95596506917623,0.897836156974136,0.9125546321981268,1.0,0.8845482175250319,0.9423925021069511,0.814454726007699,1.0,0.8024235420629849,0.8268521812024591,0.8974339089096567,1.0,0.851677456074636,0.948386038098663,0.887195716635901,1.0,0.9356910975868292,0.8434795151175748
prelu,2,BraTS20_Training_068.npy,0.9329761883854988,1.0,0.959520995383843,0.9078605491024732,0.900908833469463,1.0,0.8446252724675318,0.9652291101869174,0.8397591631140596,1.0,0.8457446802512449,0.8338577716006869,0.8301843904792497,4.358898943540674,0.7372085978720312,0.9499967481955935,0.7911887190781053,2.23606797749979,0.9170124477445116,0.6957275937373185
tanhexp,2,BraTS20_Training_076.npy,0.8982255707899989,1.0,0.8744809882295776,0.9232956052597652,0.7941615101398821,3.7416573867739413,0.6855483725837908,0.9436694058188151,0.7446798050107241,3.3166247903554,0.7284615377610947,0.7616366736084883,0.5286532946555755,34.02939905434711,0.37585943420440615,0.8907664426953336,0.8650298720367559,1.4142135623730951,0.9232487777876431,0.8137178484580885
tanhexp,2,BraTS20_Training_085.npy,0.9301104528685592,1.0,0.9437370059304389,0.9168718042931037,0.7523486675522048,11.224972160321824,0.898866001159764,0.646902064212355,0.49690315245368366,19.609927382650064,0.9899046495238102,0.3317045661873622,0.3812480584251845,5.0,0.241922772884465,0.8989750966475096,0.8750982834643593,1.0,0.8621849371340419,0.8884043295349255
tanhexp,2,BraTS20_Training_097.npy,0.9560022326455704,0.0,0.9832816008045926,0.930195638310014,0.9664854285425079,0.0,0.9882833302150826,0.9456283392097303,0.9238452900584814,1.0,0.9623585080627111,0.8882960240015148,0.9426006416414264,1.0,0.9367783605422776,0.9484957484677503,0.8985954280091998,1.0,0.9434966161913731,0.8577738046912173
tanhexp,2,BraTS20_Training_100.npy,0.9685032906648371,0.0,0.9827740254276,0.9546410708329921,0.9589862642014907,0.0,0.9375067544394377,0.9814731005004422,0.9244100494260522,1.0,0.9348201488280045,0.9142292486833528,0.9300551930724139,1.0,0.8910205736554317,0.9726666353438437,0.9277348818349553,1.0,0.9853387083961582,0.8764942069397881
tanhexp,2,BraTS20_Training_103.npy,0.9252393728054318,1.0,0.8768360996264976,0.9792988118500464,0.8898951222091068,1.4142135623730951,0.8152757440168142,0.9795499519975263,0.9009756434611073,1.0,0.8642628486287289,0.940945834289682,0.7281754236490482,4.358898943540674,0.5985231241755508,0.929530706308238,0.29540858340543136,8.06225774829855,0.3312615482424634,0.2665585289719404
tanhexp,2,BraTS20_Training_111.npy,0.9531730717847977,0.0,0.9615465541921234,0.9449441684902439,0.9549263969440864,0.0,0.935707598955107,0.9749512320557939,0.9185910739106801,1.0,0.9052032722416241,0.9323808263547664,0.9171154597943547,1.0,0.888521251096308,0.9476112907877154,0.880913539679963,1.0,0.9298801481403223,0.8368460198135098
tanhexp,2,BraTS20_Training_112.npy,0.9753800610062148,0.0,0.9787748845014996,0.9720087055459241,0.9812516410519692,0.0,0.9783401691284859,0.9841804931991606,0.9607974620275969,0.0,0.9563085609148225,0.9653287033335936,0.9479075847461018,1.0,0.9485278075526021,0.9472881719955957,0.9587921443504523,0.0,0.9656506003971157,0.9520304244188045
tanhexp,2,BraTS20_Training_141.npy,0.899337434713834,1.0,0.8791579917283563,0.9204650031869872,0.06307071558391303,13.45362404707371,0.032562219019227914,0.9999999663299676,0.02506963753384906,15.165750888103101,0.012711864227233556,0.8999991000009,0.06482758613238208,13.490737563232042,0.03351955303278313,0.9825783629763637,0.6675598317192741,3.7416573867739413,0.8773811422463733,0.5387261644688784
tanhexp,2,BraTS20_Training_142.npy,0.9246990257937662,1.0,0.9298326772073154,0.9196217487076781,0.9488014196026424,1.0,0.9641138713630436,0.9339677589163571,0.8969027497326156,1.0,0.8852073516776243,0.908911323729343,0.3366555887413556,5.477225575051661,0.4903225648283044,0.2563237730805435,0.8474129815945983,1.0,0.8465104612874196,0.8483174273627355
tanhexp,2,BraTS20_Training_143.npy,0.9433029855320666,1.0,0.9384409296121065,0.948215684323292,0.9507974042037844,0.0,0.9273965519277927,0.9754097663353916,0.7293134063969928,2.0,0.5951796535070683,0.9414951956869444,0.7993924409973506,1.7320508075688772,0.9574422788493657,0.6861295645554096,0.711109372722078,3.1622776601683795,0.7810137453689804,0.6526905263837849
tanhexp,2,BraTS20_Training_148.npy,0.8912462738209442,1.4142135623730951,0.8294685293972368,0.9629667966428086,0.6326418726004817,13.0,0.6916836263370365,0.5828869465785905,0.7456737744932248,2.449489742783178,0.6814610750528206,0.8232466406857841,0.420044595606139,15.588457268119896,0.5500706949344866,0.3397372616220908,0.7625518241727534,3.1622776601683795,0.6692288099524052,0.8861200104923614
tanhexp,2,BraTS20_Training_157.npy,0.9248118608656754,1.0,0.8882226470804327,0.964545081132804,0.9450119760737596,1.0,0.9218004271578168,0.969422684971875,0.9419268048402024,1.0,0.9213543867377803,0.9634389048960812,0.8788529466794673,1.7320508075688772,0.8437292181889491,0.9170280414613645,0.8733832708023241,1.0,0.8233840212740963,0.9298474132250923
tanhexp,2,BraTS20_Training_160.npy,0.9112104677801687,1.4142135623730951,0.84670453471922,0.9863556818525688,0.8357503152036209,2.8284271247461903,0.7757699903948386,0.9057828648236407,0.8132777713190321,1.7320508075688772,0.853011615120042,0.7770808332123156,0.7198481455368626,4.898979485566356,0.6085167659723273,0.8810388988857333,0.5322731962974631,8.12403840463596,0.495523821892763,0.5749100672404848
tanhexp,2,BraTS20_Training_166.npy,0.9529165288126007,0.0,0.9414157002046427,0.9647018330039628,0.9689948158264741,0.0,0.9525709073964357,0.9859950112939876,0.9415903552737135,1.0,0.9054938394454668,0.9806842540620632,0.9247160200059867,1.0,0.9912663747134142,0.866539420887873,0.9288589067539575,1.0,0.9194006179525479,0.9385138216419968
tanhexp,2,BraTS20_Training_170.npy,0.9553478060319495,0.0,0.9233117052813341,0.9896869243863409,0.931961001078945,1.0,0.8856439961567955,0.9833898748806494,0.9246877027494087,1.0,0.9683908038654032,0.884758877376842,0.7927330326257448,3.7416573867739413,0.6684755379291405,0.9737322133360912,0.9203736126648596,1.0,0.8945948143720716,0.9476821856624937
tanhexp,2,BraTS20_Training_171.npy,0.8996231155464955,2.23606797749979,0.8798858655726592,0.9202661601730423,0.797589589025092,5.0990195135927845,0.8865579750190175,0.724849106205303,0.7455615083660149,2.8284271247461903,0.8377006605065506,0.6716827556919919,0.7778720083469417,6.164414002968976,0.8616601531524011,0.7089349202799605,0.5749559622750282,11.789826122551595,0.49178523694523685,0.691984366807023
tanhexp,2,BraTS20_Training_181.npy,0.9419924645322219,1.0,0.9746114511784003,0.9114861983543662,0.9321180116763781,1.0,0.9314477424187547,0.9327892418012997,0.9350838781058015,1.0,0.9398826933534571,0.9303338126253806,0.0,12.557255234493143,0.0,0.0,0.9375217518996736,1.0,0.9718332439946997,0.9055504367873825
tanhexp,2,BraTS20_Training_186.npy,0.9276456339690777,1.0,0.9794399175910238,0.8810541409084481,0.95405619606831,0.0,0.9512431383594916,0.9568859407554557,0.9331230346356654,1.0,0.9272821657760397,0.939037951970593,0.7579503310720584,5.830951894845301,0.7700650750427388,0.7462108632080863,0.8739730253883556,1.4142135623730951,0.96571858825855,0.7981471478291633
tanhexp,2,BraTS20_Training_189.npy,0.9482983497849083,1.0,0.9244041796546657,0.9734605376221313,0.938169826703642,1.0,0.8976021871634291,0.9825779957087463,0.9347034586244362,1.0,0.8818531069460551,0.9942924114588532,0.8090675385143978,4.123105625617661,0.8112794863126395,0.806867618385849,0.9247867051765869,1.0,0.9084230930477891,0.941750653368527
tanhexp,2,BraTS20_Training_191.npy,0.9571270549278281,0.0,0.9518119816903882,0.9625018219018739,0.9511357688186363,0.0,0.9261614986926221,0.9774942443598452,0.9314299059419964,1.0,0.9609536888630724,0.9036661907298771,0.45821121755522426,7.0,0.30022513554481184,0.9671501685854306,0.7935873996915219,2.0,0.8369968257135662,0.7544586751639191
tanhexp,2,BraTS20_Training_194.npy,0.9508377923003072,0.0,0.9507756921997934,0.9508999004179538,0.9706180212301599,0.0,0.9597642858661765,0.9817200487226726,0.8970936964516222,1.0,0.8423042069016687,0.959506886200635,0.9583353780048173,0.0,0.994651861408177,0.9245774345616737,0.7659073228656723,1.4142135623730951,0.7965145838318705,0.7375652766297555
tanhexp,2,BraTS20_Training_196.npy,0.9384491858493984,1.0,0.8990596470606335,0.9814483319133314,0.9524019196697193,0.0,0.9587340984533632,0.9461528365018693,0.9403990438104223,1.0,0.9471908952708195,0.9337039008772547,0.8477829770383256,3.7416573867739413,0.8504137478510284,0.8451684313693367,0.9160722652801899,1.0,0.8612264542742165,0.978378728953006
tanhexp,2,BraTS20_Training_199.npy,0.9405128844487108,1.0,0.9976966454425754,0.8895288451409771,0.9159938903219983,1.0,0.8673297715925357,0.9704435121130598,0.888069883075275,1.0,0.8226372974353684,0.9648109644395122,0.6718446593244729,5.385164807134504,0.7592159135189703,0.6025075444566809,0.8620302159172982,1.4142135623730951,0.9943112260881132,0.7608132678089126
tanhexp,2,BraTS20_Training_201.npy,0.9686415851084408,0.0,0.9462335751587856,0.9921366376676048,0.9447457881778732,1.0,0.8971790969388529,0.9976386492444832,0.8650031499522703,1.0,0.7644855395118667,0.9959553323679086,0.6671012598384027,3.3166247903554,0.8831990777077118,0.5359636865270442,0.9437775611129473,1.0,0.9301340408133827,0.957827295335391
tanhexp,2,BraTS20_Training_203.npy,0.9091242078489724,1.0,0.8449553464084342,0.9838404924509017,0.9279295797073429,1.0,0.9503418218388237,0.9065500925135803,0.8969165654489538,1.0,0.9498452663004533,0.8495752592826427,0.8696238359584416,2.449489742783178,0.8185279167042439,0.927523724683567,0.8866494312414112,1.0,0.8091215311969842,0.9806087898750006
tanhexp,2,BraTS20_Training_210.npy,0.9373202989972398,1.0,0.9979744111488651,0.8836165404705791,0.9370265720108644,1.0,0.9842602969571601,0.8941186592530914,0.9009533134701426,1.0,0.9907518842527074,0.8260800674578218,0.8645058629269411,5.0,0.7818796140771621,0.9666589301719974,0.9071835498252766,1.0,0.9732635678217514,0.8495060828300545
tanhexp,2,BraTS20_Training_217.npy,0.9316453738347117,1.0,0.896323801785129,0.9698649943990156,0.9363474115583378,1.0,0.9016182143754573,0.9738592405663431,0.9436108650155822,1.0,0.9398319966012268,0.9474202423248913,0.7062442303714419,4.69041575982343,0.6158798250221039,0.8276856465199305,0.7925527639896054,1.4142135623730951,0.7618019118145605,0.8258906157787412
tanhexp,2,BraTS20_Training_218.npy,0.9286687543980081,1.0,0.9337537730942078,0.9236388194432077,0.9244661336916333,1.0,0.9894567178897128,0.8674869047835733,0.8493442398255137,1.0,0.9658992356837498,0.757889736183924,0.7209926400294941,1.4142135623730951,0.6339002052728928,0.8358282505785571,0.5745334377159037,20.786988838677473,0.47094981751312737,0.7365305231715563
tanhexp,2,BraTS20_Training_220.npy,0.8862569063427922,1.7320508075688772,0.8723513224183932,0.9006129910291248,0.8508476707371359,2.23606797749979,0.9842453787715597,0.7492936677332852,0.7886938168944605,2.8284271247461903,0.9443548382019598,0.6770873484399478,0.7870195332981414,4.123105625617661,0.8435389454710278,0.7375984244708678,0.8275029564987406,2.8284271247461903,0.7697999201083281,0.8945576427632339
tanhexp,2,BraTS20_Training_221.npy,0.9725189755182766,0.0,0.9727492265158194,0.9722888334196598,0.9212296453415593,1.0,0.8796117350034711,0.9669813579708021,0.9003604582351274,1.0,0.8436992865524966,0.965180036057944,0.6997694845493211,4.358898943540674,0.709763032726848,0.6900534492289405,0.9010027525805313,1.0,0.9498557682362537,0.8569291423139846
tanhexp,2,BraTS20_Training_228.npy,0.873440878036931,4.242640687119285,0.8536714209091969,0.8941476908712283,0.9487446967978495,1.0,0.9571989889438682,0.9404384386182004,0.9189750063525332,1.0,0.933547203543953,0.9048507454647737,0.9229368918037972,1.0,0.9102333904541191,0.9359999971199999,0.8353323986330778,7.810249675906654,0.8101216952060223,0.8621625965340283
tanhexp,2,BraTS20_Training_238.npy,0.8689672385818661,3.0,0.7712148406886892,0.9950969613623635,0.9414355641224711,1.0,0.9779262596381247,0.9075701615212771,0.47613864954991236,11.180339887498949,0.9982309957702266,0.31262846862854665,0.006147142356126114,38.5823788754783,0.00308457193389846,0.8618181504793401,0.25480207111870135,10.04987562112089,0.15200026568045563,0.7872194024363813
tanhexp,2,BraTS20_Training_239.npy,0.9199711607160853,1.0,0.9033085336792834,0.9372600650076557,0.7794038263121802,3.605551275463989,0.7248842523986812,0.842791360760885,0.7656556697488408,2.0,0.8240425230693165,0.7149952687854834,0.5371161621733515,7.874007874011811,0.44513692120383674,0.6770070362243185,0.8622400505944755,2.449489742783178,0.8606954687634887,0.8637901859729642
tanhexp,2,BraTS20_Training_247.npy,0.9175444894139421,1.0,0.8531156420251086,0.9924998889414969,0.9567512185292347,0.0,0.9359026922181369,0.9785497672421843,0.9289462203615696,1.0,0.9695858047222432,0.891576353287979,0.8656612002087073,3.0,0.7672611880339711,0.9930135946974067,0.7191704204251942,3.0,0.6098705292629482,0.876201701397399
tanhexp,2,BraTS20_Training_251.npy,0.9623061511610951,0.0,0.9384112587959128,0.9874497162560499,0.9284594518305771,1.0,0.892631578520272,0.9672836620691224,0.9407422714161202,1.0,0.9038352428776607,0.9807917250626167,0.7100348200221038,6.4031242374328485,0.685094683307591,0.7368593931115,0.9410467593456275,1.0,0.9220425338317597,0.9608508634718645
tanhexp,2,BraTS20_Training_253.npy,0.9562645696674594,0.0,0.940545719807322,0.9725177511800811,0.9278727250880601,1.0,0.9524116239334628,0.9045665547862224,0.7453876435824852,1.7320508075688772,0.9853731539660023,0.5994040719254246,0.47117958060501364,5.385164807134504,0.30861980476430667,0.995586204150107,0.7919228486027519,1.4142135623730951,0.727507310781864,0.8688535811061132
tanhexp,2,BraTS20_Training_255.npy,0.9690699691805633,0.0,0.9915457388350205,0.9475905495796347,0.9578287551649659,0.0,0.9854998358977464,0.9316691443200505,0.9097760125017358,1.0,0.9790608317673146,0.8496492149746955,0.818581780361762,3.7416573867739413,0.7272378905858224,0.9361681131924979,0.8721737816713685,1.0,0.8825675106217166,0.862022010658082
tanhexp,2,BraTS20_Training_259.npy,0.9647384361862196,0.0,0.9730626748769581,0.9565554117508378,0.3090267848263956,18.894443627691185,0.9570479697733963,0.18426212734316658,0.8504428507589866,1.4142135623730951,0.9201423738978348,0.7905590835171653,0.0736656813455004,19.748417658131498,0.8553798655789437,0.03849023860503423,0.6120477930701238,10.04987562112089,0.4535758858918369,0.9407196782153702
tanhexp,2,BraTS20_Training_271.npy,0.950735704003068,0.0,0.9829793053010416,0.9205402238268537,0.9112228549058332,1.0,0.8745995810555676,0.951047326668038,0.34782607750472616,17.086493027679637,0.2857142729591842,0.44444441358024905,0.9145728641164363,1.0,0.8790374742856365,0.9531023514503659,0.8522004828327501,1.0,0.9343659938997241,0.7833177299600405
tanhexp,2,BraTS20_Training_273.npy,0.9113112515709707,1.4142135623730951,0.9024832525472207,0.9203136658345972,0.7725797489381908,4.358898943540674,0.6753488455932102,0.9025162572912603,0.31370005148715613,37.898546694745384,0.9474921555839173,0.18796641761821142,0.7591702052438715,5.0990195135927845,0.6445307835143211,0.9234129907196267,0.696084396761278,5.196152422706632,0.77039632335893,0.6348474280910071
tanhexp,2,BraTS20_Training_277.npy,0.7177142854496906,16.78689542184535,0.6261820517039678,0.8405872186178004,0.2744043033266552,96.57121724406295,0.3923076879966188,0.21099290655441544,0.5137211798713373,94.67840288107243,0.5558194642323168,0.4775510106622243,0.1348314598768098,98.94948154419701,0.2331288295883675,0.09484192932743819,0.7138604572385677,8.366600265340756,0.5980867778625987,0.8852144003992573
tanhexp,2,BraTS20_Training_283.npy,0.9509905271259952,0.0,0.9707123781181168,0.9320540918630217,0.7493827157189671,3.1622776601683795,0.7436121799583373,0.7552435115932781,0.7728313164979533,3.0,0.7333333326832151,0.8168263051082983,0.09740769758517127,14.866068747318506,0.41891889061358845,0.055111110621234576,0.8678554589883447,1.0,0.8939099631815841,0.8432767445854819
tanhexp,2,BraTS20_Training_284.npy,0.9563902900809417,0.0,0.9377780897156585,0.9757562476977844,0.9169746830047704,1.4142135623730951,0.88046954298315,0.9566378358758562,0.45983529032019,9.884303796166988,0.5201588255340293,0.41204935782228563,0.9165735064304463,1.0,0.8760675396779519,0.9610067320738298,0.7192155315491086,3.3166247903554,0.7406176735263115,0.69901559357104
tanhexp,2,BraTS20_Training_285.npy,0.8556888403790558,2.23606797749979,0.7584231478114889,0.9815728744280424,0.7310361565854058,5.830951894845301,0.5864863877391124,0.970145347471485,0.6374170715281583,3.3166247903554,0.47326940697061687,0.9758938218421077,0.6886127195831512,6.0,0.5566553998931467,0.9025705708967485,0.6036532327335962,7.0,0.6690231360318049,0.5499207605520547
tanhexp,2,BraTS20_Training_298.npy,0.8123733332250168,3.0,0.7441133364083748,0.8944216086628238,0.4236634467594865,16.61324772583615,0.4699372052826239,0.38568575637074937,0.4765624813842781,13.047977815459479,0.6489361011770105,0.37654318663313663,0.4205377225620246,16.673332000533065,0.46568084733063353,0.38337347803959804,0.5972569911211123,6.164414002968976,0.4949290778386776,0.7529265788677096
tanhexp,2,BraTS20_Training_306.npy,0.9223865550793534,1.0,0.8870988293331913,0.9605979890480288,0.7564333759233918,6.4031242374328485,0.728029335345883,0.7871437639028495,0.0,373.0,0.0,0.0,0.7649731920597962,6.4031242374328485,0.7230542622138504,0.8120517328198542,0.6952681544994781,4.242640687119285,0.6680971960023379,0.7247428444160856
tanhexp,2,BraTS20_Training_316.npy,0.8948434963854661,1.4142135623730951,0.8413395301424226,0.955614650138875,0.41988382335118263,15.132745950421556,0.27689543113640913,0.8682434709264312,0.6375721077562776,13.45362404707371,0.8018927394202351,0.5291423791459517,0.39546316984479796,17.72004514666935,0.25668589691658517,0.8609193711040831,0.7515612448254916,4.58257569495584,0.8503554935974232,0.6733334106795591
tanhexp,2,BraTS20_Training_318.npy,0.9559192455584612,0.0,0.9463819478690215,0.9656507270444309,0.6108003303953159,16.673332000533065,0.4463111805819352,0.9673020089245313,0.35794183311729366,32.57299494980466,0.2587601064217784,0.5804111175282816,0.603509713819184,19.44222209522358,0.44103910894563736,0.9554970590554439,0.5040938996067447,10.295630140987,0.8985872950433775,0.3503048007727852
tanhexp,2,BraTS20_Training_319.npy,0.958996391091296,0.0,0.9573593871145438,0.9606390028523907,0.8285954146847997,3.7416573867739413,0.729619924426086,0.9586380073976787,0.0,373.0,0.0,0.0,0.8342118733771766,3.7416573867739413,0.7247638049949799,0.9825956585322672,0.637216366872214,5.744562646538029,0.8230942037372788,0.5198252051530731
tanhexp,2,BraTS20_Training_335.npy,0.9063300459456557,1.4142135623730951,0.8486731115606766,0.9723921739190177,0.7554832153129427,4.123105625617661,0.6983076768463763,0.8228564710723312,0.0,373.0,0.0,0.0,0.7444309882248494,4.123105625617661,0.6744356151420627,0.8306375658591708,0.7218756721374784,3.7416573867739413,0.6828301390544985,0.7656574278741728
tanhexp,2,BraTS20_Training_336.npy,0.9759525056067084,0.0,0.9971455483405438,0.9556415761458039,0.9786237677591412,0.0,0.9910026249066384,0.9665503497828766,0.9372588643814855,1.0,0.9388543819006882,0.9356687601743919,0.9688237436508214,0.0,0.9901180341986126,0.9484261133842589,0.9222025762140686,1.0,0.9595269378188669,0.8876732308583868
tanhexp,2,BraTS20_Training_340.npy,0.971359921816611,0.0,0.9724594801939208,0.9702628470442191,0.9636559070098171,0.0,0.9566613838443399,0.9707534626333132,0.9553637801875684,0.0,0.9556417714336755,0.9550859503182481,0.9323983166799444,1.0,0.9123513260674893,0.9533460796983135,0.922017084446855,1.0,0.93509781327138,0.9092972693556822
tanhexp,2,BraTS20_Training_342.npy,0.9154891312547664,1.0,0.9759059405620457,0.8621168277658906,0.9217514447290133,1.0,0.9716369746429694,0.8767381835072803,0.8843558955988603,1.0,0.8810621328751096,0.8876743773816573,0.8618928342696092,4.123105625617661,0.9604312607704992,0.7816926502180115,0.8467409337702368,2.23606797749979,0.9319628506386405,0.7757991659190846
tanhexp,2,BraTS20_Training_354.npy,0.9589354402451357,0.0,0.9502075442538884,0.9678251584073778,0.9477045151343354,1.0,0.9140725770794917,0.9839058648157556,0.8928638118416039,1.0,0.8175665945252759,0.9834376148036463,0.873610253130326,1.4142135623730951,0.9058763874610705,0.8435636180806253,0.9222617474050709,1.0,0.9453141276311149,0.9003069106651092
tanhexp,2,BraTS20_Training_355.npy,0.9696917370512779,0.0,0.976474935266117,0.9630021292022378,0.9728990199075068,0.0,0.9643937755603638,0.9815556189941317,0.9449451659507008,1.0,0.9222950002616209,0.9687358482306169,0.9605585384055247,0.0,0.9795253603289824,0.9423122833525389,0.9212929163708096,1.0,0.9572367695716559,0.8879507258753567
tanhexp,2,BraTS20_Training_358.npy,0.9567240362203913,0.0,0.9676995479271516,0.9459946977738305,0.9049429654637936,1.0,0.8291887740016692,0.995930588915901,0.9269443606336303,1.0,0.8664688420350719,0.9964951106839189,0.6829723661632331,6.164414002968976,0.5762444846369108,0.8382218110072327,0.9499429420158731,1.0,0.9762715191708372,0.9249971573214603
tanhexp,2,BraTS20_Training_364.npy,0.9530049381721921,0.0,0.949851934958659,0.9561789435911906,0.9354394592872971,1.0,0.8874177465827681,0.9889558007624373,0.8914750718006689,1.0,0.8223089023133903,0.973345231251127,0.9101340397462928,1.0,0.9005192949289689,0.9199563109585706,0.9161011781896942,1.0,0.9592507323233045,0.8766664752249064
tanhexp,2,BraTS20_Training_365.npy,0.9632890928993554,0.0,0.9763191061091857,0.9506022976896044,0.9787027770062935,0.0,0.9803890854013989,0.9770222595334173,0.9380496255291036,1.0,0.909996194053661,0.9678877416960509,0.9563288671647739,0.0,0.9874961309230901,0.927068804937509,0.9305517074146236,1.0,0.9515932627284287,0.9104205595646272
tanhexp,2,BraTS20_Training_368.npy,0.9234991776964664,1.0,0.9789950675487772,0.8739575085542358,0.621232852573197,14.317821063276353,0.9927674360883789,0.4520551441276346,0.8719519108336304,5.916079783099616,0.9314836124483652,0.8195725170195766,0.11638605202116752,20.024984394500787,0.9518434841847744,0.06198245868882236,0.8021273879247647,4.898979485566356,0.7309624987234463,0.8886437768183261
tanhexp,2,BraTS20_Training_004.npy,0.957699303784972,0.0,0.9683325343383768,0.947297063014435,0.933705482510341,1.0,0.9058734619816644,0.9633019326919496,0.9004096620637062,1.0,0.9158703923300019,0.885462248464637,0.7820355263199444,3.5984787924477804,0.7070707063564943,0.8747813035806282,0.9476952212825801,1.0,0.9710175057908135,0.9254669871165068
tanhexp,2,BraTS20_Training_009.npy,0.8966064238520084,1.4142135623730951,0.8534445993583696,0.9443665025033565,0.8267813003169063,3.0,0.7566387347054514,0.9112574621890682,0.7233816515506656,2.8284271247461903,0.6019724562185472,0.9061363297630824,0.6867059186848637,9.219544457292887,0.7428616498095671,0.6384435478973516,0.8172053156762756,2.23606797749979,0.801379792434647,0.8336684706148343
tanhexp,2,BraTS20_Training_016.npy,0.9137865239659625,1.0,0.9613259232846337,0.8707273945220295,0.7955387144068723,3.605551275463989,0.677133537637619,0.9641285131653109,0.6361898223756766,2.23606797749979,0.9958560348431771,0.46738699785075205,0.06692062182404317,12.083045973594572,0.03475811912774656,0.8961396976457748,0.8223151173863184,2.0,0.94403983515089,0.7283956157728929
tanhexp,2,BraTS20_Training_017.npy,0.9348059157409271,1.0,0.9622458954291686,0.9088875348981506,0.8689649908973515,1.4142135623730951,0.8161174779254173,0.9291306467712195,0.8566137560472131,1.0,0.9319326508390666,0.7925590493298751,0.6197081601335722,10.770329614269007,0.4906575374544893,0.8408702008289655,0.9100395966800506,1.0,0.9501882453935342,0.8731462320148791
tanhexp,2,BraTS20_Training_023.npy,0.9210806790282463,1.0,0.9036548887718174,0.9391917504639745,0.9565166600600074,0.0,0.9344402596516945,0.9796614219180108,0.8845908216017742,1.0,0.8865319549359679,0.8826581694286225,0.9060952837382557,1.0,0.8471695236801191,0.9738311218181593,0.8613258120306314,1.0,0.8476925029250784,0.8754048136212671
tanhexp,2,BraTS20_Training_026.npy,0.9352916890836258,1.0,0.9580894338007938,0.9135536730521641,0.7874026872024241,4.123105625617661,0.7981267720338765,0.7769629710079848,0.7032179119629011,2.449489742783178,0.6917976006539122,0.7150216088029766,0.4082003800908488,7.3484692283495345,0.4394411315836601,0.3811067373766252,0.8907353918036038,1.0,0.9147761297322766,0.8679258994418728
tanhexp,2,BraTS20_Training_028.npy,0.8686032998213796,1.4142135623730951,0.9125891195856094,0.82866264596104,0.8317185770103003,1.4142135623730951,0.8530745625896529,0.81140573407041,0.6755980857652323,1.7320508075688772,0.6868446646991194,0.6647138815098714,0.8230666213399175,1.0,0.8561727305307806,0.7924254620589437,0.3125814860555888,5.385164807134504,0.3497447112513773,0.28255745391491244
tanhexp,2,BraTS20_Training_034.npy,0.9418960573162823,1.0,0.9560132352378962,0.9281897409902469,0.9224507527498998,1.0,0.8967878179622567,0.9496257236124415,0.8253009390128971,1.4142135623730951,0.7661481781554859,0.8943520637928364,0.8675105082363602,1.0,0.8885915831240129,0.84740651347898,0.8723685279126667,1.0,0.9215033912334714,0.8282081949170058
tanhexp,2,BraTS20_Training_039.npy,0.9010109221217869,1.0,0.9831832293245938,0.8315147362085898,0.9338270296392945,1.0,0.9282784725374496,0.9394423153791814,0.8838522526072898,1.0,0.8908467169103019,0.876966765770998,0.909075699783291,1.0,0.8775839779108786,0.9429116763093672,0.845582185305945,1.4142135623730951,0.9702756202313763,0.7492885531763943
tanhexp,2,BraTS20_Training_045.npy,0.945233477186947,1.0,0.9580206724980426,0.9327831401209344,0.9594691346407518,0.0,0.9798131106035,0.9399527832244238,0.9009505473588075,1.0,0.9472472419423015,0.8589684759191096,0.8530235516062943,1.0,0.8096302556732539,0.9013317185221067,0.8485491677000816,1.0,0.8505526436483439,0.8465551077247817
tanhexp,2,BraTS20_Training_055.npy,0.9451939254476044,1.0,0.9623057893037511,0.9286800002637526,0.949742533144613,1.0,0.9370681473126486,0.9627644759446239,0.874770393908822,1.0,0.9806201538509931,0.7895455424326648,0.7685499051143598,5.744562646538029,0.6272671370623008,0.991978607214442,0.9336738525784986,1.0,0.9550176199644507,0.9132632567998057
tanhexp,2,BraTS20_Training_057.npy,0.9344855100230048,1.0,0.9136337983519454,0.9563112417526105,0.9245057937438199,1.0,0.9224621655139754,0.9265584962198475,0.8697006397475339,1.0,0.875304770840236,0.8641678119392849,0.812387936736124,3.0,0.7913623347368614,0.8345612832064256,0.9133825381002381,1.0,0.8902542964685654,0.9377445461572406
tanhexp,2,BraTS20_Training_060.npy,0.9309735928744352,1.0,0.9336252248290915,0.9283369802005451,0.9238100408748798,1.0,0.985317115266343,0.8695307705812894,0.8261750035284342,1.0,0.8451026460270203,0.8080766269685588,0.8650580433132727,2.449489742783178,0.9559320182177078,0.7899617372091102,0.8512133262756245,1.4142135623730951,0.8181042167008546,0.8871153527877416
tanhexp,2,BraTS20_Training_066.npy,0.937934990683252,1.0,0.9389726870363034,0.9368995852400142,0.8939440513392957,1.0,0.8463876845958297,0.9471627092160084,0.7997586722173402,1.0,0.7649163291807083,0.8379266740354909,0.8850574705675819,1.0,0.827104177711736,0.9517439875520759,0.9065650906445704,1.0,0.9249691370022016,0.8888791245465795
tanhexp,2,BraTS20_Training_068.npy,0.944092119881061,1.0,0.9547413791444067,0.9336778051919505,0.9054590569315355,1.0,0.8606639539888365,0.955173090453775,0.8429367371313433,1.0,0.8476595738669082,0.8382662359108808,0.8345052874053193,4.0,0.7605207383386211,0.9244357207283883,0.8215070339523015,1.7320508075688772,0.9024472855862278,0.753890775058754
relu,3,BraTS20_Training_078.npy,0.8518693129918592,1.4142135623730951,0.9305283754942505,0.7854720916393948,0.9192115485013801,1.0,0.923055476828749,0.9153995010846012,0.8193959309437067,1.0,0.9229345037654837,0.7367448720917331,0.6358579361663288,3.0,0.5208552382725018,0.8160351410431897,0.817508092336659,1.7320508075688772,0.9093234789623765,0.7425336563824898
relu,3,BraTS20_Training_082.npy,0.8053782563537835,2.449489742783178,0.7620037612493775,0.8539886820659174,0.8887178163641111,1.0,0.8252581400710752,0.9627501835382688,0.7844342027849025,1.0,0.6781761826512258,0.9301760748932116,0.7703016221441051,1.4142135623730951,0.840742820254683,0.7107516616995638,0.5399434183753962,7.0710678118654755,0.5265370453848212,0.5540503164112515
relu,3,BraTS20_Training_086.npy,0.6917718923187798,6.4031242374328485,0.5467498819201897,0.941498528904493,0.11764705768903512,10.04987562112089,0.11030741211017338,0.12603305524725092,0.6508875354504416,3.0,0.5188678755785023,0.8730157344419469,0.0,10.295630140987,0.0,0.0,0.647036032294833,6.48074069840786,0.5081857461455872,0.8902868100114225
relu,3,BraTS20_Training_088.npy,0.8011545275385625,4.123105625617661,0.7153389441132189,0.9103665874079933,0.9125421319351862,1.0,0.8624360794178589,0.96882945572198,0.8440717172677433,1.0,0.7586027645715743,0.951244947267312,0.779383794637916,1.7320508075688772,0.8870129831731038,0.6950474874659176,0.6562296149298824,5.830951894845301,0.5641121492314488,0.7843035337211883
relu,3,BraTS20_Training_101.npy,0.922425725916683,1.0,0.8823152289330719,0.9663567948945433,0.8863267668347836,1.7454482671892635,0.8084341801995275,0.9808296460980768,0.8693496987020144,2.23606797749979,0.7933510441636024,0.9614514436464919,0.8416657500915661,2.23606797749979,0.7666132890980519,0.9330085239147174,0.8809834341475751,1.4142135623730951,0.8566858482515548,0.906699522998217
relu,3,BraTS20_Training_102.npy,0.915968881581256,1.0,0.9582901872351033,0.8772275722767773,0.9043358565203261,1.0,0.8437309896291105,0.9743209483497339,0.8332073182873073,1.4142135623730951,0.741288846036205,0.9511479355236528,0.907586398089433,1.0,0.8864438999097475,0.9297620730449323,0.763683980461072,2.449489742783178,0.9358151466240745,0.6450376045973768
relu,3,BraTS20_Training_106.npy,0.9405655199333771,1.0,0.9481612347437667,0.933090536325004,0.9510325201716923,0.0,0.951902306293655,0.950164321940885,0.9148348864319749,1.0,0.8675969064634235,0.9675129891886246,0.8433091240661965,3.1622776601683795,0.9611188627672721,0.7512270087000015,0.8732656945195688,2.23606797749979,0.8874773137975953,0.8595020568907534
relu,3,BraTS20_Training_109.npy,0.932174329073519,1.0,0.9384797574377792,0.9259530645681797,0.9571749264449706,0.0,0.9854222218718499,0.9305019301895243,0.9414951484399087,1.0,0.9702100393674965,0.9144311218345419,0.8902183195631899,1.4142135623730951,0.913424743441606,0.8681618413878439,0.9124872128394721,1.0,0.9104968048281532,0.9144863421228163
relu,3,BraTS20_Training_114.npy,0.9452960146043867,1.0,0.9193448461899496,0.9727548343808633,0.9743297754362654,0.0,0.9716105933921759,0.9770642199943745,0.9346010268866703,1.0,0.9384526172388782,0.9307809222648068,0.9624739274576087,0.0,0.9540126560642842,0.9710866299560492,0.882113570413084,3.7416573867739413,0.8358845523027412,0.9337553842114268
relu,3,BraTS20_Training_115.npy,0.9591479785123521,0.0,0.950213559553874,0.968252004524539,0.9707219214924145,0.0,0.9686803157466651,0.9727721507594421,0.9520358129211839,0.0,0.9460528167306504,0.9580949649899206,0.9726746764818205,0.0,0.9809694775925144,0.9645189744668686,0.9449926860790616,1.0,0.9342927688276129,0.9559405224547508
relu,3,BraTS20_Training_118.npy,0.9617679217938414,0.0,0.955626715279882,0.9679885699177533,0.9713138824303339,0.0,0.9668648270472032,0.9758040710378636,0.9578294758100611,0.0,0.965713577217832,0.9500730626521273,0.9277254026402577,1.0,0.8794683736046361,0.9815856727284621,0.9490635809436879,1.0,0.9425870196567573,0.9556297593015038
relu,3,BraTS20_Training_121.npy,0.9754117357525226,0.0,0.9928654150646355,0.9585610954006847,0.9844471793953985,0.0,0.9886666449453666,0.9802635764371733,0.9636810047627049,0.0,0.965682514720295,0.9616877738422404,0.9758974355846483,0.0,0.9822569191675224,0.969619768823884,0.9663154957285117,0.0,0.9873729708936981,0.9461374410925729
relu,3,BraTS20_Training_125.npy,0.9739139271048587,0.0,0.9633767138248129,0.9846841971200891,0.9360271253800769,1.0,0.925673419154699,0.9466150647543851,0.9282136339478829,1.0,0.8781658974741343,0.9843106901944241,0.6276073045076414,3.1622776601683795,0.8310827379546213,0.5041703894784475,0.946809554785587,1.0,0.9366382429482338,0.9572042001085046
relu,3,BraTS20_Training_135.npy,0.9422189420754886,1.0,0.9365319614764082,0.9479754116405381,0.8530522827445818,3.1622776601683795,0.8048438279042869,0.9074038685152553,0.8638203653452217,1.4142135623730951,0.8936396656963883,0.8359268475628336,0.6985085386654794,5.385164807134504,0.6153931655526877,0.8075809037888722,0.7751528907319373,2.449489742783178,0.8085303194694853,0.7444219579438045
relu,3,BraTS20_Training_136.npy,0.8869057941752537,1.0,0.9208807398017711,0.8553485895452978,0.8986743514123584,1.0,0.8929785037253337,0.904443326925077,0.8565877126071919,1.0,0.8541772381537218,0.8590118298032884,0.7053753677643736,3.7416573867739413,0.6889676546544802,0.7225836414438113,0.8136096255596779,1.7320508075688772,0.8720410383240553,0.7625169145585834
relu,3,BraTS20_Training_138.npy,0.9318298134280634,1.0,0.9242324365753162,0.9395531294173685,0.8062192998796195,5.744562646538029,0.6853595664309854,0.9788313076919491,0.894612325166616,1.0,0.8284895424267534,0.9722052362632149,0.46160773709589104,10.295630140987,0.34861164492751817,0.682984762943639,0.8833294464037946,1.7320508075688772,0.9483675651988765,0.8266393306552933
relu,3,BraTS20_Training_139.npy,0.8692398209298093,1.4142135623730951,0.9546135947507813,0.7978829117313101,0.9148363024089968,1.0,0.9047131129001781,0.9251885982288588,0.9038483619714551,1.0,0.8806805442563678,0.9282680487770929,0.5089757074025797,4.47213595499958,0.5835350948296587,0.4513108529717069,0.8193556243317632,1.7320508075688772,0.9300380221707307,0.7322157509757711
relu,3,BraTS20_Training_144.npy,0.9371732288446858,1.0,0.9781457129407115,0.8994952486353358,0.9366209005090022,1.0,0.9467447761558929,0.9267112502814103,0.9508720703400277,0.0,0.9686026045461804,0.9337789916805885,0.5689671403027177,4.58257569495584,0.5519729625941058,0.5870409941839508,0.8778210299428907,1.0,0.9325043516592815,0.8291958585139755
relu,3,BraTS20_Training_159.npy,0.8588197383403563,3.0,0.7635671602015359,0.9812243604811064,0.7326689769405914,2.8284271247461903,0.5823671213610755,0.9875413646339471,0.6447129256444852,2.8284271247461903,0.6911966971774491,0.6040873560326842,0.06051167950942897,9.486832980505138,0.031271556607791316,0.9315067855132338,0.6755405403123174,5.916079783099616,0.6358837367958509,0.7204727241331176
relu,3,BraTS20_Training_163.npy,0.9703697581457422,0.0,0.9498925621359482,0.9917492752071636,0.9407562665083443,1.0,0.9358059710749866,0.945759213201015,0.8597308157534678,1.0,0.8963224045362943,0.8260096829837981,0.8594987662079602,1.7320508075688772,0.781956367337971,0.9541130112655617,0.9017487840555674,1.0,0.8707308071294202,0.9350582940101428
relu,3,BraTS20_Training_169.npy,0.9465165803862386,1.0,0.9760846179677152,0.9186872520174323,0.9578423952872875,0.0,0.9805787636306703,0.9361364954476423,0.927754298869179,1.0,0.9704279558818536,0.8886756234902545,0.9514441183803662,0.0,0.9179202413751436,0.9875095025659721,0.8285693396621172,2.0,0.8658958944352165,0.794327897587101
relu,3,BraTS20_Training_172.npy,0.9341190611856323,1.0,0.9449349685563775,0.9235479534612577,0.9509846998158492,0.0,0.9786236940075445,0.9248640241454048,0.9342382149967181,1.0,0.987213696923267,0.8866586769655895,0.9098755171620324,1.0,0.8649416192333808,0.9597338901970102,0.8969106194495212,1.0,0.8998636271576608,0.8939769292815759
relu,3,BraTS20_Training_174.npy,0.972516544076257,0.0,0.9713390151092515,0.9736969313814946,0.9486241852011903,1.0,0.9189141791747925,0.9803195267032142,0.9263697925453785,1.0,0.8943968929725801,0.9607133732183905,0.8556067575182692,1.4142135623730951,0.8498626766864122,0.8614290106358521,0.9473730885924003,1.0,0.958386913340951,0.9366095303528108
relu,3,BraTS20_Training_197.npy,0.9528309069503855,0.0,0.9835190744130275,0.9239998817930506,0.9376361400589753,1.0,0.908247680996595,0.9689900594390886,0.8758114420032952,1.0,0.8029814215887972,0.963170536214934,0.7891058324116139,2.449489742783178,0.887788224262487,0.7101669871915803,0.8444674634540648,1.4142135623730951,0.9411754093114265,0.7657816328701537
relu,3,BraTS20_Training_202.npy,0.9553484880901669,0.0,0.9360600488762162,0.9754485663470646,0.944720291129685,1.0,0.8983466416293872,0.9961422584333374,0.9043731598724247,1.0,0.827318156120312,0.9972558724334009,0.8454679315913498,3.7416573867739413,0.8491496172466111,0.8418180330359062,0.8814179367768283,1.0,0.8855238038446895,0.877349968701702
relu,3,BraTS20_Training_205.npy,0.9284690873486775,1.0,0.9712802988101856,0.8892725392093042,0.9141958659993308,1.0,0.8511083210976406,0.987384762281939,0.8914833465755397,1.0,0.8170759161588739,0.9808004300140605,0.4745762649990057,6.082762530298219,0.530612229428215,0.4292452728951587,0.9085617353970963,1.0,0.9695145183410127,0.8548197423462622
relu,3,BraTS20_Training_207.npy,0.9046494291804315,1.0,0.8517240794730989,0.9645880413366935,0.8673850269618661,1.4142135623730951,0.8959371473117022,0.8405965256661104,0.8560072544606286,1.4142135623730951,0.8711856415696557,0.8413487063485744,0.22508556427403753,7.874007874011811,0.27536945677157904,0.19033026833391123,0.772304815535498,3.0,0.6657711755165072,0.9194273489068887
relu,3,BraTS20_Training_209.npy,0.9468567573747891,1.0,0.9531449975100444,0.9406509448497942,0.9526721210557193,0.0,0.9907220925096236,0.9174367676877188,0.8841179265610751,1.0,0.9555452765158057,0.8226263158912369,0.9522586855186835,0.0,0.9596894832977442,0.9449420753433887,0.7633970709125388,1.7320508075688772,0.7119573415604621,0.8228488367309018
relu,3,BraTS20_Training_212.npy,0.9262659440267622,1.0,0.9194507237686688,0.9331829512600552,0.8292782797925363,3.3166247903554,0.8704930977428761,0.7917897894447615,0.6785795453581562,2.8284271247461903,0.8576352731113298,0.5613762954331767,0.7167003279678069,4.123105625617661,0.6931015375130763,0.7419627497565153,0.7853767206571606,4.242640687119285,0.7262184012566568,0.8550279680846997
relu,3,BraTS20_Training_216.npy,0.9404536275421539,1.0,0.8983977466929217,0.9866403282771117,0.9072783412602949,1.0,0.9269541386908876,0.8884204703381525,0.7780021876723041,1.4142135623730951,0.8036335180775092,0.7539553084701066,0.8714941198846837,1.4142135623730951,0.883440117740611,0.8598668820172292,0.6358722764693696,7.810249675906654,0.526761727266817,0.8019926577850104
relu,3,BraTS20_Training_224.npy,0.96366098631267,0.0,0.9810299384347483,0.9468963627206795,0.9481610567362572,1.0,0.940261568886917,0.9561944021527236,0.8992933023309752,1.0,0.8397699259039013,0.9678985062115701,0.871223461610296,1.7320508075688772,0.9473192546715395,0.8064438391193474,0.8746792425900999,1.0,0.9302943127295319,0.8253386557121034
relu,3,BraTS20_Training_230.npy,0.970588235241116,0.0,0.9793806478973571,0.9619522860060234,0.9681296900789027,0.0,0.9512257399443146,0.9856452993413738,0.9804340564339118,0.0,0.9729622259953862,0.9880215336554364,0.18291215183017867,10.677078252031311,0.13240417887797598,0.2957198328513684,0.9597815455281975,0.0,0.9737865628198377,0.9461736574545182
relu,3,BraTS20_Training_233.npy,0.9345449573194367,1.0,0.8944546162081778,0.9783977103158815,0.8480565356754897,1.0,0.9326424835949574,0.7775377945771743,0.8408704507975682,1.4142135623730951,0.9360333045570275,0.763271602582495,0.032786879871003295,15.0,0.01666666388888935,0.9999900000999989,0.8917656132317007,1.0,0.8262112781364486,0.9686190511512999
relu,3,BraTS20_Training_236.npy,0.9305798881394248,1.0,0.9231255825727045,0.9381555618080207,0.8004993304540787,3.0,0.7404551717621233,0.8711409099955868,0.7334915644706534,3.0,0.655762525083556,0.8321252872144717,0.4465120626302076,7.0710678118654755,0.4726786770217,0.42309055429462117,0.8738653012081369,1.4142135623730951,0.8994465517381334,0.8496989278063642
relu,3,BraTS20_Training_244.npy,0.9570822127532029,0.0,0.9447288362966765,0.96976293775656,0.9338731670397912,1.0,0.9321626615808833,0.9355899613884521,0.784659415992242,2.23606797749979,0.838751784279522,0.7371213476475637,0.8790818169539881,1.4142135623730951,0.8338905555553963,0.9294518581617824,0.927386276368296,1.0,0.9075018772940023,0.9481615755866776
relu,3,BraTS20_Training_245.npy,0.8757337371386349,2.23606797749979,0.8336905627107533,0.9222426080783119,0.8443395415235293,3.0,0.9539288024655108,0.7573353338789826,0.8511576475146647,1.4142135623730951,0.9018572625767557,0.8058549824472204,0.18581767614324302,11.661903789690601,0.3210941346462616,0.1307379721413044,0.6664998910040834,6.4031242374328485,0.5193681456233816,0.9299434771702786
relu,3,BraTS20_Training_252.npy,0.968790526964009,0.0,0.9735583002073035,0.9640692241935218,0.9448163142869379,1.0,0.9487088689054384,0.9409555713381302,0.8830415560409028,1.0,0.8416558045661252,0.9287078133933325,0.8818739220665079,1.4142135623730951,0.9546774524805789,0.8193875731946508,0.9249508158395626,1.0,0.9299552038321888,0.9199999999243577
relu,3,BraTS20_Training_258.npy,0.9388530785174587,1.0,0.9185379695126392,0.9600871211941913,0.9413593660408077,1.0,0.901702079819752,0.9846654192119974,0.8906835247134743,1.0,0.9466366316037609,0.840975744111729,0.849691124913393,2.8284271247461903,0.7513417788444784,0.9776659100334423,0.837612363763606,2.0,0.8387647924825069,0.8364630973300218
relu,3,BraTS20_Training_260.npy,0.7459532416730823,23.664319132398465,0.7749178750150393,0.7190758534750142,0.6781039854554528,6.782329983125268,0.5281958247877466,0.9468236151940532,0.7764821484518565,2.0,0.6637361402935736,0.9353693174436796,0.3464520366798778,10.862780491200215,0.24780299814474224,0.5755921836310532,0.31070050279249195,32.202484376209235,0.6157411693559459,0.20777027020527708
relu,3,BraTS20_Training_274.npy,0.8817765216022373,2.449489742783178,0.7976610709413237,0.985723665755279,0.776891462394486,5.744562646538029,0.6388768779924536,0.9909669750410929,0.8122703799288166,3.0,0.7063449507700686,0.9555703317180121,0.5926949026889847,9.848857801796104,0.4605032998379027,0.8313379052207877,0.19630064722633758,15.297058540778355,0.5772148461430305,0.11825927670110202
relu,3,BraTS20_Training_278.npy,0.8794496794847997,2.0,0.8999588089585071,0.8598544859218892,0.35793644740410935,13.674794331177344,0.22693541525394514,0.8467084859422392,0.0,373.0,0.0,0.0,0.3451591983383959,15.165750888103101,0.21085687778555695,0.9506839758206117,0.6078041243878651,10.63014581273465,0.9071619888419327,0.4569977002326703
relu,3,BraTS20_Training_280.npy,0.9441605882563491,1.0,0.9913601954809592,0.9012511582712578,0.07453822769486171,19.672315572906,0.9648910294807381,0.03876647694986795,0.44540796040438324,22.917182800903866,0.8176555598023798,0.30606717060635336,0.01315789472986105,20.346989949375804,0.9185184504801147,0.00662640944443627,0.6144037237568997,6.708203932499369,0.4879591782333292,0.8292995881468521
relu,3,BraTS20_Training_287.npy,0.9735086361460676,0.0,0.963129973278284,0.9841134158273505,0.9299143512064072,1.0,0.9050523530530811,0.9561808610044819,0.9482107465601819,1.0,0.9300909621001721,0.9670505678563609,0.34158665906622876,6.708203932499369,0.30084557053473265,0.3950905879889504,0.8543168650288844,1.0,0.8659931274085886,0.8429512775344692
relu,3,BraTS20_Training_289.npy,0.9649175304681946,0.0,0.9848131267529738,0.9458098933573093,0.6873977901357763,5.744562646538029,0.9796280520112558,0.5294568983581047,0.0,373.0,0.0,0.0,0.6997937655774736,5.385164807134504,0.979486087218558,0.5443535660971552,0.8285513621103555,3.1622776601683795,0.750748578153524,0.9243445197881726
relu,3,BraTS20_Training_290.npy,0.8729345575622763,2.449489742783178,0.8271516923455808,0.9240825478168808,0.5110099897949631,20.617952059334467,0.7728207549868363,0.38170026536826046,0.8498778582612949,1.4142135623730951,0.9368421029697868,0.7776874603176439,0.006130722825936199,42.67317658670374,0.013864042871806604,0.003935508437304166,0.844507502019097,3.0,0.786120681960995,0.9122631886833911
relu,3,BraTS20_Training_295.npy,0.9195671573479905,1.0,0.9777013399052302,0.8679583023172376,0.646025198798788,6.48074069840786,0.5309249623598394,0.8248448985357887,0.0,373.0,0.0,0.0,0.6637564747897349,6.4031242374328485,0.5562926823841047,0.8226807086673198,0.7306082857889404,2.23606797749979,0.9075387257090956,0.6114100182692903
relu,3,BraTS20_Training_300.npy,0.9011699278343962,1.4142135623730951,0.8444080635973711,0.9661128997507299,0.5819992960355365,11.045361017187261,0.4169850535781115,0.9631473045419368,0.8656845716391482,25.7225565218769,0.9319029763815021,0.808252420645207,0.5713629653303414,11.180339887498949,0.40593828650353647,0.9643450334166224,0.5260027525897066,9.16515138991168,0.7637570477611316,0.40113206125105294
relu,3,BraTS20_Training_302.npy,0.80803528617807,3.4641016151377544,0.6799074845422274,0.995667756160888,0.4577066858579977,16.1245154965971,0.29688484919407826,0.9987003656080234,0.7095394725172048,2.449489742783178,0.9976873219348411,0.5505359863437059,0.4167318152672686,17.378147196982766,0.26321260756546916,0.999960506694064,0.10720997919214802,20.09975124224178,0.2443332573388422,0.0686708995464544
relu,3,BraTS20_Training_304.npy,0.882925581641305,1.4142135623730951,0.8307346805162866,0.9421138799555707,0.36555599694455465,17.916472867168917,0.23123877909111715,0.8721560118199404,0.0,373.0,0.0,0.0,0.3655871248713953,17.916472867168917,0.23123877909111715,0.8725104987501552,0.10332607484593909,12.727922061357855,0.36445783022753664,0.060196010118802046
relu,3,BraTS20_Training_310.npy,0.939191663286916,1.0,0.9027852307810542,0.9786577927842662,0.7534460081491245,5.385164807134504,0.6917650813180375,0.8272032161388273,0.0,373.0,0.0,0.0,0.7535163089044935,5.385164807134504,0.6913927012776473,0.8279060285343849,0.6501771624944624,4.358898943540674,0.6581817264069264,0.6423649562394038
relu,3,BraTS20_Training_314.npy,0.04542083792600961,30.870698080866262,0.023246987358148792,0.9839357034563975,0.0,373.0,0.0,0.0,0.0,373.0,0.0,0.0,0.0,373.0,0.0,0.0,0.044272065041838934,30.894982351842945,0.022670025166954055,0.939758998403253
relu,3,BraTS20_Training_321.npy,0.9583349627338947,0.0,0.9428122930573243,0.9743773259257599,0.36044426726754547,11.74734012447073,0.2529977275815425,0.6265258413760489,1.0,0.0,1.0,1.0,0.36044426726754547,11.74734012447073,0.2529977275815425,0.6265258413760489,0.6560087573513337,6.0,0.7908121183288029,0.560469964623956
relu,3,BraTS20_Training_322.npy,0.9188961404466377,1.4142135623730951,0.99652678590646,0.8524864145536879,0.8713609125200427,2.0,0.8263200256235801,0.9215950301767397,0.1552162830125155,33.645207682521445,0.5126049989407564,0.09145427149243972,0.874188256128735,2.0,0.8250512087183994,0.9295487995984901,0.6113710516332702,5.385164807134504,0.8665722041694918,0.4722853832270184
relu,3,BraTS20_Training_328.npy,0.9503672638665932,0.0,0.9331961147216115,0.9681821691554989,0.7461745287456909,6.708203932499369,0.7455636948347814,0.7467863643371381,0.3880326370866345,52.20153254455275,0.6196911137095452,0.28244610522461017,0.7407836851407659,7.0,0.7375807856879051,0.744014522660668,0.6987492216429161,7.211102550927978,0.6736389968310591,0.725803919553045
relu,3,BraTS20_Training_330.npy,0.9195513289489726,1.0,0.9944615382760911,0.8551361404613168,0.8605542497972344,2.23606797749979,0.8336389191927518,0.8892655732668561,0.0,373.0,0.0,0.0,0.8614247651513852,2.23606797749979,0.8299413272124614,0.8953910059028778,0.6737154374408177,2.8284271247461903,0.8475192570463044,0.5590658038317609
relu,3,BraTS20_Training_334.npy,0.9714385126423494,0.0,0.9630899863369871,0.9799330425786728,0.7744844120985687,3.5418989283170808,0.6323126316608093,0.9991337693365503,0.798898913799817,3.7416573867739413,0.6664965546767913,0.9969465636171163,0.0924574201747168,10.04987562112089,0.05632411011537441,0.2579185403656769,0.9529039845152147,0.0,0.9601452425813081,0.9457711335556624
relu,3,BraTS20_Training_341.npy,0.9081210618421703,1.0,0.9420208492846666,0.876576374243283,0.9545576401108863,0.0,0.9340241330875865,0.9760142530482261,0.9527835487907261,0.0,0.9209141261483185,0.9869378046802171,0.7393561709308809,1.7320508075688772,0.8811880970002947,0.6368515091797584,0.7827595646217154,2.0,0.8844407740725532,0.7020475008975471
relu,3,BraTS20_Training_349.npy,0.9539737798741393,0.0,0.9890085167289727,0.92133627136673,0.9544648643504795,0.0,0.9350762480520695,0.9746745431599743,0.8936597586481863,1.0,0.8489822716577105,0.9433007316090324,0.9706670066561804,0.0,0.9811150497408712,0.960439144223518,0.8591466375594877,1.4142135623730951,0.9681394498676253,0.7722113450137301
relu,3,BraTS20_Training_351.npy,0.9603680252789688,0.0,0.9806147908457552,0.9409404169026006,0.9762869614953888,0.0,0.9617286489328687,0.9912928054200728,0.9619465902728348,0.0,0.9304763080312104,0.9956201466616098,0.9030612232099473,1.0,0.9683890548073281,0.8459904385395899,0.9493444612656049,1.0,0.9776951204491517,0.9225916614188455
relu,3,BraTS20_Training_353.npy,0.95560663533252,0.0,0.9238306870167249,0.9896463702097551,0.9146448963571174,1.0,0.8612675033482984,0.9750755896256635,0.8691351417797519,1.4142135623730951,0.7831847738097028,0.976276274810396,0.9012489883176844,1.0,0.9032780963557672,0.8992289745396648,0.9564029741894328,0.0,0.9387581389374141,0.9747238175100646
relu,3,BraTS20_Training_356.npy,0.8927411393642456,1.4142135623730951,0.8483339583069016,0.9420542338501536,0.9445640740786808,1.0,0.9549412712864818,0.934409986656886,0.9134683787346133,1.0,0.9334251599836049,0.8943470922396458,0.9331116310686179,1.0,0.9235487718079761,0.9428745976128385,0.618356875518872,3.3166247903554,0.5100846478105501,0.7849790916935042
relu,3,BraTS20_Training_361.npy,0.9441377262482179,1.0,0.974543926437455,0.9155714918638137,0.07963060683914759,21.447610589527216,0.4708268316042844,0.04349329873368113,0.017738358808462112,36.00692703954505,0.014705881812283758,0.022346367466683382,0.07642393653330558,21.470910553583888,0.48789635019469363,0.041459033479702444,0.5696181965169508,8.94427190999916,0.4226995343567044,0.8730748598294863
relu,3,BraTS20_Training_363.npy,0.9622606043749187,0.0,0.9569085833119905,0.9676728301422569,0.9734017074065678,0.0,0.9810586697079203,0.9658633413993145,0.9485586426098062,1.0,0.9382050233260555,0.9591433276311601,0.9446069980871764,1.0,0.9866035914988891,0.9060397520641115,0.903028499204336,1.0,0.8809066152328795,0.9262900812838094
relu,3,BraTS20_Training_003.npy,0.7575817459286469,3.1622776601683795,0.8359781256631066,0.6926284187534387,0.9096910471221402,1.0,0.9233449452603995,0.8964350744303016,0.8592804825544723,1.0,0.9002668415601506,0.8218635784961522,0.6888544838323957,2.23606797749979,0.6070941254148141,0.7960643864746979,0.7240461095837334,4.123105625617661,0.8081377508789164,0.6558055579448525
relu,3,BraTS20_Training_005.npy,0.7579267019685233,4.242640687119285,0.6553570505816007,0.8985599315977976,0.8470679407357841,7.280109889280518,0.7449450959901969,0.9816385580464639,0.7677566705098565,9.082909358640858,0.698459354653903,0.8523191084077686,0.6654028423404685,7.092175996868701,0.525606467428552,0.9065082597804326,0.48499469218856056,62.16670342529069,0.4041492434799787,0.6062726161489201
relu,3,BraTS20_Training_008.npy,0.8146071978749143,1.7320508075688772,0.8994707409922941,0.7443765309583091,0.8145997477619255,8.746381137236735,0.7178362520626005,0.9415148519509602,0.8219696930777949,9.321864356363704,0.7167629998615772,0.9633740181645504,0.4347825941544283,4.47213595499958,0.4140127124832667,0.4577464466375742,0.8032137507099066,1.7320508075688772,0.8945284486688921,0.7288152812617315
relu,3,BraTS20_Training_012.npy,0.8677469433877115,2.0,0.8463139961369314,0.8902936781515535,0.9175003081897615,1.0,0.8972222211386205,0.9387161979546169,0.8458600929996007,1.0,0.8158379360190224,0.878176246390023,0.7778253408008876,3.0,0.7876029441369616,0.7682875231784883,0.8024626438800967,4.242640687119285,0.781905127542844,0.8241303267971152
relu,3,BraTS20_Training_019.npy,0.897145119120582,1.0,0.8796721234605858,0.9153263165723489,0.913530594418132,1.0,0.8512191556669007,0.985685301518437,0.815832061397405,1.0,0.8990115144206547,0.746741153930302,0.6597455588935757,3.7416573867739413,0.512111048526075,0.9269814486897446,0.7627371471389505,2.23606797749979,0.7807311824599006,0.745553866699982
relu,3,BraTS20_Training_021.npy,0.7883172423380473,3.7416573867739413,0.8351782514419723,0.746435499334036,0.8599017723633549,1.4142135623730951,0.9110954296858433,0.8141551059045474,0.6617663940946751,1.7320508075688772,0.9593739561792408,0.5050841505871596,0.12704174190247505,17.029386365926403,0.07876969212764556,0.32812499487304697,0.7512748731555913,4.242640687119285,0.7959216387842118,0.7113709305618492
relu,3,BraTS20_Training_033.npy,0.9515136860437811,0.0,0.9467297340607789,0.9563462313957551,0.947070672235231,1.0,0.907329090163281,0.9904531392629407,0.9134121430607749,1.0,0.9218564551678078,0.9051211279330751,0.7405239682688657,5.0,0.636712196696966,0.8847818833087215,0.9285956795126915,1.0,0.9324276190981095,0.9247951066933672
relu,3,BraTS20_Training_036.npy,0.868583350965425,1.4142135623730951,0.954803021482189,0.796645465865568,0.8704105538838551,1.0,0.8723034083641208,0.8685258949098807,0.8323993878426904,1.0,0.7912066612604945,0.8781169370633772,0.6096131265556088,5.0990195135927845,0.8888888736942073,0.4638715391269265,0.7709539626146398,3.1622776601683795,0.8948876147037378,0.6771719187283876
relu,3,BraTS20_Training_043.npy,0.7997420563958638,3.605551275463989,0.7289534850706795,0.8857578804383476,0.6827042073927102,3.605551275463989,0.5726706455065266,0.845078512361014,0.49788609674736106,4.47213595499958,0.3814786570827795,0.7165354279417651,0.6684630058735118,4.123105625617661,0.585792993731222,0.7783006515599983,0.7402719512620657,5.0990195135927845,0.6886922582886343,0.8002032755559974
relu,3,BraTS20_Training_044.npy,0.802466914865099,3.1622776601683795,0.815352479991983,0.7899822915304922,0.7493163149519406,3.0,0.6797133369365307,0.834800265167229,0.7675981578790302,2.449489742783178,0.7684135922916885,0.7667844468778484,0.15086206571417962,7.864444144296035,0.0870646744511275,0.5645160379812841,0.7706602288427294,3.4641016151377544,0.7918204886987653,0.7506014869036519
relu,3,BraTS20_Training_063.npy,0.8337452625362514,2.8284271247461903,0.9674952191453191,0.7324840760089844,0.7644932763271747,2.449489742783178,0.875206882240295,0.6786447621184682,0.7520679616542187,2.0,0.7462289230424626,0.7579990952771559,0.4353518803790839,3.7416573867739413,0.693611464229316,0.3172331525507862,0.7469694379601463,4.0,0.8703003770933954,0.654254523213508
swish,3,BraTS20_Training_078.npy,0.8522716735219898,1.4142135623730951,0.9467246881896372,0.7749557371269379,0.923087748277329,1.0,0.9142737651041626,0.9320733253771873,0.8151801884284476,1.0,0.9370516062553771,0.721361124672437,0.5920037395557547,4.123105625617661,0.44374342641520004,0.8890449375769316,0.8195756842998271,1.4142135623730951,0.9327585114860848,0.7308882122575573
swish,3,BraTS20_Training_082.npy,0.8032988419202445,2.449489742783178,0.7762597754912783,0.8322895649800557,0.8268681462942338,1.4142135623730951,0.7127879257938238,0.9844229903808184,0.7494479792837409,1.7320508075688772,0.6385568821634421,0.9069474979347768,0.7387444491479249,2.23606797749979,0.655599321015198,0.8460421144078278,0.5813819349620696,8.12403840463596,0.6621124522803141,0.5181986417474838
swish,3,BraTS20_Training_086.npy,0.5948939286636695,8.306623862918075,0.4301106921631473,0.9643564343704866,0.22719999636480007,5.0990195135927845,0.12839059442331657,0.9861109741512536,0.7191010831965683,2.268081242292299,0.6037735279458936,0.8888887654321159,0.0,373.0,0.0,0.0,0.5678114813370889,8.366600265340756,0.4135475622825467,0.905637743695005
swish,3,BraTS20_Training_088.npy,0.7818608286196519,4.123105625617661,0.6524434003221624,0.9753242948525679,0.8230874312924047,2.0,0.7071003431074689,0.9845920380709793,0.7622276632371271,2.0,0.6310427272782589,0.9622701316387602,0.7502735811987884,3.605551275463989,0.7419913387792582,0.7587428031928162,0.6345551785042541,5.916079783099616,0.5195727634074377,0.8148923688626415
swish,3,BraTS20_Training_101.npy,0.9326305480477095,1.0,0.902565817772217,0.9647672251821575,0.8723783891911022,2.23606797749979,0.7880357233060108,0.9769392027142694,0.8638650255924987,2.23606797749979,0.8014647800664431,0.9368023491927803,0.7803475125460185,8.820401570540662,0.651721375797195,0.9722305136690638,0.8873138533286865,1.4142135623730951,0.879192852108883,0.8955862785338526
swish,3,BraTS20_Training_102.npy,0.9033624567924557,1.0,0.9186099486730688,0.8886128692649199,0.8726488283417293,1.4142135623730951,0.7792497460092939,0.991486067258784,0.7824287754397352,2.0,0.6613749486595252,0.9577245257009068,0.8986072014876184,1.0,0.8456941037140803,0.9585835243131894,0.7444219063654547,2.8284271247461903,0.9029738971940802,0.633233307852038
swish,3,BraTS20_Training_106.npy,0.9452591387520206,1.0,0.9323167045485781,0.9585659654915328,0.9477693338446339,1.0,0.9233502890176032,0.9735150422485553,0.9163384074669828,1.0,0.8659637828747865,0.9729357795539838,0.8962958491504898,1.0,0.9423442845729137,0.8545381336394006,0.8860262225548605,1.4142135623730951,0.8861410819716118,0.8859113927331994
swish,3,BraTS20_Training_109.npy,0.9380598743997914,1.0,0.9342847392731695,0.9418656413454203,0.9690909727100496,0.0,0.982115555206359,0.95640732628496,0.9460882028028561,1.0,0.9664576941534537,0.9265596205463896,0.925317581579968,1.0,0.91167091691379,0.9393790028924281,0.9194775084876957,1.0,0.909462085810442,0.9297159763676273
swish,3,BraTS20_Training_114.npy,0.9522539796196969,0.0,0.9230329899207163,0.9833855863017835,0.9718331776210091,0.0,0.9615828776346171,0.98230436473018,0.9284689739261055,1.0,0.9249502978276383,0.9320145232118799,0.9588199811813309,0.0,0.9430821224855882,0.9750920104929209,0.8976521773901354,1.4142135623730951,0.851815065659458,0.9487029322946592
swish,3,BraTS20_Training_115.npy,0.9688747094750886,0.0,0.9686448065857334,0.9691047214158932,0.9763715230986548,0.0,0.9695925395451082,0.9832459651643304,0.9591611867925498,0.0,0.952760908803304,0.9656480348059486,0.9709633641149134,0.0,0.9635547559002609,0.9784867803491581,0.9570717207966509,0.0,0.9586313931628033,0.9555171151582824
swish,3,BraTS20_Training_118.npy,0.9529281202721459,0.0,0.92472933803661,0.9829007879043535,0.9610931672243015,0.0,0.9425007300043848,0.9804339000603874,0.9466116523214481,1.0,0.9371209296483217,0.9562965757783295,0.9246790968159867,1.0,0.8748854222049247,0.9804827890062517,0.9385297068546928,1.0,0.9084188325691493,0.9707051523051765
swish,3,BraTS20_Training_121.npy,0.972282343050608,0.0,0.99555339493319,0.9500743630728982,0.9864821779974363,0.0,0.9934183064200667,0.9796422349280854,0.9558347844750452,0.0,0.9819785269798195,0.9310470183403738,0.979594505892873,0.0,0.9663849274363605,0.9931702135182214,0.9624991060143344,0.0,0.9901963488306252,0.936309166563503
swish,3,BraTS20_Training_125.npy,0.9750701267834023,0.0,0.9725576656945654,0.9775956025827977,0.943237976766649,1.0,0.9294579249417135,0.957432780783858,0.9430209199381018,1.0,0.9061293660653017,0.9830439220350549,0.6753571793978964,3.0,0.7949914048735787,0.5870195783411538,0.9507831061986933,0.0,0.9519622900489061,0.9496068399315287
swish,3,BraTS20_Training_135.npy,0.9376312846369538,1.0,0.944002339962857,0.9313456490542692,0.8657309509546036,2.8284271247461903,0.861634509368284,0.8698665296914341,0.8513746906535762,1.4142135623730951,0.8439878760685805,0.8588919495988104,0.721990182683597,4.123105625617661,0.7205284551701396,0.7234578529163346,0.764621737570528,2.8284271247461903,0.7783893686264491,0.7513326673015733
swish,3,BraTS20_Training_136.npy,0.8839721984096393,1.0,0.8973725135634979,0.8709662041611506,0.8783960135883268,1.4142135623730951,0.8480775835790625,0.9109625555054905,0.835856037471564,1.4142135623730951,0.8024634401427949,0.8721484076850597,0.658176942964503,3.7416573867739413,0.6526362413543726,0.6638125266700935,0.8163598735409596,1.7320508075688772,0.8591734966300298,0.7776106238580663
swish,3,BraTS20_Training_138.npy,0.9320432175467835,1.0,0.9139838235066624,0.9508306678404221,0.7900321592749365,6.6332495807108,0.6687884685321704,0.964970207414898,0.881343118098812,1.0,0.8007532151872964,0.9799698530407647,0.42505334786222704,12.041594578792296,0.32690658534852096,0.6074175820838364,0.8913503395430492,1.4142135623730951,0.9430336046387222,0.8450377682470859
swish,3,BraTS20_Training_139.npy,0.8820884768916046,1.0,0.9178599116475266,0.8490006690021036,0.8771105883069321,1.0,0.8036885229432613,0.9652965765067768,0.8519284574133977,1.0,0.7837474797767015,0.9331023429288317,0.5110497166982083,5.0990195135927845,0.44794187777380445,0.5948552863390584,0.8297994632680421,1.4142135623730951,0.8982371234716646,0.7710521626188047
swish,3,BraTS20_Training_144.npy,0.939869123421058,1.0,0.9753027922924214,0.9069198704488699,0.938959827817301,1.0,0.9434836499611197,0.9344791802320224,0.9502389848830939,0.0,0.962196409545548,0.9385751071350085,0.5795728961695285,5.0990195135927845,0.559006210669523,0.6017107456477133,0.8856428694987604,1.0,0.9354693628611134,0.8408558358968344
swish,3,BraTS20_Training_159.npy,0.864245528778245,2.23606797749979,0.7733076856948073,0.9794215213666694,0.7496790752034809,2.449489742783178,0.6033750423563597,0.9896441329511503,0.6569251637021969,2.449489742783178,0.7214580451135763,0.6029890772121306,0.039630713713959216,10.295630140987,0.020234536628570853,0.9565216351606918,0.6875168325183421,4.242640687119285,0.6494307697962025,0.7303483293538743
swish,3,BraTS20_Training_163.npy,0.9716244889018514,0.0,0.952843865628133,0.9911603325148174,0.9414834248255894,1.0,0.9212396282644862,0.9626369064718276,0.8671465895482094,1.0,0.8718272703172557,0.8625158996310109,0.8718610503983877,1.7320508075688772,0.8114515236624984,0.9419885709979481,0.9052070395962072,1.0,0.8893610941407615,0.9216278896496968
swish,3,BraTS20_Training_169.npy,0.9358510573812033,1.0,0.9809071349980446,0.8947523342390553,0.961788286321268,0.0,0.9790571568142927,0.9451180426917214,0.9319273792532683,1.0,0.9682938908699006,0.8981936438551403,0.9512067151357783,0.0,0.9151943453657806,0.9901693053083896,0.8071341222382653,3.3166247903554,0.8908526021743646,0.737798962020585
swish,3,BraTS20_Training_172.npy,0.9541448323327406,0.0,0.945833773674042,0.9626032443803698,0.9572106453652938,0.0,0.9536298602699746,0.9608184220006475,0.9496402872482617,1.0,0.9613075372900739,0.9382528475982064,0.9090607352986049,1.0,0.8643105053193104,0.9586979315411343,0.9252590518645326,1.0,0.9150204555172334,0.9357293696713833
swish,3,BraTS20_Training_174.npy,0.9753209117884587,0.0,0.9773249047627842,0.9733251202224481,0.9394796794040788,1.0,0.896678707643293,0.9865714833160056,0.9161745370680547,1.0,0.8698684415636914,0.967687899066481,0.8504687246803924,1.4142135623730951,0.8443698478963385,0.8566563440970392,0.9491027159149736,1.0,0.9703190883444004,0.9287942976858083
swish,3,BraTS20_Training_197.npy,0.9494943389024871,1.0,0.9876530595429311,0.9141745170833177,0.9341735685319286,1.0,0.903247820269178,0.9672920891052242,0.8605938600021985,1.0,0.7767827343091959,0.964677979929384,0.7830404703200905,2.23606797749979,0.9090552938722547,0.6877090475093319,0.8374850022774598,1.7320508075688772,0.9506457895680341,0.748398824041297
swish,3,BraTS20_Training_202.npy,0.9506676642970687,0.0,0.9439031861299167,0.9575297973679461,0.9438249304671963,1.0,0.8959941682197429,0.9970503646497123,0.898361455802532,1.0,0.8173792333051754,0.9971550491111867,0.8414186706720674,4.067708094089624,0.8479171794857308,0.835019013807736,0.877143015031918,1.0,0.903757941564216,0.852050820367979
swish,3,BraTS20_Training_205.npy,0.930473418922608,1.0,0.9585159873135263,0.9040250498862937,0.8944885503457732,1.0,0.8128398142767884,0.9943719595948529,0.8749685523585301,1.0,0.7835097977393337,0.9906009655636543,0.4480431788388235,6.4031242374328485,0.48396500046749275,0.41708541665614535,0.9104966771849825,1.0,0.9580824628617931,0.8674141794488824
swish,3,BraTS20_Training_207.npy,0.8838674309528401,1.4142135623730951,0.8043562814664643,0.980822369575448,0.8687947786139691,1.4142135623730951,0.8666933398076989,0.8709064324302243,0.8606746030038344,1.4142135623730951,0.8517849425237463,0.869751774122889,0.35077475780198797,6.0,0.38472906214419184,0.3223276916123496,0.741236214662289,4.123105625617661,0.6181731982875559,0.925475536611396
swish,3,BraTS20_Training_209.npy,0.9432846877961918,1.0,0.9538629622360132,0.9329384644491522,0.9597670081790056,0.0,0.9843633316774086,0.936369898196924,0.8911426967132792,1.0,0.9392537768839275,0.8477202092640103,0.9568809186063104,0.0,0.9600533696033423,0.953729364600663,0.7660929872165185,1.7320508075688772,0.7501383365611256,0.7827410630503695
swish,3,BraTS20_Training_212.npy,0.9344690794224957,1.0,0.9344487675012798,0.9344893921759799,0.8612052105893815,2.23606797749979,0.8957727330898558,0.8292064548792281,0.7197082420540177,2.0,0.8857132595290247,0.6061082580392372,0.766392238575669,3.0,0.7408228285440057,0.7937897969819082,0.8047171521503739,3.1622776601683795,0.7662026837852657,0.8473085430254781
swish,3,BraTS20_Training_216.npy,0.9341819542076398,1.0,0.8858069247424308,0.988145840222788,0.9092293190550951,1.0,0.9043120850503634,0.9142003204132525,0.8223597180190486,1.0,0.8376216960729992,0.8076439520512582,0.8820619463458859,1.4142135623730951,0.8623090186900512,0.9027410506915569,0.6401153936052106,4.123105625617661,0.5502514289796436,0.7650608171965705
swish,3,BraTS20_Training_224.npy,0.9600722709446825,0.0,0.9803676420233584,0.9406001581483927,0.9470335199552508,1.0,0.9335516629756617,0.9609104783019214,0.8942219418861245,1.0,0.8253903038849989,0.9755781719087108,0.8672313447220911,2.0,0.9448564793792513,0.8013925568303979,0.8630187167545839,1.0,0.9340377662952648,0.8020363243548151
swish,3,BraTS20_Training_230.npy,0.9642837914438155,0.0,0.9869296891131882,0.9426538387673256,0.9668618531954393,0.0,0.9434371801944349,0.9914793686739488,0.978033752686166,0.0,0.9677932399153126,0.9884932983697757,0.12198581387254165,13.733140534129483,0.07491289068096009,0.32824424975234734,0.9526528454723018,0.0,0.9845090307176049,0.9227936126293377
swish,3,BraTS20_Training_233.npy,0.94154509587226,1.0,0.9137457488139251,0.971089025664682,0.8919677290565281,1.0,0.9411546967388796,0.8476666638411111,0.8888888873111663,1.0,0.9477668397132216,0.8368983929248048,0.11764704152249389,13.998120647966271,0.0666666555555574,0.4999993750007813,0.9086283827896792,1.0,0.8652899119417872,0.9565370085551523
swish,3,BraTS20_Training_236.npy,0.9154302924789997,1.0,0.8884605139906473,0.9440886995107876,0.7433577480149628,4.123105625617661,0.6265877005574947,0.913618465468128,0.7199957250293904,3.7416573867739413,0.6181868231285128,0.8619498461930816,0.3506352548358327,8.246211251235321,0.27182736064954727,0.49379607895379235,0.8733581435642535,1.4142135623730951,0.9096552866830778,0.839846515909149
swish,3,BraTS20_Training_244.npy,0.9629444129012166,0.0,0.9560785116015271,0.9699096398229959,0.9427336303521161,1.0,0.9491177951690274,0.9364347766867108,0.7898545174598287,1.4142135623730951,0.8415663875824735,0.74412984644035,0.874796555370225,1.0,0.8447492496514504,0.9070602310738977,0.9343361104636195,1.0,0.917665794738371,0.9516232980273874
swish,3,BraTS20_Training_245.npy,0.8946956829986014,1.4142135623730951,0.8283448794460173,0.9726015084170891,0.8521468748412031,2.8284271247461903,0.9472233008482558,0.7744157987496385,0.836391995894245,2.23606797749979,0.8609511961030822,0.8131950705231036,0.237062223652818,6.782329983125268,0.42952193145697154,0.16370808670812995,0.6131859787730893,7.681145747868608,0.4570630847599025,0.9312969272143871
swish,3,BraTS20_Training_252.npy,0.9688849157603886,0.0,0.9677672427976812,0.9700051732555611,0.9414830705956568,1.0,0.9323790584914498,0.9507666239443966,0.8735137776167271,1.0,0.8032271111503377,0.9572809810758012,0.8705989651580206,1.7320508075688772,0.9569937077518518,0.7985115525431933,0.9233959249511258,1.0,0.9271294764153878,0.9196923228367223
swish,3,BraTS20_Training_258.npy,0.9427180700219752,1.0,0.9162424292985267,0.9707693135257423,0.933788812425614,1.0,0.8819432211612023,0.9921106666320633,0.884442257415406,1.0,0.9424421310616583,0.8331673816881828,0.8331484356345449,3.3166247903554,0.7161149705173369,0.9959080055333202,0.8453563869098758,1.4142135623730951,0.8476673499428676,0.8430579900470329
swish,3,BraTS20_Training_260.npy,0.679707741676192,26.645825188948457,0.7882180913411949,0.5974583990347597,0.650083141466637,6.557438524302,0.49446815021732166,0.9486274505153787,0.7527206967770111,2.8284271247461903,0.6410012315819233,0.9116030891840383,0.3373394683272648,8.774964387392123,0.23083791520708777,0.6262909592932667,0.2472489377527068,36.22154055254967,0.6446648737882035,0.152956185079853
swish,3,BraTS20_Training_274.npy,0.8556184538695729,3.0,0.7537969455694605,0.9892436742042016,0.6880029864857529,7.0,0.5245286116677416,0.9995098089298703,0.7881833993037423,4.123105625617661,0.665672475350126,0.965959378034728,0.4744102060471513,10.770329614269007,0.32423673334504083,0.8837086864920418,0.18074042519775307,16.09347693943108,0.6897859649284938,0.10399477164774226
swish,3,BraTS20_Training_278.npy,0.8589133561590777,2.23606797749979,0.9017859970953215,0.8199322020089758,0.4363911788917774,13.416407864998739,0.28949097509189287,0.8859711373988816,0.0,373.0,0.0,0.0,0.3412530434377929,14.52583904633395,0.20720442155776206,0.9665554845699491,0.6079748001991414,10.392304845413264,0.921555840008954,0.4536199483572806
swish,3,BraTS20_Training_280.npy,0.9574973403728881,0.0,0.9863903965679357,0.9302487679533111,0.08038621304570213,19.87460691435179,0.8668280766727836,0.042147398138599364,0.4959422881156795,20.97975041889258,0.7959478900731131,0.36018336371851106,0.014106181063025018,20.322401432901575,0.8148147544581663,0.0071146756308682006,0.6940407436862917,5.916079783099616,0.5694202180184269,0.8884916923717384
swish,3,BraTS20_Training_287.npy,0.9677903088748174,0.0,0.9481126298820418,0.9883021032842796,0.932884399389988,1.0,0.915387482323409,0.9510632301960769,0.9393751057612717,1.0,0.9147227109321,0.96539310147277,0.5408883342862426,5.928667815634643,0.5798842875839595,0.5068066880326461,0.8484991601468043,1.0,0.8292220109599354,0.8686939231350702
swish,3,BraTS20_Training_289.npy,0.9647725954412183,0.0,0.9770395777027551,0.9528098238983795,0.7108320691057749,5.385164807134504,0.95901949627129,0.5646934253918813,0.0,373.0,0.0,0.0,0.7223900816668547,5.0,0.9588538706798092,0.5794832195702339,0.8397730757129797,3.0,0.7704628121909084,0.9227862420132391
swish,3,BraTS20_Training_290.npy,0.8894308904072227,2.0,0.8461734067964976,0.9373494096640687,0.6518065069852907,12.041594578792296,0.7748773915917143,0.5624712901211859,0.8729108234740204,1.0,0.9525091775948368,0.805590060443913,0.0006542361781906507,35.832945734337834,0.0008944543788262326,0.000515729756277128,0.8727159314031219,2.23606797749979,0.8241476196546932,0.9273671307766532
swish,3,BraTS20_Training_295.npy,0.8868329693126886,1.0,0.9796781714388653,0.8100624404818522,0.7231066801948586,3.0,0.6770059429076839,0.7759446505844123,0.02531645523840045,15.709838584024322,0.01351351325263488,0.19999994285715916,0.7271800098280571,3.1622776601683795,0.6956097554189173,0.761752135938299,0.7000755898261217,2.449489742783178,0.8607917377894722,0.5899311123006836
swish,3,BraTS20_Training_300.npy,0.9095880216863831,1.0,0.8632404553091036,0.9611947766094939,0.5755415673044488,11.180339887498949,0.4115138917976107,0.9569961257571894,0.8744975396404754,25.16346275940725,0.9132462601376282,0.8389031633341631,0.5649936494804676,11.224972160321824,0.4008731859791689,0.9566555428414328,0.5175083812928751,9.9498743710662,0.7739633142623784,0.3887086655813767
swish,3,BraTS20_Training_302.npy,0.8436671087096078,2.8284271247461903,0.729939309117075,0.9993740409942468,0.6927109285780823,6.4031242374328485,0.5300128102919932,0.9995398329978832,0.7930147044246053,1.4142135623730951,0.9976873219348411,0.6580231828614301,0.6735643434220314,6.708203932499369,0.5079005363520416,0.9996112688995619,0.14523299848386698,14.491376746189438,0.2340231974573397,0.10528649382493639
swish,3,BraTS20_Training_304.npy,0.891765711690164,1.0,0.8364773818298116,0.9548800582476177,0.5518650995013119,12.767145334803704,0.3877917413329294,0.956598759117273,0.0,373.0,0.0,0.0,0.5519356073714231,12.767145334803704,0.3877917413329294,0.9570225955188103,0.15153866038192984,12.24744871391589,0.4412650589118522,0.0914767404986096
swish,3,BraTS20_Training_310.npy,0.9435991879675198,1.0,0.9105691056385161,0.9791157382096918,0.8195347492681396,3.3166247903554,0.7845089902346516,0.8578342406745504,0.0,373.0,0.0,0.0,0.820909658108208,3.3166247903554,0.7838599850214001,0.8616354406870119,0.6934869123050774,3.0,0.6755676588025811,0.7123826742651516
swish,3,BraTS20_Training_314.npy,0.05067973730631672,30.371037765597414,0.02599867157605212,0.9999999635036511,0.0,373.0,0.0,0.0,0.0,373.0,0.0,0.0,0.0,373.0,0.0,0.0,0.0517176292452646,30.430248109405877,0.026545243144211157,0.9999999635036511
swish,3,BraTS20_Training_321.npy,0.9595525954749377,0.0,0.9545391586582528,0.9646189734114122,0.7588476212484951,3.605551275463989,0.7578395382772803,0.7598583894423715,1.0,0.0,1.0,1.0,0.7588476212484951,3.605551275463989,0.7578395382772803,0.7598583894423715,0.758333910768822,3.1622776601683795,0.7520481660658579,0.7647256155084493
swish,3,BraTS20_Training_322.npy,0.9418741422737441,1.0,0.9880494017859575,0.8998220769230953,0.9052860852052202,1.4142135623730951,0.8698003862089825,0.9437903928482462,0.14399999835428573,33.38113168982849,0.5294117202175025,0.08333333223104059,0.9086459343509308,1.0,0.8682924467559728,0.9529330546690032,0.681417856925681,3.7416573867739413,0.8618097371347229,0.5634730691568303
swish,3,BraTS20_Training_328.npy,0.9508005539357299,0.0,0.9522444971544154,0.9493609831284323,0.6490921776873126,8.826081218432291,0.5992922165997541,0.7079187850524761,0.2609621109813493,51.64300533470143,0.591698835987463,0.16739486573622372,0.6402250351419537,9.219544457292887,0.5860601464281072,0.7054215512826427,0.653162853279861,12.083045973594572,0.707092194406958,0.6068768538640098
swish,3,BraTS20_Training_330.npy,0.9514354218790001,0.0,0.9730722608908023,0.9307398685554473,0.7605317083291565,4.47213595499958,0.6407835226009095,0.9353227169207714,0.0,373.0,0.0,0.0,0.7570588555174566,4.47213595499958,0.6354052069932145,0.9363263831511116,0.6794998715433762,3.1622776601683795,0.8866561404302875,0.5508099270171466
swish,3,BraTS20_Training_334.npy,0.9718089633057401,0.0,0.9771468373095529,0.9665290909530431,0.7754456580527862,3.694020247815161,0.6336439810215021,0.9990122224978242,0.8049447761652929,3.7416573867739413,0.6756825715100089,0.9953639882278361,0.04955752168533167,17.045521024744467,0.02766798391632427,0.237288115484058,0.9535493378529836,0.0,0.9754087666713481,0.932648196079566
swish,3,BraTS20_Training_341.npy,0.8699256938326454,2.0,0.8919005606319964,0.8490076329396888,0.9402324287906527,1.0,0.8913955916954412,0.9947306777009212,0.939172392938169,1.0,0.8896121871335012,0.9945803638981413,0.7377891936016814,2.5063303500776213,0.7103960220199005,0.7673796586262124,0.7032571525074166,4.123105625617661,0.8064382979644278,0.6234843640340071
swish,3,BraTS20_Training_349.npy,0.9511289469566159,0.0,0.988706411634986,0.9163032858605391,0.9620344146411542,0.0,0.941184496285599,0.9838290308407116,0.8912523793780985,1.0,0.8261859814457103,0.9674435365287256,0.959740205570617,0.0,0.9905252978858039,0.9308110070600611,0.8589383333557935,1.4142135623730951,0.975918001629363,0.7670007950301757
swish,3,BraTS20_Training_351.npy,0.9648758981393578,0.0,0.97055347337988,0.9592643622117789,0.9704701529396539,0.0,0.9462758828957063,0.9959340773089375,0.9529693359577665,0.0,0.9136070448315511,0.9958761485966224,0.8968893996300557,1.0,0.9465045563936031,0.8522167464361884,0.9559739848499933,0.0,0.9687857348083306,0.9434966711200928
swish,3,BraTS20_Training_353.npy,0.9566435870759639,0.0,0.932183877022788,0.9824214889584318,0.9158951214051603,1.0,0.8497184922407114,0.993250083535901,0.867330462279783,1.0,0.77643941125459,0.9823224611668356,0.9081350295995804,1.0,0.8867074911982935,0.9306238167663067,0.9593509746083015,0.0,0.9612290926666259,0.9574801810346008
swish,3,BraTS20_Training_356.npy,0.871774910870445,2.23606797749979,0.8020531357040848,0.9547724408449627,0.951191537925018,0.0,0.9447144588169732,0.9577580449839562,0.9155569356231095,1.0,0.9022803788626566,0.9292300410361494,0.9249146750816778,1.0,0.9325254324767723,0.9174271402451765,0.54535571071186,4.47213595499958,0.4193750648768157,0.7795260280117987
swish,3,BraTS20_Training_361.npy,0.9363000420618373,1.0,0.9724780277718971,0.902717285168251,0.060321631925344336,23.49468024894146,0.4511700453941652,0.03232151637705719,0.0,36.07353544722123,0.0,0.0,0.057650227222342566,23.53720459187964,0.4670985323317472,0.030720932833115607,0.3701189414951675,13.038404810405298,0.2427058408467891,0.7791473140531456
swish,3,BraTS20_Training_363.npy,0.9604434324064502,0.0,0.9601402318678646,0.9607468244197025,0.9713710339011968,0.0,0.9656954618950282,0.9771137129549438,0.942851471068105,1.0,0.9184804793797983,0.9685510363728217,0.9515570231271031,0.0,0.9830870343772399,0.9219866505999267,0.8985740546630323,1.0,0.9052939290194429,0.8919532065076733
swish,3,BraTS20_Training_003.npy,0.7593551441844805,4.123105625617661,0.7798503704566544,0.7399095999681978,0.9123245784183347,1.0,0.879924950737269,0.9472013821488707,0.8566145556284845,1.0,0.8498999304539695,0.8634361204221073,0.7580128144389999,3.0,0.6452933063397912,0.9184465841078333,0.7235405173946728,4.58257569495584,0.7495398064313776,0.6992844362435476
swish,3,BraTS20_Training_005.npy,0.7623932671655528,8.831760866327848,0.6389847085213486,0.9448800906396041,0.8514724708273699,24.919871588754223,0.7553956828811846,0.9755501212953055,0.768722227826638,24.779023386727733,0.7189337110085813,0.8259198872544017,0.6189710598493348,29.495747810822593,0.4612159315327465,0.94074525998323,0.45946538074116416,13.865156859873244,0.33724670257760264,0.7206185542246785
swish,3,BraTS20_Training_008.npy,0.8269120780914427,1.4142135623730951,0.9511108450345032,0.7314033432060053,0.8143939363091138,1.4142135623730951,0.7858187077060036,0.8451257795194514,0.8604118953756892,1.0,0.7762179952418002,0.9650923925555196,0.2593406536408648,4.358898943540674,0.37579615440788827,0.19798657053736343,0.814461853118174,1.4142135623730951,0.9432268118649332,0.7166307410008691
swish,3,BraTS20_Training_012.npy,0.8661639179802496,2.23606797749979,0.8242642185343477,0.9125515118696125,0.9201553727602471,1.0,0.9012077283801839,0.9399168649201198,0.8371202221318707,1.0,0.8049556323372583,0.8719622762568693,0.756551139567728,3.0,0.775899433134376,0.738144326853013,0.7961737236385498,4.69041575982343,0.7498398869604885,0.8486107751395937
swish,3,BraTS20_Training_019.npy,0.9018715224051741,1.0,0.895632120717028,0.9081984670629996,0.9229975224703246,1.0,0.870394704399477,0.9823674809215229,0.8043052833996152,1.0,0.9214307541817683,0.7135979790753706,0.636833046080137,3.7416573867739413,0.48257872136894103,0.9360318017057612,0.7788788455139566,2.23606797749979,0.8079569888998035,0.7518210194701749
swish,3,BraTS20_Training_021.npy,0.7903532392430496,3.0,0.8122252968657481,0.7696282583244309,0.8493006062731586,1.4142135623730951,0.8514729214121134,0.8471393456526162,0.710021056967644,1.4142135623730951,0.9543789512008692,0.5652859949402643,0.09532483274036177,27.301097481766398,0.058889722209715965,0.24999999601910836,0.7393188276352608,3.7416573867739413,0.7631536757308174,0.7169277106274313
swish,3,BraTS20_Training_033.npy,0.9539372283451851,0.0,0.9514516391329757,0.9564358382898619,0.9444910061795948,1.0,0.9022787924852068,0.9908467846555836,0.9074716412276268,1.0,0.9069898176606972,0.9079539764207392,0.725984034733014,5.0990195135927845,0.6320392995063033,0.8527319740498999,0.9315285659000178,1.0,0.9388185008966754,0.9243509713210674
swish,3,BraTS20_Training_036.npy,0.8783729728690277,1.0,0.962898002588439,0.8074899582465973,0.8658223356072781,1.0,0.8503827403438018,0.8818329408590422,0.8325252516843179,1.4142135623730951,0.7981793515433289,0.8699598883893607,0.7246585138414198,4.182873156368473,0.8615384468113086,0.6253101659390798,0.7830268737468049,3.0,0.9149405014158876,0.6843580017435652
swish,3,BraTS20_Training_043.npy,0.8032806440794392,3.1622776601683795,0.7196024471079637,0.9089804593469744,0.6930860027882918,3.0,0.5333506351760309,0.9894077973293024,0.512572086476189,4.123105625617661,0.42339938863033766,0.6493278746386448,0.6415946835327646,4.242640687119285,0.47500983771151156,0.9881293451161303,0.752898550588243,4.358898943540674,0.6991218919021895,0.8156376336241953
swish,3,BraTS20_Training_044.npy,0.783954154503165,3.3166247903554,0.7143603129428928,0.8685714280199547,0.687189670019233,4.358898943540674,0.5722160938687095,0.8599834228667488,0.7477064191601436,3.7416573867739413,0.6926345560011717,0.8122923520573725,0.0,32.218007387174026,0.0,0.0,0.7509645846008455,3.7416573867739413,0.6904706964175873,0.8230763935755508
swish,3,BraTS20_Training_063.npy,0.8849284609728804,1.0,0.9437093683030904,0.8330407771853627,0.7703412060853984,2.449489742783178,0.7772260815053754,0.7635772332891797,0.7528722668329078,3.0,0.7413487101093668,0.7647597219004131,0.46107422775453094,3.0,0.4980443220593961,0.4292134783234441,0.8292414295676006,1.4142135623730951,0.8986473036615802,0.7697878497317987
prelu,3,BraTS20_Training_078.npy,0.8514193578869131,1.4142135623730951,0.8974147695701372,0.8099089048127186,0.9077975740750643,1.0,0.9339280722972846,0.8830894940251885,0.8077116168212556,1.0,0.9308030526942768,0.7133735354498518,0.6230737179861022,3.0,0.5243603206296519,0.7675731104793581,0.8167255277665928,1.4142135623730951,0.8655170232880055,0.7731414865924272
prelu,3,BraTS20_Training_082.npy,0.7872445341147091,2.8284271247461903,0.7112167105126059,0.8814723915564756,0.8623869472757697,1.4142135623730951,0.7725178700992568,0.9759181196549908,0.7087405742687231,2.0,0.5617529868044423,0.9599092248112359,0.7920310962292734,1.0,0.9172763032229808,0.6968790051437408,0.5518428215232428,7.14142842854285,0.5055176024552874,0.6075149965029523
prelu,3,BraTS20_Training_086.npy,0.20480404540412767,24.020824298928627,0.11446066879742071,0.97199999514,0.14790996546768545,5.375714187913097,0.08318263864045862,0.6666665700483232,0.35658911964425427,3.605551275463989,0.2169811116055555,0.9999995652175804,0.08924949109027402,6.164414002968976,0.04921700113608499,0.4782607655954857,0.16784663970817632,24.124676163629637,0.09378613590543111,0.7980321035834692
prelu,3,BraTS20_Training_088.npy,0.8019599209903037,4.0,0.6834344618374651,0.9702218306996611,0.8792310518399415,1.0,0.8013245026395134,0.9739174722629471,0.7957433865638532,1.4142135623730951,0.680216237987092,0.9585408717278922,0.7624080000709417,2.0,0.8744588706733382,0.6758113058688145,0.6579680684988467,5.916079783099616,0.5359145524507799,0.8520122254610186
prelu,3,BraTS20_Training_101.npy,0.9131319129305077,1.0,0.857186659299914,0.976889721727332,0.8916229312880716,1.4142135623730951,0.8214870787816483,0.9748526270068653,0.8781493354412317,1.7320508075688772,0.8258777907475567,0.9374847168167865,0.8287789682592195,2.449489742783178,0.7193754989604174,0.9774272478177121,0.8715056939662558,2.23606797749979,0.8235405465239001,0.9254036115701181
prelu,3,BraTS20_Training_102.npy,0.9217664469840781,1.0,0.9479766387988333,0.8969666088348618,0.8810661486930469,1.4142135623730951,0.7976343353851745,0.9839906603985736,0.8047346427319089,2.0,0.6997174751786392,0.9468414328293439,0.8961188855171557,1.4142135623730951,0.8436566139042969,0.9555384600684024,0.766647719484654,2.449489742783178,0.9378476669471035,0.6483028908908505
prelu,3,BraTS20_Training_106.npy,0.9479404686363431,1.0,0.943158677675098,0.9527709937109927,0.9502294017279077,0.0,0.9488885790277874,0.9515740189106645,0.9232791111729717,1.0,0.8942312308722246,0.9542775126981706,0.8667255072472122,2.449489742783178,0.9342889756854694,0.8082748020147746,0.89242041476943,1.0,0.8842065373877253,0.9007883292899369
prelu,3,BraTS20_Training_109.npy,0.9407200206712915,1.0,0.9112924267968033,0.9721115963330644,0.970561777763372,0.0,0.9782399996521813,0.9630031498204399,0.9474179875445841,1.0,0.9667322559983836,0.928860358367543,0.9175070251963077,1.0,0.8848852026707825,0.9526261569642531,0.9219757250616424,1.0,0.8789238920985326,0.9694623521747335
prelu,3,BraTS20_Training_114.npy,0.9455396325986152,1.0,0.9114264693611644,0.9823056858651741,0.9723317870085414,0.0,0.9702825465835933,0.9743897015724936,0.9319575784258225,1.0,0.9408548703856632,0.9232269860096619,0.961597262492429,0.0,0.9498417945671502,0.9736473533194577,0.88205654656016,4.358898943540674,0.8199150890356167,0.9543898621824881
prelu,3,BraTS20_Training_115.npy,0.9680339335837091,0.0,0.9583917356320822,0.977872119887179,0.9748809222925843,0.0,0.9854044187181206,0.9645798189480207,0.9576814025840311,0.0,0.9659652584621061,0.9495384181651014,0.9576892492203081,0.0,0.9732495494196597,0.9426186733739895,0.9566582328602802,0.0,0.9416014108018904,0.9722044168503868
prelu,3,BraTS20_Training_118.npy,0.9577869448233159,0.0,0.9404162852736321,0.9758113959423643,0.9656484820114919,0.0,0.9643309609547501,0.9669696071856058,0.9495675472350058,1.0,0.9648471333520893,0.9347643591140852,0.9165848848955228,1.0,0.8560953214661076,0.9862724340745912,0.944008917746785,1.0,0.923038646323001,0.9659541755192534
prelu,3,BraTS20_Training_121.npy,0.9786964760104255,0.0,0.9895411846420883,0.968086891988636,0.9830983224077572,0.0,0.9916203804566667,0.9747214943116352,0.9595342979988879,0.0,0.974373721258708,0.945140093636784,0.9746892506682909,0.0,0.9764500929244144,0.9729347470440792,0.970304049403704,0.0,0.981726215019844,0.9591446155749005
prelu,3,BraTS20_Training_125.npy,0.9760173901524682,0.0,0.9658629423968408,0.9863876208116519,0.9376578346181719,1.0,0.9557268474633439,0.9202593711529006,0.923168849122281,1.0,0.8727991711788597,0.9797083065667201,0.5513530131062785,3.7416573867739413,0.8804321117593122,0.40134303256704756,0.9492980069996985,1.0,0.9304856733461782,0.968886723687554
prelu,3,BraTS20_Training_135.npy,0.9405295720063634,1.0,0.9232022805350815,0.9585197253789616,0.8647831878211035,2.8284271247461903,0.8191568499280434,0.915792022305714,0.8805233160801444,1.0,0.8829272805157383,0.8781324065448299,0.7087066631116316,5.196152422706632,0.6443248220521588,0.7873830867413002,0.7790962082989346,2.449489742783178,0.7907626365051917,0.7677690138659427
prelu,3,BraTS20_Training_136.npy,0.8922602292438131,1.0,0.9185233689255098,0.8674572129578304,0.912570869811814,1.0,0.8911076320525724,0.9350935530529695,0.8298691298871261,1.0,0.745951930273584,0.9350604285346322,0.6369458122849377,4.2484535999402695,0.8593265377507167,0.5060005211244449,0.8216200277659456,1.4142135623730951,0.8784604800600502,0.7716882330266128
prelu,3,BraTS20_Training_138.npy,0.9326339870030794,1.0,0.89447296623277,0.9741962530604378,0.785065494526829,6.4031242374328485,0.6530459255282963,0.9839882684374713,0.8847980223918821,1.0,0.8054430467785966,0.9814985854120248,0.40891324487067066,12.083045973594572,0.3000857555962723,0.6415881642273578,0.8905235542131429,1.4142135623730951,0.9194594716936305,0.863353329187148
prelu,3,BraTS20_Training_139.npy,0.8854174233124034,1.0,0.9448953213001317,0.832983958789198,0.9201766660344968,1.0,0.8752049162393343,0.9700204384055862,0.8952492658120244,1.0,0.8542646052064818,0.9403647093633201,0.5620052696305373,5.0990195135927845,0.5157384863017316,0.6173912864524266,0.8387177401616204,1.4142135623730951,0.9278949181279675,0.7651787236958105
prelu,3,BraTS20_Training_144.npy,0.9414912825117755,1.0,0.964665797057808,0.9194041058585054,0.9442714611494597,1.0,0.9419932710214269,0.9465606973582004,0.9497288149477391,1.0,0.9630587819494792,0.9367628176090451,0.6091919492294022,4.47213595499958,0.5557179388420552,0.6740527357920976,0.8917215307122031,1.0,0.9272739386403196,0.8587946713725754
prelu,3,BraTS20_Training_159.npy,0.8592735364357693,2.449489742783178,0.766309240907625,0.9779077657189598,0.7907327433060987,2.23606797749979,0.6621513021901604,0.9812861500828749,0.6527845981212214,2.8284271247461903,0.7618065090284124,0.5710603186611783,0.014065335721267388,20.894925528296472,0.00712807540324655,0.5254236397587051,0.6888796907116171,5.953843880704545,0.6351205236690705,0.7525812037436271
prelu,3,BraTS20_Training_163.npy,0.971757605340376,0.0,0.9524555362212666,0.9918581922900952,0.9378933351364572,1.0,0.9490674418907783,0.9269792891976201,0.8579060387725442,1.0,0.9077608563526055,0.81324224474456,0.8606458441798526,1.7320508075688772,0.8002677794753612,0.9308781086844954,0.9003046419893935,1.0,0.8584098185947633,0.9464986544665618
prelu,3,BraTS20_Training_169.npy,0.9541467410297929,0.0,0.9604159195122954,0.9479588765508893,0.9581839251539731,0.0,0.9721407621943946,0.9446221670086232,0.9290226955203292,1.0,0.9554513924943976,0.9040167300410987,0.9546721729712586,0.0,0.9334679445396589,0.976862122581234,0.8451781860826799,1.4142135623730951,0.8382907197523222,0.8521797655316455
prelu,3,BraTS20_Training_172.npy,0.9323542682402327,1.0,0.9012371785711014,0.9656969659899449,0.9422855093503498,1.0,0.9738551336234028,0.9126984119951469,0.9231882554930279,1.0,0.9928841438816054,0.8626352387339304,0.8548748906732099,2.23606797749979,0.7816345825760979,0.9432597069944413,0.8887684932509338,1.0,0.8309370735122007,0.9552519592585658
prelu,3,BraTS20_Training_174.npy,0.9736720699051277,0.0,0.9734985479790024,0.9738456535992276,0.9492945086817121,1.0,0.926138953836447,0.9736376369833944,0.9286004880128965,1.0,0.9044618794957752,0.9540628653427258,0.8540540527350516,1.4142135623730951,0.8437595335863304,0.8646028740944249,0.949930798594515,1.0,0.9595681687610921,0.940485088159964
prelu,3,BraTS20_Training_197.npy,0.9569451621798472,0.0,0.982324462740508,0.9328442310871321,0.9395718723498866,1.0,0.9181638393194947,0.9620020427605425,0.8841778077981054,1.0,0.8227834017831454,0.9554732579115767,0.8072283123574039,2.23606797749979,0.9025072750713525,0.7301457933848837,0.8555995797229285,1.4142135623730951,0.9329316687832939,0.7901064819973255
prelu,3,BraTS20_Training_202.npy,0.9550908680134151,0.0,0.9407015929931523,0.9699271869963629,0.952276127581427,0.0,0.917332096048066,0.989987842026036,0.9359098225923261,1.0,0.8874514153873119,0.9899659331124399,0.8627875955056737,4.69041575982343,0.8503820550074915,0.8755604425382282,0.8866365725681179,1.0,0.8897689390325169,0.8835261830187777
prelu,3,BraTS20_Training_205.npy,0.9094731708904181,1.0,0.9620938625057717,0.8623100477083521,0.8620619800870347,79.91245209602819,0.8900041804893263,0.8358208938809488,0.9121128770631198,1.0,0.8592025211552095,0.9719673777472798,0.24619457150102866,85.56284240252891,0.5422740366683955,0.1592465739790533,0.9001147692238514,1.0,0.9563676545399102,0.8501117807566859
prelu,3,BraTS20_Training_207.npy,0.8825556137290693,1.4142135623730951,0.7970507160473761,0.9886103825928452,0.8584219774565864,1.4142135623730951,0.8438875347019651,0.8734658531460485,0.8445312809831869,1.4142135623730951,0.8317951534258354,0.857663494287239,0.3192199119342573,8.06225774829855,0.3064039393773205,0.3331547920023846,0.7442989022909978,4.123105625617661,0.6204804043550947,0.92985364423348
prelu,3,BraTS20_Training_209.npy,0.9420077134939019,1.0,0.9416107381080676,0.94240502359685,0.9498326304232239,1.0,0.9888438820146989,0.9137826475996356,0.8768771611926482,1.0,0.9512796788203928,0.8132688924370524,0.9475037151167803,1.0,0.9537864387847061,0.9413032197672466,0.7374286187455151,2.449489742783178,0.6690980428245394,0.8213028707494271
prelu,3,BraTS20_Training_212.npy,0.9280966366813126,1.0,0.9135112810876022,0.9431552961768876,0.8451308579913315,2.8284271247461903,0.8426345197626338,0.84764203108621,0.7136197350652951,3.1622776601683795,0.7914617066563278,0.6497185130870048,0.7697312526217764,3.1622776601683795,0.7341875605022596,0.8088915341469572,0.8175311629804985,2.449489742783178,0.7922555754388083,0.8444726487061209
prelu,3,BraTS20_Training_216.npy,0.9258468957556284,1.0,0.8677253684075152,0.9923135214376113,0.8941072997547744,1.0,0.916318142155928,0.8729477224452333,0.7795281948701211,1.4142135623730951,0.8387517377966345,0.7281165101659248,0.8701314884806719,1.4142135623730951,0.8602143907958265,0.8802799137055353,0.540736432132461,9.486832980505138,0.41627057903404935,0.7713811580656356
prelu,3,BraTS20_Training_224.npy,0.966614477150231,0.0,0.9679732377530599,0.9652595257662274,0.956909504542108,0.0,0.9511318298146901,0.9627578014293534,0.894661106191773,1.0,0.8354902764935137,0.9628519006169283,0.8653022122716348,1.7320508075688772,0.9460737131444052,0.7972376611251549,0.8857677901816509,1.0,0.8984104151179445,0.8734760468887198
prelu,3,BraTS20_Training_230.npy,0.9667233973057394,0.0,0.9859268237837858,0.9482537494357672,0.9579698648824838,0.0,0.9639938706818221,0.9520206790542711,0.979527978103416,0.0,0.9750165666169539,0.9840813316941467,0.2291105105855087,8.06225774829855,0.29616724222705154,0.18681318476029468,0.9532430319775175,0.0,0.9748787893634612,0.9325467610044662
prelu,3,BraTS20_Training_233.npy,0.948157526171734,1.0,0.9304865282955228,0.9665127014220128,0.7744954653780411,13.421990292309971,0.9800148002220029,0.6402321067692648,0.8107008748268134,1.7320508075688772,0.9806964383773791,0.6909333314908445,0.00896860966438095,28.200125981517253,0.0333333277777787,0.0051813470160272795,0.8708146354544293,1.0,0.801509133596895,0.9532401275710938
prelu,3,BraTS20_Training_236.npy,0.9300516191185176,1.0,0.9081968304096287,0.9529841672871409,0.7659693919190333,3.605551275463989,0.6860543076161109,0.8669569308385603,0.7033659738017906,3.605551275463989,0.5989631123603039,0.8518482265336047,0.37837837820592574,7.483314773547883,0.4109087305376077,0.35062082916579035,0.8629754765742867,1.7320508075688772,0.8815164893475201,0.8451983463664442
prelu,3,BraTS20_Training_244.npy,0.960955892115631,0.0,0.9492482302002833,0.9729559559130397,0.942909271774514,1.0,0.9552680220206237,0.9308662189404181,0.7872754572813385,1.7320508075688772,0.8661635729691358,0.7215576999043232,0.8784909283313338,1.0,0.8364052005039562,0.92503634380727,0.9314595923857131,1.0,0.901960276445353,0.9629537473441494
prelu,3,BraTS20_Training_245.npy,0.8664592612391295,2.449489742783178,0.773720672052301,0.9844567995629676,0.8925322654102551,1.4142135623730951,0.9189385112079044,0.8676012269628088,0.8453626450620697,1.7320508075688772,0.830994879389158,0.8602359845381774,0.2785816091743698,5.0990195135927845,0.39736323263015866,0.2144709714607495,0.6058926680282315,6.708203932499369,0.4606222959477032,0.8850038660146423
prelu,3,BraTS20_Training_252.npy,0.9638844322384192,0.0,0.956613521708382,0.9712667169239055,0.9359338760427567,1.0,0.9260868379649587,0.945992570716622,0.8848891623158157,1.0,0.8562632026481497,0.9154953264337212,0.8977460884503521,1.0,0.9184470715209683,0.8779576996437681,0.9196716652072291,1.0,0.9144053920767928,0.9249989490163522
prelu,3,BraTS20_Training_258.npy,0.9365546366563934,1.0,0.8979119900980126,0.9786729200577333,0.9521280953707878,0.0,0.9302355369749674,0.975075946866438,0.8634708003135785,1.0,0.9713375792405866,0.7771666508880499,0.8317291941608721,2.23606797749979,0.7263043180149014,0.9729562040244686,0.831732704503639,2.0,0.7803496275708878,0.8903595171775507
prelu,3,BraTS20_Training_260.npy,0.8107789573804917,7.0,0.8129957533825423,0.8085742174216438,0.7117100254676352,5.0990195135927845,0.5829777446960733,0.913407261734494,0.769814307605853,2.0,0.6534886321797018,0.9365219477276928,0.39719501719170486,7.0,0.31542835644747014,0.536187889010874,0.33678655732904134,24.413111231467404,0.5620654486306986,0.24042350692345804
prelu,3,BraTS20_Training_274.npy,0.8625193265633386,2.8284271247461903,0.7645025698356804,0.9893657579457691,0.7389748389328933,6.0,0.5877014859698585,0.9951159837080418,0.8124206482871258,3.0,0.7112265414755109,0.9471875509979042,0.5279788449508117,10.723805294763608,0.3792455866953645,0.868646150607451,0.1888574940817338,18.138357147217054,0.5930642094377347,0.11231112590433515
prelu,3,BraTS20_Training_278.npy,0.8925651740204945,1.4142135623730951,0.9034864438584841,0.8819047814509675,0.5002968423559214,12.727922061357855,0.35013334357242426,0.8759851081197191,0.0,373.0,0.0,0.0,0.42381703696362016,13.92838827718412,0.2777219494689982,0.8942194008498418,0.6377358490031249,10.04987562112089,0.8856410851553181,0.49826377507721104
prelu,3,BraTS20_Training_280.npy,0.9630145503092881,0.0,0.9867726887920144,0.9403735455418906,0.07242036479153265,21.047565179849187,0.9661016832191079,0.03762021495492164,0.5547128897361165,22.48883449939857,0.7409551267589707,0.4432900394520343,0.012876386681420174,21.540659228538015,0.9629628916323784,0.0064815276429767525,0.6074487767067346,7.0710678118654755,0.46156049036433294,0.8881819543669245
prelu,3,BraTS20_Training_287.npy,0.9729491926732674,0.0,0.9701897569944521,0.9757243698235811,0.9073950486370809,1.0,0.9675375280513918,0.8542919543864129,0.9338753182725394,1.0,0.9142825700871909,0.9543261864646531,0.3981151828291988,9.0,0.8460169076723768,0.2603039843074025,0.7922316706526569,1.7320508075688772,0.7071131849289127,0.9006466778361443
prelu,3,BraTS20_Training_289.npy,0.9632143537415679,0.0,0.9764496441616706,0.9503330606038112,0.6675668117550779,6.708203932499369,0.9885008515548691,0.5039504951081469,0.0,373.0,0.0,0.0,0.6807078722537595,6.164414002968976,0.9883825475609542,0.5191127127477181,0.8069287556733298,4.0,0.7113268087651423,0.932218417967499
prelu,3,BraTS20_Training_290.npy,0.8964935477084963,1.7320508075688772,0.8589968304320642,0.937413280429266,0.5534578071589351,18.49324200890693,0.8394241404217305,0.41282190896069254,0.8743867645471914,1.0,0.9380660931748688,0.8188034170538389,0.09395715237394836,38.40572873934304,0.21869409562301387,0.059831151278806866,0.8709835967692284,2.23606797749979,0.8201784937508391,0.9284984677751699
prelu,3,BraTS20_Training_295.npy,0.9004289824062068,1.0,0.9833946147220992,0.830373238689199,0.7733123190730617,2.23606797749979,0.8202080230124369,0.7314891496343473,0.0,373.0,0.0,0.0,0.773069342065459,2.23606797749979,0.8418536577152648,0.7146761630655324,0.7222959417613652,3.0,0.8057142851595771,0.6545302009762135
prelu,3,BraTS20_Training_300.npy,0.9022028935560558,1.4142135623730951,0.8490733606350503,0.9624252567087017,0.6111823331736506,11.445523142259598,0.45172234611184975,0.9446468517275018,0.9071669028034299,1.0,0.8796641708986551,0.9364448765000509,0.601574303914462,11.575836902790225,0.44231068014631136,0.9400653829078806,0.537906821012881,9.486832980505138,0.7599743056312989,0.41627084180373525
prelu,3,BraTS20_Training_302.npy,0.8273503015601763,3.0,0.7057795228369793,0.9995175643353793,0.7363260696121554,6.557438524302,0.5833384167446127,0.9980864904501815,0.7647371202606884,2.0,0.9990749259987283,0.6194436460583778,0.7179200372370639,6.708203932499369,0.5604598943240405,0.998425896590969,0.15212346247617675,13.892443989449804,0.19877188977426133,0.12320849578346484
prelu,3,BraTS20_Training_304.npy,0.779693116225468,3.605551275463989,0.64719281339519,0.9804140741735935,0.5517858053876179,9.273618495495704,0.38775583469021335,0.9563407713812073,1.0,0.0,1.0,1.0,0.5517858053876179,9.273618495495704,0.38775583469021335,0.9563407713812073,0.08314820685246889,10.816653826391969,0.15783132482580925,0.0564411890818169
prelu,3,BraTS20_Training_310.npy,0.9200816260821291,1.0,0.8611308255949771,0.9876968079876309,0.7505358480485524,5.656854249492381,0.6873603574117075,0.8264996736696432,0.0,373.0,0.0,0.0,0.7511313795996178,5.477225575051661,0.6869347802226902,0.8285637286550275,0.6004637140079434,5.0990195135927845,0.5762951195107864,0.6267482037203493
prelu,3,BraTS20_Training_314.npy,0.03578417665102584,33.06811066335777,0.01821804723577375,0.9999999479166694,0.0,22.693611435820433,0.0,0.0,0.0,373.0,0.0,0.0,0.0,23.02730291712068,0.0,0.0,0.010600366184253284,33.28963748548785,0.005328424718728517,0.9999998181818511
prelu,3,BraTS20_Training_321.npy,0.9532078273237525,0.0,0.9284384184231154,0.979335086364187,0.584202615567624,6.164414002968976,0.45520013967656,0.815239168034536,1.0,0.0,1.0,1.0,0.584202615567624,6.164414002968976,0.45520013967656,0.815239168034536,0.7140139504519274,3.7416573867739413,0.8048606145035297,0.6415954414548333
prelu,3,BraTS20_Training_322.npy,0.9507024068658037,0.0,0.9885178286713222,0.9156736161587815,0.9270996579306354,1.0,0.9665969090523829,0.8907035733626001,0.057026475416976065,34.06611140332723,0.11764704893722278,0.037634407590472915,0.9287363803313079,1.0,0.9664844113858672,0.8938261659441497,0.7142367196261267,3.4641016151377544,0.7377100796088834,0.6922111014173612
prelu,3,BraTS20_Training_328.npy,0.9424014242631644,1.0,0.9243503825729242,0.961171522182266,0.79403930276465,5.916079783099616,0.8930898287989575,0.714766233909485,0.26188102272555325,52.96413800335563,0.3803088766379452,0.1996958935646432,0.7883823492152823,5.916079783099616,0.8852135232829729,0.7106465916408924,0.670975788318042,8.94427190999916,0.5581089035301803,0.8410651863864581
prelu,3,BraTS20_Training_330.npy,0.9500759247505588,0.0,0.9508997667224429,0.9492535088891519,0.8139280289554105,4.0,0.7043148757168088,0.9639481384508791,0.0,373.0,0.0,0.0,0.8133934091680548,4.0,0.7033675587631807,0.9642243722658353,0.7062651598914856,3.3166247903554,0.8567532649840901,0.600744766304098
prelu,3,BraTS20_Training_334.npy,0.9724542372783397,0.0,0.9696706357776597,0.9752538663098136,0.8009732795021073,3.0,0.6960607716375121,0.9431239378786885,0.8142284565058976,3.0,0.691162710988209,0.9906131890886101,0.21227048718195032,8.12403840463596,0.23418972100603044,0.19410319251348737,0.9548762004297292,0.0,0.9634646604508419,0.94643950498039
prelu,3,BraTS20_Training_341.npy,0.9070291197174803,1.0,0.9204490770485573,0.8939948587164149,0.949938949294574,0.9499999999989086,0.918415528700924,0.9837032860582983,0.9484107046362842,1.0,0.9153739599510057,0.9839213920144092,0.7975155180432855,2.7099552952968833,0.7945544357783556,0.8004987331546451,0.7693763596390875,2.0,0.8388361517976968,0.710540114122461
prelu,3,BraTS20_Training_349.npy,0.968572138693849,0.0,0.9893941828064025,0.9486084405075305,0.9556171982846678,0.0,0.9400615021945549,0.9716963732551127,0.8896315300565283,1.0,0.8466431383686303,0.9372189158821562,0.9642019893805358,0.0,0.9808572347232017,0.948102921739434,0.8916159810328644,1.0,0.9640096857126729,0.8293358064023206
prelu,3,BraTS20_Training_351.npy,0.9634446960256406,0.0,0.9712403906365864,0.9557731496639224,0.9784460369329889,0.0,0.9703821979136797,0.9866450188610847,0.9724643169848225,0.0,0.9549739512807157,0.9906073076488631,0.9187134489492493,1.0,0.9550151946656072,0.885070420042055,0.9542711695459232,0.0,0.9657949960459675,0.9430191039443664
prelu,3,BraTS20_Training_353.npy,0.9572755076935254,0.0,0.9342989475691952,0.9814106527416022,0.9060053222871889,1.0,0.847769596616306,0.9728319382317304,0.8474948518548423,1.4142135623730951,0.743676221701185,0.9850031892389867,0.8926653157588578,1.4142135623730951,0.9130043211221104,0.8732127461271099,0.9573879356014243,0.0,0.9571434647158601,0.9576325309952597
prelu,3,BraTS20_Training_356.npy,0.8996976606906597,1.0,0.8677398448662257,0.9340994195851019,0.9375337090126173,1.0,0.9680538674726338,0.9088791705918438,0.8938806020099389,1.0,0.9607438009177045,0.835718564310911,0.8997558855817341,1.0,0.8547277066805391,0.9497921846221244,0.6374532306186484,3.1622776601683795,0.5252377463421071,0.8106451599828304
prelu,3,BraTS20_Training_361.npy,0.9353640914567556,1.0,0.9746664797481237,0.8991084981913,0.061472309578876394,24.08318915758459,0.481747268387684,0.03283080651665338,0.01715265836787893,34.71022796308253,0.018382352265354698,0.01607716990105563,0.059052184234143885,24.1039415863879,0.4998295243783514,0.031379767962802396,0.32589168914771494,12.36931687685298,0.2079461354018611,0.7529719922405991
prelu,3,BraTS20_Training_363.npy,0.964244988936293,0.0,0.948360083661619,0.9806710993436187,0.977201046532975,0.0,0.9810444708097568,0.973387619259335,0.953339372733457,0.0,0.9383554283452535,0.9688096186679067,0.9485650015166265,1.0,0.9886130527112601,0.9116352683324447,0.9088792885549787,1.0,0.8677518819342159,0.9540991544218697
prelu,3,BraTS20_Training_003.npy,0.7850660064760938,2.8284271247461903,0.8299728248968454,0.7447692444396635,0.9185685335333308,1.0,0.9115518603281911,0.9256940638930482,0.8639378727326681,1.0,0.8905937261821423,0.8388312885993361,0.735294111639754,2.23606797749979,0.6139154077228458,0.9164969263442582,0.7540588646408495,3.4641016151377544,0.8041877585503192,0.7098128149782308
prelu,3,BraTS20_Training_005.npy,0.7423312881088068,28.372521918222215,0.6042835810099966,0.9621280424935421,0.8367116133811607,26.076809620810597,0.7283604689675423,0.9829330598028277,0.7563826161600008,26.19160170741759,0.675653759704385,0.8590206174497157,0.6737509308841333,29.055964175229462,0.5411799923893981,0.8923456746057004,0.4455514359991295,34.249087579087416,0.30926342825785874,0.7966031450016439
prelu,3,BraTS20_Training_008.npy,0.8174494059588856,1.7320508075688772,0.8889453694677674,0.756597867112056,0.7797202763124114,1.4142135623730951,0.6520467788593072,0.9695652068525521,0.7621951180782769,1.4142135623730951,0.6193228685439895,0.9907529591710309,0.3624999886718754,4.123105625617661,0.36942672806199184,0.35582819902894486,0.8044515102196724,1.7320508075688772,0.8834294619225473,0.7384358792019294
prelu,3,BraTS20_Training_012.npy,0.8545658757607695,4.123105625617661,0.7920254879051054,0.9278297177015522,0.9213237962654117,1.0,0.9178743950267217,0.9247992200963748,0.855303286296761,1.0,0.8451364459314642,0.8657177141730104,0.762249678819238,3.3166247903554,0.7754659697639099,0.7494763269816659,0.7784876015572384,7.0710678118654755,0.702403825326671,0.8730563069187198
prelu,3,BraTS20_Training_019.npy,0.8962867809289305,1.4142135623730951,0.8523186517678565,0.945037974444294,0.9173375013892567,1.0,0.8568647486947658,0.9869940570764694,0.8097096958721632,1.0,0.9194945471114904,0.7233445560980082,0.6328736485073465,4.358898943540674,0.47456679665123275,0.9496644277597606,0.7555664408720238,2.449489742783178,0.7297634405463383,0.7832610097021231
prelu,3,BraTS20_Training_021.npy,0.8042300101714474,2.449489742783178,0.7850941448843957,0.8243220143504095,0.8884363370918751,1.0,0.8849885325719025,0.8919111095254914,0.6907266935518391,1.7320508075688772,0.9400599369295373,0.5459292195978936,0.17499999943910255,10.249384734710954,0.10240059976593922,0.6013215726581151,0.7645875913554777,3.0,0.743627560760644,0.7867634584664461
prelu,3,BraTS20_Training_033.npy,0.9540843301436586,0.0,0.941852878735781,0.9666376509954604,0.9538011817759746,0.0,0.924409771741158,0.9851229539751803,0.9114055755083375,1.0,0.9301642820100167,0.8933885283816964,0.7462152485919246,4.47213595499958,0.6496525273788012,0.8764953105779255,0.9338642392292014,1.0,0.9260570904262904,0.9418041438862987
prelu,3,BraTS20_Training_036.npy,0.88379175759532,1.0,0.9396249319079703,0.8342217159763899,0.8753399413322749,1.0,0.8679540694712004,0.8828525908992169,0.8436422623771626,1.0,0.8057330993497326,0.8852947416784535,0.6688353892723787,4.242640687119285,0.8786324636131203,0.5399159607151685,0.7899811148047008,3.0,0.8757161735613529,0.7195364831436389
prelu,3,BraTS20_Training_043.npy,0.7298331696549176,7.280109889280518,0.596088594246149,0.9409556741845744,0.6553486352054148,3.7416573867739413,0.49091616858173354,0.98541286536751,0.36195432101198516,9.486832980505138,0.2385670722615584,0.749700589823945,0.7064061331852509,3.0,0.5619834699685489,0.9507323536926352,0.7128541182149704,9.433981132056603,0.594724623828441,0.8895430752367436
prelu,3,BraTS20_Training_044.npy,0.7660860714771993,5.744562646538029,0.6683550910348015,0.897293886078734,0.7304850602939766,4.123105625617661,0.6267916172723725,0.8752886768645983,0.7756625577616179,3.3166247903554,0.7358356888396906,0.8200473494866034,0.0,31.22018204089472,0.0,0.0,0.727302729042836,6.0,0.6356137513638592,0.849903585923715
prelu,3,BraTS20_Training_063.npy,0.8768264169795345,1.0,0.917934989737717,0.839242010461337,0.7103221946445075,2.449489742783178,0.7881496167224441,0.6464838429365086,0.6824161055505608,3.605551275463989,0.5638864216331569,0.8640380634667705,0.3799932850621239,3.605551275463989,0.7379400164544978,0.2558770332012792,0.7865712070498397,2.0,0.8086333789450633,0.7656809184727059
tanhexp,3,BraTS20_Training_078.npy,0.8383596425086401,1.4142135623730951,0.9011999173701719,0.7837117647938304,0.9204142425021888,1.0,0.9043769153828033,0.9370306167864954,0.8222996507252515,1.0,0.9284887735975729,0.7379069326137448,0.6050691230297947,3.7416573867739413,0.4602173134938054,0.8829858716678826,0.8027552019132579,2.0,0.8797296440907935,0.7381671699957154
tanhexp,3,BraTS20_Training_082.npy,0.7947352244214201,3.3166247903554,0.768141767381307,0.823236073397097,0.889248042795808,1.0,0.8303415395864313,0.9571507032463822,0.7963936879584351,1.4142135623730951,0.7038512600623036,0.9169550146569924,0.7883289103757853,1.4142135623730951,0.8362408506683127,0.7456096299768709,0.543629342929692,7.681145747868608,0.5549132933396917,0.5327951550635843
tanhexp,3,BraTS20_Training_086.npy,0.6061217080267284,9.0,0.4424752705826217,0.9618584398286721,0.22719999636480007,5.458813421468226,0.12839059442331657,0.9861109741512536,0.707865128771622,2.854163056034263,0.594339566571739,0.874999878472239,0.0,373.0,0.0,0.0,0.5762866123712201,9.1104335791443,0.42389385891066045,0.8997545525129124
tanhexp,3,BraTS20_Training_088.npy,0.8092889123455094,2.8284271247461903,0.695765642103554,0.9670808012301257,0.858518345006535,1.4142135623730951,0.7698885063543562,0.9702091686348943,0.8223517630440136,1.4142135623730951,0.7259590386464716,0.9482618129436966,0.7565729810594448,3.0,0.7225108193830699,0.7940057050713334,0.6613866443134204,4.242640687119285,0.5530040050451247,0.8226088331564912
tanhexp,3,BraTS20_Training_101.npy,0.9072600194753766,1.4142135623730951,0.8475840056797,0.9759757348542856,0.9032622508393553,1.4142135623730951,0.8450034345267645,0.9701492531427319,0.8808801210618816,1.4142135623730951,0.8336325117874399,0.9338051950986848,0.8468767265374497,1.7320508075688772,0.7666132890980519,0.945912568669023,0.863042023874086,2.23606797749979,0.8058794577107065,0.9289330131073678
tanhexp,3,BraTS20_Training_102.npy,0.9216212864269674,1.0,0.9239116924475369,0.9193422079217978,0.8788628859590223,1.4142135623730951,0.791956741607329,0.9871935285304629,0.7864162998110936,2.23606797749979,0.6620476245633693,0.9683195573232595,0.8858576571589104,2.0,0.8512632425274882,0.9233829366091308,0.778585226391967,2.23606797749979,0.9054343165324836,0.682911085458358
tanhexp,3,BraTS20_Training_106.npy,0.9507211425670097,0.0,0.9457529405415637,0.9557418177844841,0.9478118008120271,1.0,0.944707685710977,0.9509363819613283,0.8983619343605873,1.0,0.8297948986911486,0.9792812196079356,0.8118468754500301,3.605551275463989,0.9658125073158617,0.7002207299272415,0.8954729036414217,1.0,0.888793601864982,0.9022533555559991
tanhexp,3,BraTS20_Training_109.npy,0.9389996756982106,1.0,0.9300094336795719,0.948165428515341,0.9710180738190097,0.0,0.9780266663189239,0.9641092142006558,0.9458443358219925,1.0,0.9670525781508019,0.925546357935643,0.918964076091091,1.0,0.8769132639079827,0.9652509635569482,0.9206225127259365,1.0,0.9057287077330245,0.9360143345034153
tanhexp,3,BraTS20_Training_114.npy,0.9465976227371669,1.0,0.9166247191864182,0.9785969697837377,0.9702582882642388,0.0,0.9688390174438295,0.9716817232314721,0.9323708361488355,1.0,0.9361746185652027,0.9285978386555204,0.9572139301750856,0.0,0.9512081112644872,0.9632960707266882,0.8832056153424287,2.23606797749979,0.8282503698628475,0.9459717956879816
tanhexp,3,BraTS20_Training_115.npy,0.9675727597398991,0.0,0.967199002177845,0.9679468061711844,0.97217404394536,0.0,0.9800324341272895,0.9644406757945037,0.9572534734797392,0.0,0.9558678146053751,0.9586431549050045,0.9565217382986768,0.0,0.9874326732721137,0.9274873508811343,0.9551998075172644,0.0,0.9525784831107472,0.9578355984226887
tanhexp,3,BraTS20_Training_118.npy,0.9559243084953009,0.0,0.9388151873782373,0.9736686037690925,0.9688165790389228,0.0,0.9749537072654189,0.9627562304275274,0.9497059170869608,1.0,0.9793291236795035,0.921822205613629,0.9017543837048762,1.0,0.8244729568080982,0.9950221183903644,0.9412121652295914,1.0,0.9188209366825056,0.9647219801058037
tanhexp,3,BraTS20_Training_121.npy,0.9707180611444726,0.0,0.9873035843791694,0.9546805656665414,0.984082605085928,0.0,0.9944456926848667,0.9739332764286598,0.9561078791314561,0.0,0.9821063388406784,0.9314503903682342,0.9814628442095047,0.0,0.9752887276757928,0.9877156292552826,0.9605494733178449,0.0,0.9787648870208521,0.942999672073738
tanhexp,3,BraTS20_Training_125.npy,0.9763544512795366,0.0,0.9733283295376468,0.9793994483381728,0.946186267716358,1.0,0.9682769365070466,0.9250810865834314,0.9447210187908578,1.0,0.9171766622988492,0.9739710045079251,0.622838554508784,3.3166247903554,0.8931991139376403,0.4781180175080589,0.9525693287485067,0.0,0.9416256200288098,0.9637704072925589
tanhexp,3,BraTS20_Training_135.npy,0.9339894470994725,1.0,0.9451166288607735,0.9231212247218742,0.8476533797127122,3.605551275463989,0.8092883979011376,0.8898368258831859,0.8590275077882468,1.4142135623730951,0.9205016078016469,0.8052502680176391,0.6853195100736866,5.385164807134504,0.5993553098641775,0.8000720688470924,0.7554167613641353,3.0,0.8064238415922753,0.7104783267670595
tanhexp,3,BraTS20_Training_136.npy,0.8878359597142595,1.0,0.894180240501894,0.8815810709058425,0.9099505088098115,1.0,0.8634645485611605,0.9617265571074946,0.8595269189620454,1.0,0.8197167500947009,0.903401290912908,0.7633971282734484,2.468436611881053,0.7069118282966065,0.8296931855702205,0.826813204681564,1.4142135623730951,0.8688599756780936,0.7886481281927403
tanhexp,3,BraTS20_Training_138.npy,0.9328251266593581,1.0,0.9114336991280773,0.9552448045670348,0.7877094084328933,6.082762530298219,0.6524014939433423,0.9938293863457487,0.9025670944012776,1.0,0.8427722113638948,0.9714948802808204,0.394514499130787,10.816653826391969,0.2747730430627279,0.6992249223423697,0.8899366130510686,1.4142135623730951,0.9459471762675974,0.8401881565878286
tanhexp,3,BraTS20_Training_139.npy,0.8785492375602558,1.0,0.9428792964885607,0.822436648560539,0.9172774859504949,1.0,0.8975409817673341,0.9379014969209819,0.900253396797681,1.0,0.8748600831097827,0.9271648851075567,0.48387096216738523,5.0990195135927845,0.5084745639594537,0.46153845139475935,0.8304506925122914,1.4142135623730951,0.9178015894104379,0.7582819278282603
tanhexp,3,BraTS20_Training_144.npy,0.9402278829485692,1.0,0.9684670055650723,0.9135889271229327,0.9481000036228739,1.0,0.9471136818340347,0.9490883817189749,0.9471673219608858,1.0,0.972896867129022,0.922763616785557,0.6074566099167257,4.69041575982343,0.5179028128261758,0.734455957597855,0.8893774000075777,1.0,0.9316881407104626,0.8507426363134556
tanhexp,3,BraTS20_Training_159.npy,0.8638310144747318,2.8284271247461903,0.7966767615631183,0.9433486789709965,0.804445336543854,2.0,0.6897026739872545,0.9649855429409163,0.6576747714117831,3.0,0.7936726254156978,0.5614661035331396,0.01723746877469388,11.40175425099138,0.008737640816882868,0.6333332277777953,0.708018053661218,6.082762530298219,0.6784328686138569,0.7403012001247129
tanhexp,3,BraTS20_Training_163.npy,0.9731818706090982,0.0,0.9550702875608338,0.9919936540134587,0.9374694916389609,1.0,0.9397631372328539,0.935187014688047,0.8548422746897762,1.0,0.9001795568929574,0.813852813689704,0.8460775004647282,2.449489742783178,0.7721115221028151,0.9357163305642282,0.900907911747211,1.0,0.868218992075495,0.9361546458038231
tanhexp,3,BraTS20_Training_169.npy,0.9612595999784046,0.0,0.9626210109425204,0.9599020342236222,0.9640574529634998,0.0,0.9702318372793027,0.9579611568308445,0.938576694324348,1.0,0.9509165043439973,0.9265530426175957,0.9632844809460837,0.0,0.9522463392708266,0.9745815241014864,0.8734953671756549,1.0,0.8667108073409846,0.8803869828338833
tanhexp,3,BraTS20_Training_172.npy,0.9542437544483323,0.0,0.9653431318162886,0.943396713613879,0.9448018422107848,1.0,0.9780481780991136,0.9137414540949832,0.9253793170082444,1.0,0.9934400700539915,0.8660463304584217,0.8417646042552128,3.3166247903554,0.7797412408338869,0.9145077686361666,0.9247575649560389,1.0,0.9251899470386947,0.9243255864672328
tanhexp,3,BraTS20_Training_174.npy,0.9726827842601145,0.0,0.9772305562393485,0.9681771443590065,0.9492756226499486,1.0,0.9261038821147884,0.9736366649557034,0.9287134334952096,1.0,0.9070375650233644,0.9514506605073362,0.8611987368119894,1.7320508075688772,0.8330790331611869,0.891283052917783,0.948235812926475,1.0,0.9644277638439505,0.9325785834804403
tanhexp,3,BraTS20_Training_197.npy,0.9546374586224484,0.0,0.9822851663039119,0.9285035064090914,0.9405238125127087,1.0,0.9184980918472329,0.9636318471977042,0.8954142490211553,1.0,0.8455334295906972,0.9515492955760981,0.8247094990295686,2.23606797749979,0.8857734492468248,0.771521887115374,0.8500143907857395,1.4142135623730951,0.9323003100995201,0.7810757302088477
tanhexp,3,BraTS20_Training_202.npy,0.9523221629061703,0.0,0.9453124998551911,0.9594365582550356,0.9466013491838354,1.0,0.8995394450483617,0.998859455114474,0.8999969517815242,1.0,0.8197667957691467,0.9976349746620481,0.8383023782835197,2.8284271247461903,0.8455344664813619,0.8311929562788201,0.8811982611809299,1.0,0.9068064614641993,0.8569966878868583
tanhexp,3,BraTS20_Training_205.npy,0.8950774782352545,1.4142135623730951,0.9272176376588391,0.8650908213445534,0.8521701285193407,73.66138744281159,0.8191133399851248,0.8880072525776304,0.8720534465245765,1.0,0.7792295544509359,0.9899828248712569,0.29682539446963974,84.1486779456457,0.5451894884784406,0.2039258429233823,0.879182324695608,1.4142135623730951,0.9227193045794073,0.8395686693111998
tanhexp,3,BraTS20_Training_207.npy,0.9053448414415763,1.0,0.8523328765913563,0.9653884460302274,0.8684723953968901,1.4142135623730951,0.898592368639802,0.8403061221631611,0.8638533364654254,1.4142135623730951,0.8919608840702349,0.8374631265348588,0.3257540595690161,7.681145747868608,0.34581280617826204,0.3078947354916897,0.7554363795262569,3.7416573867739413,0.6499999997945638,0.9017011570932563
tanhexp,3,BraTS20_Training_209.npy,0.9401225114134668,1.0,0.958170750591826,0.9227416201829638,0.9552861510533763,0.0,0.9896358984884623,0.9232409379714072,0.8878100110281945,1.0,0.9539007087296224,0.8302840524132032,0.9529016823219688,0.0,0.9583148016988174,0.9475493719726755,0.7477971309559945,2.0,0.7342924690707318,0.7618078384417265
tanhexp,3,BraTS20_Training_212.npy,0.9184802389131491,1.0,0.8982089292212859,0.9396876651673562,0.8255445931501114,3.7416573867739413,0.8226027327972928,0.8285075707928774,0.7156756415781462,3.4641016151377544,0.8174212772189792,0.6364551298192744,0.7410790582004098,4.242640687119285,0.6967724060539171,0.7914031277272092,0.8056752783573535,3.0,0.7701320504423357,0.8446580386239722
tanhexp,3,BraTS20_Training_216.npy,0.9290768552844747,1.0,0.8747544550979209,0.9905928384995194,0.8906943953312135,1.4142135623730951,0.9110542252267615,0.8712246583673892,0.7584309472014544,1.7320508075688772,0.7907684276853543,0.7286343606498724,0.8639736188623329,1.4142135623730951,0.8716116308085192,0.8564683087012117,0.5571084334908616,5.656854249492381,0.43796927709721756,0.7652864699503051
tanhexp,3,BraTS20_Training_224.npy,0.9540242444395651,0.0,0.9735824828699343,0.9352363392603572,0.9571568201044116,0.0,0.9401868958481591,0.9747506026482834,0.8961909131807075,1.0,0.8357299368604953,0.9660822414679062,0.884589815066535,1.4142135623730951,0.9416577022754747,0.834043726598625,0.8519351361636753,1.0,0.9257025888976722,0.789056728211846
tanhexp,3,BraTS20_Training_230.npy,0.96285451300911,0.0,0.9856843728250292,0.9410582577421737,0.9718979397303309,0.0,0.9593335029626319,0.9847958575366696,0.9808317301250807,0.0,0.9799867455401016,0.9816781724763156,0.16644993281599568,13.601470508735444,0.11149825589724294,0.32820511137409686,0.951246286907449,0.0,0.9810725130559602,0.9231800861171187
tanhexp,3,BraTS20_Training_233.npy,0.9419214402750828,1.0,0.9338216054578724,0.9501630175326615,0.8733901975691751,1.0,0.9663212399469976,0.7967653317156993,0.878830082035463,1.0,0.9553368623946371,0.8136685982795983,0.28085105187867865,3.7416573867739413,0.5499999083333486,0.188571417795919,0.9030482290267652,1.0,0.8729944393383682,0.9352450638740256
tanhexp,3,BraTS20_Training_236.npy,0.9259212061554842,1.0,0.9192502329924591,0.9326897091576121,0.7941439659548681,2.8284271247461903,0.7107125562054023,0.8997689331086086,0.7126243854703507,3.0,0.6135988253318042,0.8497633189790122,0.4248704661192801,5.196152422706632,0.4423876455727701,0.408687699671982,0.8644762234220161,1.4142135623730951,0.9053230519551724,0.827156168248631
tanhexp,3,BraTS20_Training_244.npy,0.9645784916776573,0.0,0.9667334580700628,0.9624331112109182,0.942169566749585,1.0,0.9621576204062917,0.9229950832718634,0.77923348342605,2.0,0.9098103198409911,0.6814335031983644,0.8566229644540937,1.4142135623730951,0.786969566856131,0.9398034394827316,0.9332039801687794,1.0,0.9216407280573787,0.9450610726307672
tanhexp,3,BraTS20_Training_245.npy,0.9047425524848371,1.4142135623730951,0.8449879434528147,0.9735915621643019,0.8770161412361605,1.7320508075688772,0.9336957927593921,0.8268240957383133,0.8385430669148748,2.0,0.8571614544425085,0.8207163036922169,0.22231822688801217,6.0,0.31702809226585993,0.17117956212415703,0.6963656764722466,5.385164807134504,0.561965489415187,0.9152601390997008
tanhexp,3,BraTS20_Training_252.npy,0.9642514837604579,0.0,0.9580328985244658,0.9705513259761905,0.9448616937177352,1.0,0.9432338198758943,0.9464951960549267,0.8915840885629568,1.0,0.8532743042713662,0.9334955989247441,0.8771632774567892,2.0,0.9313074739226621,0.8289688276367145,0.917919463048745,1.0,0.9093523265785135,0.9266495591074765
tanhexp,3,BraTS20_Training_258.npy,0.93427696742728,1.0,0.8996061157172838,0.9717273749488322,0.9409146060046931,1.0,0.9002289720429396,0.9854518682981399,0.8686383848258914,1.0,0.9558800679835793,0.7959896504540784,0.8225726879350426,3.0,0.7041002586284973,0.9889790291638685,0.8241981398121159,2.0,0.7992877952592914,0.8507111271126679
tanhexp,3,BraTS20_Training_260.npy,0.8135582852527082,4.58257569495584,0.7992748976846256,0.828361462118627,0.6607784331376629,7.483314773547883,0.5123029357098645,0.9304376068817868,0.7738326365547294,2.23606797749979,0.6584163956442959,0.9383129830513822,0.3104597813940457,12.449899597988733,0.22101602508528784,0.5215125299162646,0.36777246107413386,9.643650760992955,0.637712060222757,0.2583953120507868
tanhexp,3,BraTS20_Training_274.npy,0.8617037368535441,3.0,0.7641921856431955,0.987740198211161,0.6846028870239316,7.483314773547883,0.5212282093800812,0.9971519218247434,0.8016377475970964,3.605551275463989,0.6987823949174728,0.9399981966490355,0.4320288193522164,14.212670403551895,0.28313569777505654,0.9112070451006019,0.14281109506441408,18.0,0.5701706846787176,0.08162829934611479
tanhexp,3,BraTS20_Training_278.npy,0.8673321821245774,2.23606797749979,0.848818664689978,0.8866713003357637,0.45485152346378294,15.811388300841896,0.36290727778709325,0.6091935377249097,0.0,373.0,0.0,0.0,0.4529926025000926,15.84297951775486,0.35797936065435404,0.6166650019585656,0.5464047961472335,11.045361017187261,0.6538022590767899,0.4693126911425087
tanhexp,3,BraTS20_Training_280.npy,0.9614957375767282,0.0,0.9816754591376313,0.9421289499701279,0.07895545310857376,20.92844953645635,0.9334140322831231,0.041221129148192294,0.4610517973070312,19.72308292331602,0.8437047634774998,0.3171925989271349,0.013410975817063128,21.563858652847824,0.8444443818930087,0.00675916043711659,0.661385354151378,6.324555320336759,0.5216474446065846,0.9033814242996477
tanhexp,3,BraTS20_Training_287.npy,0.9705391657201893,0.0,0.9733115688689427,0.9677825114693076,0.9246563999131219,1.0,0.946087899106744,0.9041743576851018,0.9412664802695111,1.0,0.9701804573906322,0.9140260544890888,0.3998089314549584,6.057933771208739,0.3724966605585373,0.43144329674513765,0.8346082825548381,1.4142135623730951,0.8113236572073831,0.8592689148556467
tanhexp,3,BraTS20_Training_289.npy,0.9604837561038996,0.0,0.9859616699303063,0.9362894069706216,0.6655249850020578,6.48074069840786,0.9746829450656154,0.5052618667355253,0.0,373.0,0.0,0.0,0.6811476764774973,5.916079783099616,0.9745646410717005,0.523526869626884,0.808848743020951,3.605551275463989,0.7300027464125184,0.9067890396070204
tanhexp,3,BraTS20_Training_290.npy,0.8812348807529558,2.449489742783178,0.8337041712075223,0.9345128418691014,0.6733981071484104,13.0,0.8387913291586911,0.562486738210814,0.8251823242973163,1.4142135623730951,0.9417380637901148,0.7343004376134751,0.00809590532757916,39.319206502675,0.011627906924741024,0.006209696665369724,0.8642069531211772,3.0,0.8099447875040349,0.9262617621403838
tanhexp,3,BraTS20_Training_295.npy,0.9176531999258648,1.0,0.9730360174858514,0.8682353768192212,0.750879115517706,2.449489742783178,0.7634658239566625,0.7387006912223015,0.0,373.0,0.0,0.0,0.7580335840039134,2.449489742783178,0.7905365845945985,0.7280977619479758,0.7463297836474293,3.0,0.8154905330013835,0.6879828072904787
tanhexp,3,BraTS20_Training_300.npy,0.8989431331482763,1.4142135623730951,0.8486988528453284,0.9555108481061678,0.6353744785674329,9.695359714832659,0.4819054313534393,0.9322670290526646,0.8660265163876244,1.0,0.8833955141474299,0.8493273466428041,0.6258923879813855,9.848857801796104,0.4719865758565634,0.9287352102085863,0.5474633128411331,9.055385138137417,0.7541931336970262,0.42968384661386927
tanhexp,3,BraTS20_Training_302.npy,0.8291923843704404,3.3166247903554,0.7117589578829251,0.9930334070024848,0.6859404782797067,8.306623862918075,0.5250208421760283,0.9891014957212163,0.6113388935227784,20.42057785666214,0.999999995374653,0.44023620354258564,0.6581599230171186,8.660254037844387,0.4908831967554905,0.9983720239759879,0.16719188954019984,14.89966442575134,0.25941930084192305,0.1233419838079073
tanhexp,3,BraTS20_Training_304.npy,0.9002723894510487,1.0,0.8747834453401401,0.927291276678357,0.6067762300335494,10.04987562112089,0.4520646317945908,0.9224794834975971,0.0,373.0,0.0,0.0,0.6068932271374082,10.04987562112089,0.4520646317945908,0.9230205271825362,0.21114430979129617,11.0,0.6066265041969081,0.12781620858804582
tanhexp,3,BraTS20_Training_310.npy,0.9386205922961615,1.0,0.9018273929557475,0.9785437014163196,0.7775540400292839,4.58257569495584,0.7436110223700807,0.8147440081116823,0.0,373.0,0.0,0.0,0.780854536467555,4.358898943540674,0.7431535268918871,0.8225852037564376,0.6625775677694676,4.898979485566356,0.6401023739374784,0.6866884872475264
tanhexp,3,BraTS20_Training_314.npy,0.016001506009034727,33.23476703742029,0.008065281328337337,0.999999882352955,0.0,23.735923260383753,0.0,0.0,0.0,373.0,0.0,0.0,0.0,24.19193915212684,0.0,0.0,0.005217895443793704,33.301651610693426,0.0026157721346485446,0.9999996296297669
tanhexp,3,BraTS20_Training_321.npy,0.9496382487187442,1.0,0.9281767954372678,0.9721156634260475,0.7050819049252615,5.385164807134504,0.6176892149562352,0.8212791666722696,1.0,0.0,1.0,1.0,0.7050819049252615,5.385164807134504,0.6176892149562352,0.8212791666722696,0.7381342486881831,3.1622776601683795,0.7802826192389392,0.7003059611379031
tanhexp,3,BraTS20_Training_322.npy,0.941837398233654,1.0,0.9845190625767455,0.9027027026081392,0.9118724377259488,1.0,0.9077108820174322,0.9160723277637041,0.38793101776159405,24.624718305831298,0.37815122872678747,0.3982300532539776,0.9111559367705093,1.0,0.9070337573737466,0.9153157550593561,0.6692854974088266,9.273618495495704,0.7812413898605733,0.5853953459210796
tanhexp,3,BraTS20_Training_328.npy,0.9493088343184561,1.0,0.9563324277396339,0.9423876554785074,0.7536453314535637,7.0710678118654755,0.7964925901722484,0.7151726715745967,0.22538649216685722,60.95203024855755,0.2673745147936823,0.19479606051479564,0.7487862646760483,7.14142842854285,0.7907890119641663,0.7110204247422214,0.687500190455238,9.433981132056603,0.6573669885328169,0.7205286759642442
tanhexp,3,BraTS20_Training_330.npy,0.9470971266383955,1.0,0.9696596734788513,0.9255606975924597,0.8011870508656448,3.1622776601683795,0.6765065393361122,0.9822086157406236,0.0,373.0,0.0,0.0,0.8000507760046331,3.1622776601683795,0.6740924090349308,0.9838983046458973,0.7043379412738187,2.8284271247461903,0.9189990905128945,0.5709699472159061
tanhexp,3,BraTS20_Training_334.npy,0.9695429097921802,0.0,0.9627317655004988,0.9764511158149966,0.7994564704341409,2.23606797749979,0.6681024350629631,0.9951008970079308,0.8213041309998487,2.449489742783178,0.7017096192041256,0.9900396003959684,0.0926517564484684,14.177446878757825,0.057312252398100276,0.24166665659722264,0.9524080134894648,0.0,0.9595799268742695,0.9453425106783568
tanhexp,3,BraTS20_Training_341.npy,0.9068100354811589,1.0,0.91299117809704,0.9007120246038671,0.9446931600353378,1.0,0.8995278057456351,0.9946337911607922,0.9459752651001843,1.0,0.905817173260641,0.9898592387015904,0.7774566361639215,2.23606797749979,0.6658415676771889,0.9340277453462589,0.7642337826794129,2.23606797749979,0.8351217481735004,0.7044386410714732
tanhexp,3,BraTS20_Training_349.npy,0.9556708571699127,0.0,0.9909368471161217,0.9228287350471499,0.9530857346618639,0.0,0.9374061984091889,0.9692987214888005,0.8972570896309056,1.0,0.8712245566170337,0.9248932645889837,0.96843171691275,0.0,0.9652379415693977,0.9716466973113788,0.8628379127352659,1.4142135623730951,0.967426277744481,0.778657339939574
tanhexp,3,BraTS20_Training_351.npy,0.9614085133445918,0.0,0.9600779852151083,0.9627427343304994,0.9717785577835267,0.0,0.9480271963799181,0.9967506087209582,0.9568857259371846,0.0,0.9215455216313908,0.995044531577684,0.9079448828672751,1.0,0.9413373831570292,0.8768403146182323,0.9517183559745661,0.0,0.9557546587723199,0.94771600157653
tanhexp,3,BraTS20_Training_353.npy,0.9306874313592484,1.0,0.8751840644493629,0.9937074413321657,0.8789125520817552,2.23606797749979,0.7864154751072503,0.9960687502321551,0.8167138804414208,2.8284271247461903,0.6945314373710776,0.9910622189909554,0.8585082450726123,3.0,0.8251080676781195,0.8947265607524872,0.921790781889387,1.0,0.891603183005659,0.9540941793632871
tanhexp,3,BraTS20_Training_356.npy,0.8948259573859186,1.4142135623730951,0.8561440602789319,0.9371686698509786,0.9519563644860759,0.0,0.9675475896276086,0.9368596495235749,0.9115010917709192,1.0,0.9260789708248555,0.8973750549478162,0.9193204376558649,1.0,0.9350688196662645,0.9040937351307772,0.658561042455151,3.0,0.5490646874813829,0.8226084220720081
tanhexp,3,BraTS20_Training_361.npy,0.941174490918629,1.0,0.9792709827061047,0.9059311326316071,0.08284361269606062,24.677925358506133,0.6795631804069792,0.0441104990189342,0.0,37.745197881915544,0.0,0.0,0.07919010983289507,24.698178070456937,0.705421068171084,0.04194967659983583,0.3145189275163296,14.798648586948742,0.19332999458510378,0.8428756260368142
tanhexp,3,BraTS20_Training_363.npy,0.960624513868684,0.0,0.96453494160066,0.9567456654231701,0.9750411486906861,0.0,0.975705685100286,0.9743775167355258,0.9401030983936475,1.0,0.9110461741451523,0.9710745692169579,0.9336118389395212,1.0,0.991710972080332,0.8819434099471544,0.9077124597201889,1.0,0.9157456349279701,0.899818997225974
tanhexp,3,BraTS20_Training_003.npy,0.7740506434020689,3.7416573867739413,0.7737779713578092,0.7743235074282134,0.9174089056445224,1.0,0.9110158110130908,0.9238923595436467,0.8612688611694486,1.0,0.8852568349391032,0.838546600826077,0.7040898099110681,2.0,0.5989085866451762,0.8540855864963894,0.7395128680337442,4.58257569495584,0.7399524464105106,0.7390738113383101
tanhexp,3,BraTS20_Training_005.npy,0.769455281660227,7.681145747868608,0.6650877821834487,0.9126748615849408,0.8801028871224266,1.7320508075688772,0.8032563416862882,0.9732085503502995,0.7844334219303246,3.0,0.7293736055854717,0.8484848474843948,0.671877712920136,2.8284271247461903,0.579215332197618,0.7998345707202871,0.43513142569921737,64.97691897897283,0.33145705961489697,0.6331797215570515
tanhexp,3,BraTS20_Training_008.npy,0.8296369883968374,1.4142135623730951,0.9239302691373589,0.7528078935917144,0.704323128102483,9.273618495495704,0.8157894677208373,0.6196557433667088,0.8280961144727536,9.273618495495704,0.7398843869538861,0.9401888673642301,0.1810945255612485,10.04987562112089,0.5796177974765734,0.1073113194892533,0.8175100603180765,1.4142135623730951,0.9088698360377647,0.7428396695691469
tanhexp,3,BraTS20_Training_012.npy,0.8598246517346012,3.0,0.7888710132838488,0.9448033545110116,0.926608311852477,1.0,0.9141304336785865,0.9394315490388091,0.8583958835638055,1.0,0.8520006682538077,0.8648878299373083,0.7794642839744101,3.3166247903554,0.7568270448338662,0.8034974652393121,0.7846437021526919,6.0,0.700738653046096,0.8913751896092901
tanhexp,3,BraTS20_Training_019.npy,0.8872892636883061,1.4142135623730951,0.8598077491929109,0.9165855318575149,0.9234962838677458,1.0,0.8738988655891863,0.9790621586809912,0.7930364159173026,1.0,0.9353918262148254,0.6882873420153814,0.6135468289404328,4.242640687119285,0.44978572717553034,0.9648281355618943,0.7496629993586852,2.8284271247461903,0.741505376025159,0.7580021101134355
tanhexp,3,BraTS20_Training_021.npy,0.8025920120843968,4.0,0.7712029950699433,0.836644591365226,0.8987492003115592,1.0,0.868230726992008,0.9314912927110309,0.7232256414102955,1.4142135623730951,0.9467199435673661,0.5850998135725463,0.2335813644982809,8.366600265340756,0.13540885170514308,0.8494117447197237,0.7624582497056682,5.0,0.7319247168130031,0.7956502036193753
tanhexp,3,BraTS20_Training_033.npy,0.9552099738221094,0.0,0.9447480018802196,0.9659062483561036,0.9510847535142852,0.0,0.9152946003221948,0.9897877626366274,0.9150105965184107,1.0,0.9304141414639178,0.9001087739303186,0.7430167592576699,5.385164807134504,0.6374311039570679,0.8905256094902484,0.9348262697744331,1.0,0.9307688392682268,0.93891922956731
tanhexp,3,BraTS20_Training_036.npy,0.8851112593877977,1.0,0.937803561159064,0.8380251969148079,0.8731720279418842,1.0,0.8569937354610409,0.8899728981210969,0.8266721880030315,1.0,0.7731938780298395,0.8880978845648546,0.6449230729543196,4.898979485566356,0.895726480414932,0.5038461490014794,0.7968206652772873,3.0,0.8836491836892363,0.7255292195354358
tanhexp,3,BraTS20_Training_043.npy,0.8021169444826578,4.242640687119285,0.7106521679150786,0.9206036060912319,0.7404268920453858,2.449489742783178,0.6009602899027248,0.9641890465038746,0.4873432683053152,4.358898943540674,0.39253048630895393,0.6425452236896743,0.7128712862679651,3.4641016151377544,0.5808736706397606,0.9224999971171874,0.7651311020078547,6.082762530298219,0.6926286038782664,0.8545869651911221
tanhexp,3,BraTS20_Training_044.npy,0.7859151006858969,3.4641016151377544,0.737180156273013,0.8415499249826827,0.7155354427887316,3.7416573867739413,0.65380374501762,0.7901399014647575,0.744463969263747,3.3166247903554,0.7499999946883853,0.7390090667201042,0.11489361457673161,7.681145747868608,0.06716417743372693,0.39705876513841687,0.7484207296079667,3.7416573867739413,0.7039109363729171,0.798939373576706
tanhexp,3,BraTS20_Training_063.npy,0.8915446451006516,1.0,0.9499808788145462,0.8398809920617479,0.7976672593590357,2.0,0.8149619304370673,0.7810913680802938,0.7518831299888539,2.23606797749979,0.7307009728007942,0.7743300386726373,0.5055803543215383,2.8284271247461903,0.5906127693531582,0.441951215200476,0.8289152179111543,1.4142135623730951,0.8941714731508141,0.7725358762803679
relu,4,BraTS20_Training_075.npy,0.9472300363029295,1.0,0.9091895881233751,0.9885927070639887,0.950697674378588,0.0,0.9745849010170713,0.9279533931315825,0.7907934315312893,1.0,0.9063497892145844,0.7013711210169977,0.9091838755898234,1.0,0.8836611212856835,0.9362248254658121,0.7960905880654361,2.23606797749979,0.6760413009424299,0.967981739546848
relu,4,BraTS20_Training_087.npy,0.0,373.0,0.0,0.0,0.0,373.0,0.0,0.0,0.0,373.0,0.0,0.0,0.0,373.0,0.0,0.0,0.0,373.0,0.0,0.0
relu,4,BraTS20_Training_094.npy,0.9318532901681923,1.0,0.9627890004273842,0.9028437028424872,0.9167346901357767,1.0,0.9397489461108876,0.8948207100014286,0.8996175865219044,1.0,0.9091787351770171,0.8902554315018408,0.8715083555444594,1.0,0.9749999390625038,0.7878787480869319,0.9234322506244325,1.0,0.954519146833935,0.8943063710373672
relu,4,BraTS20_Training_095.npy,0.9681058593570355,0.0,0.9923579522596216,0.9450108747652949,0.8534313724182856,2.23606797749979,0.8345616870889322,0.873174095394278,0.8571495445410786,1.0,0.9871152078348616,0.757425332689077,0.38613290757364327,6.48074069840786,0.2936812999570562,0.5635351959581584,0.8931267165648418,1.0,0.9354737887575687,0.8544475441699283
relu,4,BraTS20_Training_108.npy,0.9234429958298563,1.0,0.9977643634038876,0.8594261501735865,0.9616111499163648,0.0,0.9807252126482048,0.9432278983394417,0.9613603114569964,0.0,0.9620639168552526,0.9606577333000516,0.3435114438261175,4.867694926704909,0.8737863229333667,0.21377671701242953,0.8656359281862526,1.0,0.9807110822847346,0.7747302522240918
relu,4,BraTS20_Training_117.npy,0.9661264687806853,0.0,0.9686180150806796,0.9636477073272919,0.9262589259162102,1.4142135623730951,0.9855905504050468,0.873665107228544,0.9252754650794999,1.0,0.979223952562151,0.8769609623522794,0.7757847521207804,6.0,0.840680316415549,0.7201903041326485,0.9540279533989982,0.0,0.945104991144496,0.9631210090386044
relu,4,BraTS20_Training_122.npy,0.9638879713733712,0.0,0.974684312181469,0.9533281865962068,0.9690540887445831,0.0,0.9740923493583146,0.9640676766717815,0.9441378369307608,1.0,0.9711991111293294,0.9185437377722793,0.958270485273327,0.0,0.9238972325550303,0.9953002558992153,0.9436684009204472,1.0,0.9572142980577752,0.9305005393135574
relu,4,BraTS20_Training_123.npy,0.9499699892785002,1.0,0.9503386664994444,0.9496015979286315,0.8807649364632039,1.0,0.8446628594210787,0.9200909142532175,0.8898784933826589,1.0,0.8863955678670484,0.8933888975184541,0.7686681488664847,3.0,0.6754972633757516,0.8916532895073913,0.9579002231869413,0.0,0.9726885091048932,0.9435548709285253
relu,4,BraTS20_Training_124.npy,0.9771273032740839,0.0,0.9775703172561097,0.9766846905834705,0.9728084899770015,0.0,0.9603644532627807,0.9855792503012077,0.9430341793814259,1.0,0.938652747650348,0.947456705897546,0.9539496796267938,0.0,0.9329721155192355,0.9758922891333133,0.9519807296764314,0.0,0.9631286329676303,0.9410879401971891
relu,4,BraTS20_Training_126.npy,0.9294275649431838,1.0,0.9652105260617866,0.8962029025811945,0.9181862267414679,1.0,0.9604809248374184,0.8794593083986161,0.9143011622017058,1.0,0.9422362549887097,0.887974793810622,0.8199773546106713,3.7416573867739413,0.91544943563076,0.7425381618989789,0.8505015122723287,1.4142135623730951,0.8763123354788318,0.826167645723184
relu,4,BraTS20_Training_127.npy,0.9624542877176894,0.0,0.9753104070505205,0.9499326862843106,0.9677976743891001,0.0,0.9687106903007694,0.9668863763859286,0.9671719210771079,0.0,0.9616376515769864,0.9727702576670957,0.6936708685146616,3.3608678377900993,0.8782050719099312,0.5732217333380027,0.9521372957154323,0.0,0.966967219750297,0.9377553797499985
relu,4,BraTS20_Training_128.npy,0.8933573617734741,1.4142135623730951,0.8232140773734954,0.9765673598615583,0.6482698175721865,3.0,0.5319913692883439,0.8295964032556458,0.6726330632471358,2.8284271247461903,0.5595611241413705,0.8429751966590886,0.14999999062500058,8.315556738484096,0.1043478170132333,0.26666660740742054,0.8792783926397247,1.4142135623730951,0.813985971270766,0.9559589184238075
relu,4,BraTS20_Training_132.npy,0.9181410095237476,1.0,0.9211757655531291,0.9151261834067873,0.9266673330813583,1.0,0.9027821068801504,0.9518507863473765,0.914760360477333,1.0,0.9691294113086449,0.8661675635657101,0.21048403251559744,12.68857754044952,0.11871318505049121,0.9274336119038299,0.8931970630554599,1.4142135623730951,0.9012301453537065,0.885305920690807
relu,4,BraTS20_Training_145.npy,0.9326248232708763,1.0,0.9376013854373634,0.9277008108554136,0.9195828143026801,1.0,0.9183248349339869,0.920844244631237,0.8065009948444912,1.4142135623730951,0.773352252887727,0.8426187552153229,0.8283957514859076,1.4142135623730951,0.8846252230880658,0.7788873032668464,0.8840010733320742,1.0,0.8925439034836841,0.8756202250776521
relu,4,BraTS20_Training_154.npy,0.8961764284263605,1.4142135623730951,0.997704227940639,0.813403348167013,0.9660698340330788,0.0,0.99131986288738,0.9420741486118762,0.9143203147334572,1.0,0.9798226366592026,0.857027026795398,0.9577609711790638,0.0,0.9355400693729764,0.9810631342511109,0.7258237996570568,3.3166247903554,0.9315137251979565,0.594541558920618
relu,4,BraTS20_Training_161.npy,0.9591322038084087,0.0,0.9509918751834101,0.9674130951001602,0.9353630657712749,1.0,0.9761941013267377,0.8978105593119786,0.8984581837336637,1.0,0.9524517079804757,0.8502579212599426,0.8775748148221435,1.4142135623730951,0.8928430197800936,0.8628200218280219,0.9013259279358358,1.0,0.8665141111111557,0.9390519184373345
relu,4,BraTS20_Training_162.npy,0.9531081636584298,0.0,0.9227989642425669,0.9854759805753419,0.9702536444437451,0.0,0.9669826032472747,0.9735468906185565,0.9497445748082864,1.0,0.944698592580723,0.9548447511179523,0.9153203336244288,1.0,0.9208350834792839,0.9098712433755071,0.91105918095249,1.0,0.8651590237649521,0.9621025827164578
relu,4,BraTS20_Training_165.npy,0.9578134241839487,0.0,0.9769798743785659,0.9393845218207859,0.9393935395835507,1.0,0.891768712370278,0.9923921522148054,0.918020989367613,1.0,0.8570868674289389,0.9882823845223273,0.7105407472737296,5.0,0.7689933505009655,0.660346583770955,0.927634517526902,1.0,0.9725761130218066,0.8866628715420732
relu,4,BraTS20_Training_173.npy,0.8368990708690605,2.23606797749979,0.7209715772587769,0.9972503812115701,0.6233014419330106,6.557438524302,0.4527736508315227,0.9998887832953963,0.8333948745168765,2.23606797749979,0.812338035695121,0.8555724026872082,0.31260207737878026,8.366600265340756,0.18531427900340255,0.9983308971451473,0.8663410662906949,1.4142135623730951,0.7959848710632949,0.9503405871686174
relu,4,BraTS20_Training_176.npy,0.9557577040619503,0.0,0.9166477722748131,0.9983537230552476,0.8391349600047259,2.23606797749979,0.7764081491233503,0.9128881281986593,0.6857665897613121,2.23606797749979,0.9724818250973991,0.5296196797262552,0.7739757759250809,4.123105625617661,0.6818499858471289,0.8948850589565382,0.825265288894728,2.0,0.8135613285952301,0.8373109125215744
relu,4,BraTS20_Training_179.npy,0.9371018168256621,1.0,0.9512140353655258,0.9234022145314322,0.9141598103728877,1.0,0.978328426295298,0.8578907106999352,0.8819598497956946,1.4142135623730951,0.9195865099175914,0.8472912882239346,0.5779315357284568,5.0,0.9531531474285097,0.414685130873569,0.8892080281464836,1.0,0.8428846534156037,0.9409191990582212
relu,4,BraTS20_Training_180.npy,0.7750105724302535,44.384682042344295,0.948209145184466,0.6553121586428634,0.8152840494638518,58.33352320470606,0.973540806481608,0.7012846789490809,0.9308210825890276,1.0,0.9648802046193293,0.899084471438019,0.4761508018336196,67.01492371106603,0.8666750910737552,0.32824390936480063,0.7052416003450255,48.91829923454004,0.8830459341852428,0.5870392330774583
relu,4,BraTS20_Training_195.npy,0.9208988668955477,1.0,0.8666995169278211,0.9823291555565244,0.9047220360172936,1.0,0.8357308582101374,0.9861288552706228,0.8079211190900294,1.4142135623730951,0.6923621597940134,0.96978312551588,0.885699640831326,1.0,0.9306166403997697,0.8449189138253452,0.8804293138575578,1.0,0.8555133075200906,0.9068401653000691
relu,4,BraTS20_Training_204.npy,0.7861435133564242,2.23606797749979,0.657917383467127,0.9764508653496841,0.9122619042188918,1.0,0.8492740764166308,0.9853413900149912,0.9007383095218412,1.0,0.833177678224168,0.9802224955634906,0.6757607484180405,5.779118345860936,0.7045951705777862,0.6491935352985174,0.5443117532339466,3.1622776601683795,0.4072525860515701,0.8204210509043768
relu,4,BraTS20_Training_208.npy,0.9439763803206922,1.0,0.943654686358601,0.9442982936324371,0.9017453732379596,1.0,0.9402469061132672,0.8662729496143114,0.8525199000730339,1.0,0.9872075820448124,0.7501717281592448,0.703407386116257,4.242640687119285,0.6375938873874664,0.7843715147425635,0.8948972589512122,1.0,0.8678145503169423,0.9237248118460742
relu,4,BraTS20_Training_223.npy,0.9711014318558755,0.0,0.9944578730923427,0.948816941187976,0.937315721055355,1.0,0.9687052439379877,0.9078966154768251,0.9441893615103533,1.0,0.9396258780839873,0.9487973879176503,0.6117552970655001,10.995445115010316,0.9158020713655144,0.459275564420101,0.9531093027529507,0.0,0.9735089143637172,0.9335470803081937
relu,4,BraTS20_Training_225.npy,0.9692957818812827,0.0,0.9673615075132637,0.9712378070004577,0.9410129292469606,1.0,0.9013090425717811,0.9843760293481815,0.8443867921571716,1.4142135623730951,0.7401556455808607,0.9827859316161193,0.4493198770076583,5.830951894845301,0.8783165589223279,0.30187492618141,0.9091336758516603,1.0,0.9614128631066902,0.8622468824090782
relu,4,BraTS20_Training_234.npy,0.9311443421779627,1.0,0.8794643991408359,0.9892772125764516,0.9122045276920037,1.0,0.8895414480542011,0.9360525835813952,0.7857980391230251,1.7320508075688772,0.6984325490258191,0.898145168973791,0.9031160885102341,1.4142135623730951,0.8902381681600492,0.9163720537756342,0.5766128060567085,3.605551275463989,0.5037658839300332,0.6740892965840636
relu,4,BraTS20_Training_235.npy,0.9600865537096079,0.0,0.9394013713929926,0.9817032026727707,0.9597394202884858,0.0,0.9636733159444875,0.955837511777016,0.904756626587013,1.0,0.8778190866960887,0.9333997646149046,0.9275399594959085,1.0,0.9706606165941204,0.8880875315071616,0.886285886607685,1.0,0.8350022977487117,0.9442810836133483
relu,4,BraTS20_Training_240.npy,0.8936956899112782,1.4142135623730951,0.8078591492060341,0.9999413192157367,0.7178057642295442,4.58257569495584,0.5767384810748883,0.950226243926448,0.6429042900046836,3.7416573867739413,0.8255636534572578,0.52642957461201,0.5497705963273776,8.06225774829855,0.39240626470735446,0.9178507986102348,0.8255708508302124,2.23606797749979,0.7699821702831425,0.8898105099244672
relu,4,BraTS20_Training_243.npy,0.9430034434602281,1.0,0.91094918884338,0.9773958050927115,0.905264351910238,1.0,0.8776812227050483,0.934637459918802,0.8646152617871043,1.0,0.8634809566164579,0.8657525503302356,0.8524913657104181,1.7320508075688772,0.7707404089728093,0.9536423820007895,0.9355832431938259,1.0,0.9032848679919403,0.9702770286844223
relu,4,BraTS20_Training_248.npy,0.9476571168574311,1.0,0.9735348980551408,0.9231194417379355,0.8923371787906511,1.4142135623730951,0.8465034963555064,0.9434182836599995,0.8815348955573115,1.0,0.9139576794226161,0.8513337061333912,0.8145098713650939,3.605551275463989,0.69369997771727,0.9862720529354463,0.6554188961234289,11.180339887498949,0.8208141624220774,0.5454998668753324
relu,4,BraTS20_Training_261.npy,0.9552292226145961,0.0,0.9457336871035826,0.964917369750116,0.7715505593366752,3.4641016151377544,0.9441991085548953,0.6522799642451355,0.6421468634356534,6.324555320336759,0.5485732949808612,0.7742084218041678,0.7371192478246875,3.605551275463989,0.93013154339924,0.610445287421425,0.7048912590323768,6.4031242374328485,0.5857742323745777,0.8848189443251658
relu,4,BraTS20_Training_262.npy,0.9010730625415729,1.0,0.9418744812940286,0.8636598528847526,0.5663000117452557,27.477263328068172,0.848424482346207,0.4249818573793706,0.0,373.0,0.0,0.0,0.5698944410458878,27.49545416973504,0.8457080752522491,0.42974141857942266,0.8257476686730645,1.7320508075688772,0.8277498841907998,0.8237551158213241
relu,4,BraTS20_Training_263.npy,0.8460227271525536,2.0,0.9782858641377465,0.745263895306373,0.4087683147843588,12.806248474865697,0.7958546895568205,0.27500962628031606,0.0,373.0,0.0,0.0,0.15546246415621887,13.152946437965905,0.2605304206362148,0.11078468526271353,0.6079201933555168,4.242640687119285,0.6198659163828828,0.5964261879601
relu,4,BraTS20_Training_264.npy,0.8992248060379181,1.0,0.9735608176155244,0.8354353336143922,0.8578116201422737,1.7320508075688772,0.8644452401382747,0.8512790350771661,0.0,373.0,0.0,0.0,0.8578624549296682,1.7320508075688772,0.8644452401382747,0.8513791678813273,0.547752676249704,3.605551275463989,0.672651452944919,0.4619729511042379
relu,4,BraTS20_Training_265.npy,0.9142887100679843,1.0,0.9885174746560882,0.8504291365922045,0.9045183650086099,1.0,0.9860387962525828,0.835447979536317,0.0,373.0,0.0,0.0,0.9047457410415655,1.0,0.9825139379388761,0.838385625375799,0.5559899180710894,2.8284271247461903,0.5893675024049251,0.5261902441212198
relu,4,BraTS20_Training_275.npy,0.5501034027803673,6.708203932499369,0.37945244945837103,0.999696301723714,0.0,373.0,0.0,0.0,1.0,0.0,1.0,1.0,0.0,373.0,0.0,0.0,0.39738435965123425,6.4031242374328485,0.30708694018676763,0.5629033478377471
relu,4,BraTS20_Training_279.npy,0.8699707620578573,3.1622776601683795,0.8075133296847682,0.9428997062798353,0.8402241183194683,3.3166247903554,0.8195822430259618,0.8619326238660056,0.0,373.0,0.0,0.0,0.8693458950557439,3.0,0.8141437233039995,0.9325784078098387,0.3417287808542532,16.06237840420901,0.24068585933925238,0.5889970984365964
relu,4,BraTS20_Training_281.npy,0.9219053307115342,1.0,0.8846694205592717,0.9624135046032688,0.41966288963079507,27.892651361962706,0.8536372805918552,0.2782204415591735,0.0,373.0,0.0,0.0,0.5905346634961142,26.870057685088806,0.7941014582175482,0.470040452727163,0.6552328896474521,6.0,0.5021894198241711,0.9424454863360345
relu,4,BraTS20_Training_286.npy,0.7434930703493348,4.69041575982343,0.6002603070785707,0.976504336468476,0.23591682409749345,9.433981132056603,0.13373339042066323,0.9999999964387464,0.0,373.0,0.0,0.0,0.22802649891217922,10.04987562112089,0.1286850501839858,0.9999999962990377,0.16132114087530972,9.486832980505138,0.4190003529989353,0.09989013766594258
relu,4,BraTS20_Training_288.npy,0.8615003875557949,1.7320508075688772,0.7730982258885962,0.9727300271062299,0.7721905629097803,5.0990195135927845,0.7039900247425906,0.8550227155123599,0.8925726711658075,1.0,0.8577561852571709,0.9303351504623889,0.5516959283394073,8.602325267042627,0.47677833343660087,0.6545468115166889,0.7730551449554398,2.449489742783178,0.6834126653861204,0.8897645748241001
relu,4,BraTS20_Training_291.npy,0.959811110534059,0.0,0.9256447496403126,0.9965963575602003,0.7833062593810474,3.3166247903554,0.9554484827772339,0.6637237899242382,0.09421000888900875,28.232958962652692,0.3809523507180674,0.05375139917411647,0.784720520120477,3.1622776601683795,0.952288473484448,0.6673001004502733,0.8336758566936533,2.23606797749979,0.7282474328816291,0.9747973224982499
relu,4,BraTS20_Training_309.npy,0.8610230709222932,2.23606797749979,0.7585169187820412,0.9955637924126961,0.7462420652272317,5.196152422706632,0.5991682297316008,0.9890070365928058,0.5774890109354309,11.789826122551595,0.7646761094905056,0.46392385488509713,0.7313346522154112,5.830951894845301,0.5799270142901346,0.9897352246569233,0.6083199999427463,7.0,0.6342387250001493,0.5844364871628261
relu,4,BraTS20_Training_315.npy,0.9628824657103304,0.0,0.9966984161173673,0.9312858310315899,0.9014259639996337,1.0,0.996717966471496,0.8227648821766256,0.6202531253004351,1.0,0.4495412431613538,0.9999997959184089,0.8999054381224663,1.0,0.9967020229090373,0.8202457359911074,0.6592045722032843,1.7320508075688772,0.592516482068228,0.7428080713366165
relu,4,BraTS20_Training_317.npy,0.9483017585764082,1.0,0.9659937806791403,0.9312461336388418,0.7136204882483309,2.449489742783178,0.5659332196246604,0.9656077685334529,0.8711775275063269,1.0,0.8297311522674455,0.9169822286135093,0.2259006808636784,8.246211251235321,0.1286506464744893,0.9255318902784072,0.8390054889121713,1.4142135623730951,0.94404882942592,0.7549976750610194
relu,4,BraTS20_Training_325.npy,0.2596701953075783,13.74772708486752,0.14933848486749884,0.9941543219245739,0.0,373.0,0.0,0.0,0.0,373.0,0.0,0.0,0.0,373.0,0.0,0.0,0.16038022028478086,15.132745950421556,0.10828895246717336,0.30904130822665116
relu,4,BraTS20_Training_326.npy,0.9325627861620557,1.0,0.8898244012871311,0.9796137661327803,0.45330467336429,11.180339887498949,0.2943306727211557,0.9857029385392244,0.3074204942818422,16.15549442140351,0.9472361729712213,0.18348474986456076,0.39362671384703624,15.0,0.24504062489094072,0.9999999996236357,0.0,373.0,0.0,0.0
relu,4,BraTS20_Training_331.npy,0.7744424651497435,5.385164807134504,0.9984355567815725,0.6325366268145037,0.62868657240202,9.813228620331692,0.7960660597549953,0.5194647935342588,0.6418428506095207,2.1416407864998526,0.48590539662730337,0.9451672774612707,0.5529304482496351,10.04987562112089,0.7679907878319047,0.4319668412460548,0.6236692934542405,6.708203932499369,0.8080092116663231,0.5078157665388994
relu,4,BraTS20_Training_333.npy,0.9705958108181915,0.0,0.9525937669103499,0.9892913630183,0.597301152945705,10.04987562112089,0.4276910710410817,0.989845748238145,0.12137619839664275,33.8673884437522,0.06952700947334323,0.47737355388310954,0.5860244961408274,10.954451150103322,0.4242045325799562,0.9474423299966167,0.131679313482611,25.0,0.6069956958089958,0.07385002728586945
relu,4,BraTS20_Training_337.npy,0.9776917538278942,0.0,0.9721029151393191,0.9833452269978019,0.9523436819557849,0.0,0.9223253951272133,0.9843816712770215,0.9169667743154556,1.0,0.8618526731194628,0.9796113546147844,0.9392899654694372,1.0,0.942568041906325,0.9360346106549895,0.9391288645407451,1.0,0.9572979935461688,0.9216365746674208
relu,4,BraTS20_Training_338.npy,0.9581110430927012,0.0,0.9669579661297879,0.949424537399787,0.9687890335206584,0.0,0.953309220575053,0.9847798659164785,0.9517798259947351,0.0,0.9279378684955357,0.9768792581309328,0.9356251106633852,1.0,0.9445672295892914,0.9268507116072617,0.9207329760624816,1.0,0.949110506220542,0.8940031063007156
relu,4,BraTS20_Training_343.npy,0.9478537915396394,1.0,0.9559903793511977,0.9398545384037773,0.9363237903761074,1.0,0.9095797713490168,0.9646881390693256,0.9012950699919661,1.0,0.8845133274380311,0.9187259228542309,0.9031502211285843,2.0,0.866723774541627,0.9427728380856571,0.8833580785333663,1.0,0.9127059842896025,0.8558387295940958
relu,4,BraTS20_Training_344.npy,0.9084410013187642,1.0,0.8863103162911279,0.9317051709794695,0.4735945483685943,13.2664991614216,0.3146738010317587,0.9568210247859497,0.6142581883512461,13.114877048604,0.4433689358663007,0.9994983671946366,0.27339920619824226,13.92838827718412,0.1681661560411886,0.7305613275236534,0.893533270783073,1.4142135623730951,0.9627223613721667,0.833622360380405
relu,4,BraTS20_Training_347.npy,0.976442921052158,0.0,0.9839446663515379,0.9690546990647535,0.9631742737119883,0.0,0.9701299895608217,0.9563175908162982,0.9543825148089099,0.0,0.9362591427794152,0.9732213723636123,0.8842407213982904,1.4142135623730951,0.9659224429221538,0.815296450501106,0.9662653474182191,0.0,0.9738722445115434,0.9587763638339131
relu,4,BraTS20_Training_350.npy,0.9801218016511507,0.0,0.990876394347949,0.969598154716402,0.98019616797097,0.0,0.9818079634948258,0.9785896556132466,0.9647780709040905,0.0,0.9565124987496977,0.9731877396147932,0.9371846498462322,1.0,0.9733653836794564,0.9035972499298427,0.9654172504120526,0.0,0.9845979792817819,0.9469695521720015
relu,4,BraTS20_Training_367.npy,0.9653219983871557,0.0,0.989119864269342,0.9426423642544424,0.9482237166640581,1.0,0.9788443611468572,0.9194607367068806,0.9424609616633451,1.0,0.9680250456949163,0.918212355329238,0.8353188487845857,2.449489742783178,0.9048582950158993,0.7757049857886985,0.9623630393891479,0.0,0.9844918108077316,0.9412071916069898
relu,4,BraTS20_Training_369.npy,0.973618302175876,0.0,0.9707767614909023,0.9764765264793134,0.9407272782090865,1.0,0.9773574725136287,0.9067436073505846,0.9278235024087993,1.0,0.9563793182456569,0.9009235002217902,0.9168238485262861,1.4142135623730951,0.9679440473223838,0.8708324226039622,0.9401794787556994,1.0,0.9207019626537011,0.9604989018975943
relu,4,BraTS20_Training_011.npy,0.9092207188707724,1.0,0.9617490463765908,0.8621331616859944,0.9129418361170087,1.0,0.9408306823351348,0.8866587949444567,0.7572005556795335,1.4142135623730951,0.9903013491681654,0.6129274299357622,0.44932378607903933,5.385164807134504,0.3067564625097622,0.839476808326535,0.8885334861810052,1.0,0.9457606421973371,0.8378367132942617
relu,4,BraTS20_Training_013.npy,0.9108467788448895,1.0,0.9179524804337701,0.9038502399167374,0.913472378483134,1.0,0.8919160640578493,0.9360964683832071,0.7241093611976455,1.0,0.7573656827002583,0.6936507920778894,0.8829696509240182,1.0,0.8385099077377002,0.9324080930899374,0.8534383313820326,1.4142135623730951,0.8723431012223799,0.8353355611250607
relu,4,BraTS20_Training_018.npy,0.7679636959768308,3.4641016151377544,0.907532917800248,0.6656010978149256,0.6043364591660212,13.038404810405298,0.9651276966349327,0.43989254434767733,0.6705515074494246,13.892443989449804,0.950442472268776,0.5180064292025517,0.2343934026243027,11.104007013572835,0.5835776954962553,0.14664701439464248,0.7567556429315054,3.7416573867739413,0.8789757087761215,0.6643753842725705
relu,4,BraTS20_Training_020.npy,0.8994264906418016,1.4142135623730951,0.8583019632328546,0.9446902090167842,0.8370676272912424,3.1622776601683795,0.730927597697337,0.9792701729222465,0.7279475007600988,1.4142135623730951,0.8423710691037081,0.6408918803419178,0.7079168895022442,5.196152422706632,0.5576761000091293,0.9689595373855568,0.7464151669115568,4.47213595499958,0.8405006590856465,0.6712729894451823
relu,4,BraTS20_Training_024.npy,0.9069631295011702,1.0,0.9223767978162725,0.8920561439298478,0.8525512942630676,1.4142135623730951,0.7564816224048797,0.9765713437138498,0.812286876907852,1.4142135623730951,0.7001848951309985,0.967127233994416,0.6899125815834274,6.782329983125268,0.68393378639935,0.6959968277923171,0.8519741541497742,1.4142135623730951,0.9159100216896657,0.7963820376938263
relu,4,BraTS20_Training_035.npy,0.8766848671311306,1.4142135623730951,0.873665948047728,0.8797247219587447,0.8578614700634405,2.0,0.8136408893101474,0.9071649935456855,0.7899002815633651,1.0,0.941925644653398,0.6801285673997415,0.5209778755557937,7.280109889280518,0.36532197428993485,0.9077513739672602,0.7295591214443072,3.1622776601683795,0.7877385561817555,0.6793824637462463
relu,4,BraTS20_Training_041.npy,0.9488954333912623,1.0,0.9829970976169041,0.9170805155170804,0.8823378397730884,1.4142135623730951,0.8987187301501623,0.8665434062807434,0.8254893789340815,1.4142135623730951,0.9078654614476306,0.7568186768963358,0.7101294734042202,4.123105625617661,0.6082985370347115,0.8529088882074317,0.9263671477189374,1.0,0.9627801627796929,0.8926080891209301
relu,4,BraTS20_Training_042.npy,0.9576246469224963,0.0,0.9791827292330366,0.9369953782313888,0.9633011097944733,0.0,0.9621937821641009,0.9644109888203366,0.8741348236022318,1.0,0.8676310463692481,0.8807368416417175,0.937545406484068,1.0,0.9421953670985925,0.9329411173490846,0.915877062043532,1.0,0.9651618568070683,0.8713810668808135
relu,4,BraTS20_Training_048.npy,0.7367845116294645,4.47213595499958,0.598720886282458,0.9576062573395294,0.8871607183788339,1.0,0.840508521119594,0.9392960899602967,0.7584863640554079,1.0,0.6678098938372862,0.8776561437369211,0.8002699028330974,1.4142135623730951,0.8352112617238644,0.768134710050941,0.6806796541475807,5.0,0.5408099928075064,0.9181375125670854
relu,4,BraTS20_Training_053.npy,0.9587246376484663,0.0,0.9642421082295802,0.9532699505673745,0.8560329790032152,2.23606797749979,0.7672303534805408,0.9680831982738132,0.8499379011556035,1.0,0.868845218736095,0.8318359572647331,0.7100346733374555,6.164414002968976,0.5691529075175036,0.9436038501463496,0.9391170205733917,1.0,0.9619330257900995,0.9173582797826594
relu,4,BraTS20_Training_059.npy,0.8204726513916908,3.0,0.828497568937226,0.8126017026253163,0.8815599401021668,1.0,0.8832609701724023,0.8798654450751299,0.7899511486742806,1.0,0.9658702989260214,0.6682408461142807,0.4145962700730103,3.7416573867739413,0.29633739959669925,0.6899224627927013,0.7960737926090863,3.0,0.8044034385387279,0.7879148863013823
relu,4,BraTS20_Training_064.npy,0.8309915285854653,3.7416573867739413,0.8487188852634014,0.8139895698013083,0.8973524868514583,1.4142135623730951,0.8215765037577334,0.9885266880992958,0.7539798292080714,1.7320508075688772,0.6881053523964583,0.8338023332759772,0.8427133713368126,3.0,0.7735028360858494,0.9255264920387587,0.5211370261335566,10.63014581273465,0.8092303817849407,0.38431677007157283
relu,4,BraTS20_Training_067.npy,0.9602465131521329,0.0,0.9457452519409818,0.9751993993642489,0.9643504359264425,0.0,0.9811587102125668,0.9481083486127589,0.883920478400725,1.0,0.9876220907468956,0.7999270868392537,0.7782701926241267,2.8284271247461903,0.6535937244648682,0.9617241774093462,0.9328587983752763,1.0,0.9047593709722579,0.9627595576777082
relu,4,BraTS20_Training_071.npy,0.9325979924133748,1.0,0.9673269024579165,0.9002763278538364,0.5853176332067691,19.339079605813716,0.5427585460246098,0.635118934547846,0.7940757091237406,3.7416573867739413,0.6867143988172519,0.9412277822034372,0.15520783929571058,24.596747752497688,0.16432396224176044,0.1470500147543426,0.8891960130674496,1.4142135623730951,0.9359400372183844,0.8468990006294584
relu,4,BraTS20_Training_073.npy,0.9308150554054049,1.0,0.9265706774800487,0.9350984968297104,0.9493693476471413,1.0,0.9425837315006299,0.9562533703144643,0.8434545068063383,1.0,0.8486257919147719,0.8383458637861886,0.8820301777215157,1.0,0.860891684481334,0.9042328773671314,0.867929329491797,1.0,0.8653497640937479,0.8705243196709238
swish,4,BraTS20_Training_075.npy,0.9502186447408639,0.0,0.9181230053992292,0.9846395622371503,0.9593012134843985,0.0,0.9738427283498012,0.9451875800161499,0.7813797262330869,1.0,0.9335066547224949,0.6718870762982778,0.9121237857030546,1.0,0.8539551987409515,0.9787961207896563,0.8252367705787439,1.4142135623730951,0.7289253538187485,0.9508737788173699
swish,4,BraTS20_Training_087.npy,0.00015190642558411574,23.853720883753127,7.595898212079037e-05,0.9999950000249999,0.0,373.0,0.0,0.0,0.0,373.0,0.0,0.0,0.0,373.0,0.0,0.0,0.0,24.372115213907882,0.0,0.0
swish,4,BraTS20_Training_094.npy,0.9229361889953288,1.0,0.9431802631478041,0.9035428767185606,0.926829264395167,1.0,0.9221757245006216,0.9315300005787828,0.9037328049914892,1.0,0.8888888803005905,0.9190809098992916,0.9122806750795125,1.0,0.9749999390625038,0.8571428100470984,0.914518636983526,1.0,0.9359988420295173,0.8940022107545595
swish,4,BraTS20_Training_095.npy,0.9693039464552462,0.0,0.9917411917940269,0.9478594848627768,0.872021986514013,1.4142135623730951,0.831775420686747,0.9163613556073666,0.86670871928121,1.0,0.9629629624438175,0.7879482990921751,0.4728147123512425,4.69041575982343,0.3580147006824366,0.6959884626429097,0.9047859280325036,1.0,0.9554624235039831,0.8592143084178583
swish,4,BraTS20_Training_108.npy,0.937343624983406,1.0,0.9841269835769467,0.8948063823077517,0.9660159068655002,0.0,0.9656667859707665,0.9663652791243337,0.9656460038799813,0.0,0.9463283716195068,0.9857687408058847,0.34469696316861814,7.436118832728457,0.8834950598548486,0.2141176420207614,0.8824258601685774,1.0,0.9648628912888512,0.8129667040209376
swish,4,BraTS20_Training_117.npy,0.9695498590893991,0.0,0.971305705458404,0.9678003492906129,0.9679757352314272,0.0,0.9674803141988344,0.9684716631445798,0.9416478833249948,1.0,0.957327629129924,0.9264734861753662,0.9155293232837896,1.0,0.8615064183911613,0.9767807911185328,0.961605318459211,0.0,0.9637802975572668,0.9594401337350615
swish,4,BraTS20_Training_122.npy,0.9585910597645902,0.0,0.9549538605178765,0.9622560708617752,0.965912140139651,0.0,0.9513570656479432,0.9809194966728703,0.9390651072077558,1.0,0.9346441403083795,0.943528093532211,0.9581348684930185,0.0,0.9263208874148283,0.9922118328545596,0.9328158206576029,1.0,0.934802740382661,0.9308373285403566
swish,4,BraTS20_Training_123.npy,0.9581119530471317,0.0,0.966580016771019,0.9497909755466805,0.9183238338162009,1.0,0.9045958706060301,0.932474882996328,0.8959127633006236,1.0,0.9102805985667856,0.881991442675227,0.8431261231700605,1.4142135623730951,0.7739946141110097,0.9258181808562929,0.9522094363691043,0.0,0.9688639018015733,0.9361178649091005
swish,4,BraTS20_Training_124.npy,0.9779948313361239,0.0,0.9787394209812066,0.9772513736880534,0.9734859478695698,0.0,0.9575590559766681,0.9899516187788007,0.9430425715256153,1.0,0.9420934367235995,0.9439936204925198,0.9507658642025757,0.0,0.9187260470678666,0.9851211560195207,0.9513250658012311,0.0,0.9658926667687292,0.9371903532595104
swish,4,BraTS20_Training_126.npy,0.9235694891496888,1.0,0.948894736592396,0.8995609218392473,0.9257842767339621,1.0,0.9394277592636832,0.9125314143238893,0.9141759838590838,1.0,0.9136948978989011,0.9146575761297443,0.8587717014009177,3.0,0.9308988737896099,0.7970177951009674,0.8480264710606826,1.4142135623730951,0.8828740152652701,0.8158253747583116
swish,4,BraTS20_Training_127.npy,0.9683987677103202,0.0,0.9702104332665544,0.9665938551292573,0.9519755854866885,0.0,0.9319182375284305,0.9729152971554247,0.951809209743578,0.0,0.932785298303054,0.9716252502155386,0.7191780575623954,3.0,0.6730768799309692,0.7720587667603848,0.9583536933058269,0.0,0.9640740425931646,0.9527008269159215
swish,4,BraTS20_Training_128.npy,0.9152167670233682,1.0,0.9287087749304542,0.9021111611664842,0.33854311981782986,4.69041575982343,0.872034501279407,0.21004328967957872,0.6147026205589116,3.3166247903554,0.6520376124448463,0.5814115962165507,0.04799282339539623,10.44030650891055,0.9304347017013302,0.024631675818067047,0.8438570101379561,2.23606797749979,0.8006558768406595,0.8919860624160258
swish,4,BraTS20_Training_132.npy,0.9126481597211353,1.0,0.9146989825257734,0.9106065124792568,0.9212820825819145,1.0,0.8769482540223862,0.9703371557427192,0.9208711928859706,1.0,0.9490823524945495,0.8942887544810709,0.20806961984163447,17.233687939614086,0.11916628881022591,0.8193146289826382,0.8889725622163702,1.4142135623730951,0.899728666740364,0.8784705942983301
swish,4,BraTS20_Training_145.npy,0.9359780954708867,1.0,0.9381014525194719,0.9338643288772763,0.9228763157264134,1.0,0.9021887822092436,0.9445348607042071,0.8311204049202285,1.0,0.8070656158892863,0.8566531625341991,0.8346626424511047,1.4142135623730951,0.8254455522934718,0.8440878960201535,0.8855751792866854,1.0,0.9016959355942405,0.8700207206045777
swish,4,BraTS20_Training_154.npy,0.935997866716174,1.0,0.9886593115884765,0.8886627878355772,0.9566695963531268,0.0,0.9360402499660766,0.9782287325328872,0.9218795932413424,1.0,0.9205265269225577,0.9232366428278057,0.9470476989306142,1.0,0.9059903508087677,0.9920029343389571,0.7981303556481264,2.8284271247461903,0.9642666663641516,0.6808284415370852
swish,4,BraTS20_Training_161.npy,0.9551563944868258,0.0,0.930801122774871,0.9808204684231603,0.935387996469595,1.0,0.9505101259070554,0.9207395019565643,0.8785753680251457,1.0,0.9204226507178285,0.8403678015975522,0.8862659474065184,1.4142135623730951,0.8560695915960597,0.9186704371730263,0.8975182119864307,1.0,0.8530188344619436,0.9469159118911887
swish,4,BraTS20_Training_162.npy,0.9488046137416654,1.0,0.9065336354758169,0.9952105284041469,0.9620018763317858,0.0,0.9349250147726634,0.9906938897529318,0.9402850980863252,1.0,0.9090856445338219,0.9737021643076034,0.9140646969661993,1.0,0.9106066962160478,0.9175490598368643,0.9007046870491368,1.0,0.8509190137301739,0.956678127310821
swish,4,BraTS20_Training_165.npy,0.960443475943116,0.0,0.9719017998813512,0.9492521816546531,0.9240831392713154,1.0,0.8650739987316068,0.9917319780117325,0.9013566125895247,1.0,0.8295680409760173,0.9867470277424172,0.7057909910075538,5.0990195135927845,0.7552231700968112,0.6624323184872297,0.9303698407341567,1.0,0.9698266744916735,0.8939980503278097
swish,4,BraTS20_Training_173.npy,0.832854927110433,2.23606797749979,0.7149854847973517,0.997258725935668,0.6109508069512004,6.164414002968976,0.43985596644930974,0.9998855174585658,0.8258926919885187,2.449489742783178,0.8049956803879962,0.8479035553507441,0.28430004641409207,9.16515138991168,0.1657178265110887,0.9995328170999,0.8607471083120322,1.4142135623730951,0.7895209196130688,0.946098891129222
swish,4,BraTS20_Training_176.npy,0.9547077098341873,0.0,0.9159203415225106,0.996925481383541,0.7044573375994091,5.477225575051661,0.5482580036491487,0.9851188183553339,0.6522670775244133,2.23606797749979,0.9877985436453828,0.4868841964339294,0.5848985539514142,6.4031242374328485,0.41652672814242775,0.9817492161059045,0.7802468377620257,3.605551275463989,0.8602259656213675,0.7138746577705277
swish,4,BraTS20_Training_179.npy,0.9327588881877077,1.0,0.944732193505474,0.9210852779717318,0.9167763787413847,1.0,0.9775924105938304,0.8630839207568809,0.8963663026320723,1.0,0.9425169191174742,0.854524271623424,0.6151165310060629,6.164414002968976,0.8480480429546664,0.4825700598681816,0.8807021230326006,1.0,0.8346171721778946,0.9321738482043411
swish,4,BraTS20_Training_180.npy,0.76923816728963,44.14748010928823,0.9530821766863962,0.6448502953083691,0.8252073823941204,56.37375275782161,0.9748872656748316,0.7153722828459628,0.9300804559226399,1.0,0.9676465443063249,0.8953221534428769,0.4905133320350964,66.07571414672717,0.8543535948095833,0.34401078761856024,0.6904698140307948,48.76474136094644,0.8942817500502599,0.5623150022930118
swish,4,BraTS20_Training_195.npy,0.9190411861687201,1.0,0.8649058833418929,0.9804057373027378,0.8984545591518772,1.0,0.82100541351245,0.9920379780980719,0.8083266787431982,1.4142135623730951,0.6928814196124994,0.9699332578008767,0.8732864671031255,1.0,0.8920204641486218,0.8553231768178645,0.8503405094325733,1.0,0.8410103200211786,0.8598800395091192
swish,4,BraTS20_Training_204.npy,0.7651403247173784,2.23606797749979,0.6408132526673767,0.9493227084069142,0.9013913354994888,1.0,0.82212124479428,0.9975793423916363,0.8932523179448338,1.0,0.8151996254784034,0.9878342042893844,0.6868931955474127,7.338215327489176,0.6192560039550109,0.7711171452011678,0.485459374456542,3.3166247903554,0.3724527114928909,0.6969104405613797
swish,4,BraTS20_Training_208.npy,0.9503415230931648,0.0,0.94024682637317,0.9606553299368512,0.9181179984377806,1.0,0.9120693235433318,0.9242474361825628,0.8542877776897873,1.0,0.9882485068240155,0.752309456625522,0.6868261897111944,5.830951894845301,0.549663299485346,0.9152067269067938,0.9082876278536509,1.0,0.8960921057136867,0.9208196841988339
swish,4,BraTS20_Training_223.npy,0.9718000658605693,0.0,0.9946314818849488,0.9499933034681348,0.9592042536121494,0.0,0.9564859673472632,0.9619380340896884,0.9466639829347113,1.0,0.9310481340335033,0.9628125956252559,0.7923103316300887,8.831760866327848,0.9209896212251012,0.6951807207976484,0.9572109342525202,0.0,0.9867715591956243,0.9293698858861084
swish,4,BraTS20_Training_225.npy,0.9678972918466592,0.0,0.9695524936111899,0.9662477318595656,0.9406966139794339,1.0,0.8933979092465982,0.993283510492164,0.8389819162785764,1.4142135623730951,0.7301085790828922,0.9860160103481502,0.4572565792023832,4.69041575982343,0.8802607492220257,0.308843591883138,0.9059022480277018,1.0,0.9771666197697315,0.8443258970941356
swish,4,BraTS20_Training_234.npy,0.9323781408953796,1.0,0.8841671114616433,0.9861499967404898,0.9239118564118726,1.0,0.8858992569123416,0.9653328305272175,0.7791152718189354,1.4142135623730951,0.6556611633686333,0.959843767899617,0.9164811157776078,1.0,0.8919554328026214,0.9423936755143536,0.6327594843748281,2.23606797749979,0.5845956407084499,0.6895721658006818
swish,4,BraTS20_Training_235.npy,0.9601852251221712,0.0,0.9465338605062049,0.9742361250135627,0.9494063784800615,1.0,0.9403180078442821,0.9586721456218181,0.8875457699039393,1.0,0.8527622440771888,0.9252875477704138,0.937184237029192,1.0,0.9629508573092842,0.9127606063360619,0.8909116732913668,1.0,0.8723846841215701,0.9102426589132405
swish,4,BraTS20_Training_240.npy,0.8988588094525398,1.4142135623730951,0.8163749066160754,0.9998838693967104,0.6833228795241266,5.0990195135927845,0.5228775595875432,0.9858234461161153,0.5857356009634523,4.123105625617661,0.8318359029804443,0.4520081057000662,0.43217440505101384,8.06225774829855,0.2778674259522647,0.9718902158345616,0.82621645268554,2.23606797749979,0.7841697017125486,0.8730277220934963
swish,4,BraTS20_Training_243.npy,0.9488488113964578,1.0,0.9229733523711382,0.9762169488716784,0.9031699786832126,1.0,0.8610713888125227,0.9495966513315967,0.8700560346557913,1.4142135623730951,0.845670668008531,0.895889487115996,0.8422700578842759,2.23606797749979,0.7678858148655026,0.9326110489000845,0.9406529953322018,1.0,0.9177416013489299,0.9647376441572185
swish,4,BraTS20_Training_248.npy,0.949333503759273,1.0,0.9617726305816657,0.9372120323486521,0.9351851017600935,1.0,0.908216783058004,0.9638040108784987,0.8770860925700188,1.0,0.8840531336746368,0.8702280041821973,0.9124080391092072,1.0,0.8491812905319108,0.9858074410834899,0.7266187048756192,3.605551275463989,0.8233146625208468,0.6502488345642433
swish,4,BraTS20_Training_261.npy,0.9583177336628329,0.0,0.9492278278250117,0.9675834144951622,0.7838675560609354,3.1622776601683795,0.871049471817594,0.7125496299525924,0.6923560468365879,3.7416573867739413,0.5997604001309514,0.8187630080006497,0.7465939785023583,3.3166247903554,0.8484780460572329,0.6665549804108387,0.7545347476300188,5.196152422706632,0.6853975375873947,0.8391847323131875
swish,4,BraTS20_Training_262.npy,0.9042720452132825,1.0,0.9453811110152974,0.866589177197097,0.3949117766126747,36.6742416417845,0.8714233957417179,0.2553056025810136,0.0,373.0,0.0,0.0,0.3969061503094238,36.52396473549935,0.8688880824540238,0.25719646193664086,0.7482142202325897,3.3166247903554,0.700018849375393,0.8035366547722148
swish,4,BraTS20_Training_263.npy,0.8498953823769819,2.0,0.9740810088452807,0.7537941376429839,0.30663400890789827,16.583123951777,0.6556719397020907,0.200108828594675,0.0,373.0,0.0,0.0,0.15301540376683034,17.029386365926403,0.29997771272570156,0.10270105287448417,0.5902073572139779,5.744562646538029,0.575209986678273,0.6060077123580241
swish,4,BraTS20_Training_264.npy,0.9094229632324706,1.0,0.9712360609278395,0.8550071105987003,0.8707254174036535,2.0,0.9275050752851397,0.8204965658634461,0.0,373.0,0.0,0.0,0.8707498245632095,2.0,0.9275050752851397,0.8205399118703894,0.531081372474055,4.242640687119285,0.570022007911477,0.4971209208029893
swish,4,BraTS20_Training_265.npy,0.9266511014334858,1.0,0.9738120686402661,0.8838470695882984,0.9432149129193478,1.0,0.9587844996178444,0.9281429110978962,0.0,373.0,0.0,0.0,0.9428001178309858,1.0,0.957678661715505,0.9283768087974859,0.6616584800487194,2.0,0.7491821151858331,0.5924456706655546
swish,4,BraTS20_Training_275.npy,0.5234315305791172,8.774964387392123,0.3553602304451411,0.9931539940454623,0.0,373.0,0.0,0.0,1.0,0.0,1.0,1.0,0.0,373.0,0.0,0.0,0.3947044502325817,9.219544457292887,0.29884438541239927,0.5811050253051667
swish,4,BraTS20_Training_279.npy,0.9282186954933997,1.0,0.940523160130936,0.9162320214293553,0.8876606794681818,2.0,0.9157699210641486,0.861225655208974,0.0,373.0,0.0,0.0,0.9089233618068371,1.4142135623730951,0.9028478553208327,0.9150811896132328,0.5542829708629304,5.916079783099616,0.5132514815777937,0.6024449631752498
swish,4,BraTS20_Training_281.npy,0.9153654977342971,1.0,0.8791615116778041,0.9546793168155842,0.48295541112255264,28.39013913315678,0.7996055404093177,0.3459546346875524,0.0,373.0,0.0,0.0,0.5436050195614772,28.30194339616981,0.7868085493134536,0.4152505445617887,0.7433966360972345,3.605551275463989,0.621077804756436,0.9257119678307609
swish,4,BraTS20_Training_286.npy,0.9008612953299701,1.0,0.8431438404386834,0.9670615424409797,0.6083710479969704,5.0990195135927845,0.4385388386728872,0.9928833286684459,0.0,373.0,0.0,0.0,0.6019514135795992,5.0990195135927845,0.43191884534365915,0.9927750399641215,0.24383427636146562,7.0,0.6185749712209323,0.1518447614411375
swish,4,BraTS20_Training_288.npy,0.8392783864888006,2.23606797749979,0.7387953869452819,0.9713974104680204,0.7792058314503475,3.605551275463989,0.6753117205111355,0.9208796187860351,0.8865887916940444,1.0,0.8467969716151864,0.9303047223171944,0.5547475729603188,7.280109889280518,0.43354361516557344,0.7700183514246901,0.775572872798231,2.8284271247461903,0.6925703640592481,0.8811796455528998
swish,4,BraTS20_Training_291.npy,0.9606012740559294,0.0,0.927839349732761,0.9957615242288501,0.8039805677684966,3.0,0.8349568798514442,0.7752204355589956,0.15194346021301308,17.873749524520306,0.34126981418493535,0.09772727050619841,0.8003074012093109,3.0,0.8290118271346819,0.7735242260719726,0.869265842831254,1.4142135623730951,0.8171523346968181,0.9284791676304549
swish,4,BraTS20_Training_309.npy,0.8980057576237283,1.4142135623730951,0.8221286546193182,0.9893128713785386,0.7237297591972853,6.324555320336759,0.5714015043320827,0.986797113854556,0.5445274074949419,11.135438196954183,0.7565789435395802,0.42532005568898984,0.7058874619575727,7.0,0.5492363537536216,0.987553811799133,0.6694246583924612,5.830951894845301,0.7875731049991025,0.5821003770551058
swish,4,BraTS20_Training_315.npy,0.957353806360874,0.0,0.9982761640278512,0.9196543925173195,0.9132418229576713,1.0,0.9944116729523167,0.8443231026758339,0.6374999601562524,1.0,0.467889865331205,0.999999803921607,0.9117731190160244,1.0,0.9943845258069416,0.8418351943699686,0.6817202367203626,1.4142135623730951,0.6501412786624358,0.7165235437232014
swish,4,BraTS20_Training_317.npy,0.9538925943439571,0.0,0.9669808987873348,0.9411538641777615,0.7272380582255333,2.23606797749979,0.5868595159457463,0.9558897219150633,0.8234974152522472,1.0,0.7981022646333624,0.8505617953635904,0.23987240752831768,8.602325267042627,0.13900184791496542,0.874418584315847,0.8462519203484089,1.0,0.9404883004356284,0.7691804832892492
swish,4,BraTS20_Training_325.npy,0.0,373.0,0.0,0.0,0.0,373.0,0.0,0.0,0.0,373.0,0.0,0.0,0.0,373.0,0.0,0.0,0.0,373.0,0.0,0.0
swish,4,BraTS20_Training_326.npy,0.929646899479854,1.0,0.8893318129177348,0.9737906648247759,0.5090302182918552,9.899494936611665,0.3422029646210077,0.9932484309901642,0.30840233431735803,10.756372318417379,0.9514237776262665,0.18402721499428606,0.45128439512013513,11.874342087037917,0.2913926828774619,0.9999999996835043,0.0,373.0,0.0,0.0
swish,4,BraTS20_Training_331.npy,0.7763994984639273,4.69041575982343,0.9998997149905933,0.6345607982594146,0.5929718110270688,5.477225575051661,0.4352384482879584,0.9300158585844254,0.7812588180037854,1.4142135623730951,0.661251788527225,0.95448275203805,0.47235116827726104,6.164414002968976,0.33390903818778467,0.8069003872929872,0.6883187239062231,5.385164807134504,0.9916069598281455,0.527101837548511
swish,4,BraTS20_Training_333.npy,0.9698208648382388,0.0,0.9549718807725456,0.9851389201258725,0.3612395625391068,11.874342087037917,0.2208185410797228,0.992174802566612,0.254211662792428,11.789826122551595,0.1521064872678903,0.7733245678493786,0.34849009556099125,12.727922061357855,0.21327144793339048,0.9522142313423498,0.10209022555623383,25.787593916455254,0.6216463688108723,0.055611530234060604
swish,4,BraTS20_Training_337.npy,0.9748340232250341,0.0,0.9711173357224694,0.9785792691465601,0.933848133743624,1.0,0.8784873558464431,0.9966556779426076,0.9055425128293267,1.0,0.8482750704320833,0.9711020618367258,0.9165221697011339,1.0,0.8666323132680788,0.9725069647413621,0.925484467725632,1.0,0.9718183117631309,0.8833677242608949
swish,4,BraTS20_Training_338.npy,0.952918953307017,0.0,0.9618590205863168,0.9441435437235646,0.9614084752680724,0.0,0.9464981914061255,0.9767960441817541,0.9431748058434817,1.0,0.9243517376980113,0.9627804175129228,0.9340962192396811,1.0,0.9313063730175579,0.9369028297957438,0.9171007705968783,1.0,0.9452495541209966,0.890580002918888
swish,4,BraTS20_Training_343.npy,0.9476661493344414,1.0,0.953259332102303,0.942138218863241,0.9380238199468949,1.0,0.9036955916209778,0.9750630476385618,0.9021048601757206,1.0,0.888463393773832,0.916171760543462,0.9024524818009375,2.8284271247461903,0.8464860617316322,0.9663434109011722,0.882260744624008,1.0,0.9123373806469712,0.8541038678100757
swish,4,BraTS20_Training_344.npy,0.9015176929388014,1.0,0.8519688033920526,0.957185803502474,0.45491037699021886,13.152946437965905,0.2944535911224256,0.9996506532757194,0.6333888799928883,12.884098726725126,0.46517578942459303,0.9921689582530401,0.22108871960775256,14.730919862656235,0.12653139344704117,0.8749172675386018,0.8982006925276514,1.0,0.9363166662285941,0.8630666127543255
swish,4,BraTS20_Training_347.npy,0.9701107141164926,0.0,0.982887451306925,0.9576618886326395,0.9683444809406737,0.0,0.9654282287067305,0.9712784043990482,0.9538549258840355,0.0,0.9412426650023139,0.9668097750302139,0.9248415710235478,1.0,0.9527353427957497,0.898534662112382,0.9613100035365814,0.0,0.9803725669975374,0.942974613370437
swish,4,BraTS20_Training_350.npy,0.9758419551607427,0.0,0.9841403693145977,0.967682317585646,0.9790277151434944,0.0,0.9731282390830863,0.9849991570485,0.9609405440428699,0.0,0.9499508538240972,0.9721874827436823,0.9500047429323571,0.0,0.9628846144587648,0.9374648933369548,0.9623661653712067,0.0,0.9838834525566393,0.941769891150207
swish,4,BraTS20_Training_367.npy,0.9726802976334182,0.0,0.9810075553373334,0.9644932213543655,0.9629247712765584,0.0,0.9573159361801883,0.9685997166578973,0.9528825400902058,0.0,0.9518066100637412,0.9539609048590736,0.8798718609720452,1.0,0.8340080929453032,0.9310734410673817,0.9682819030374037,0.0,0.9795955528037555,0.9572265990888557
swish,4,BraTS20_Training_369.npy,0.9708297663732294,0.0,0.9690488363267129,0.972617254456996,0.9530426933378169,0.0,0.9717563427682343,0.9350361841682133,0.9378052150398731,1.0,0.9594193333271859,0.9171435005818555,0.9359905986195671,1.0,0.9477876531411008,0.9244836076726911,0.9426897153606472,1.0,0.9323541119245712,0.9532570379370422
swish,4,BraTS20_Training_011.npy,0.9195539193626792,1.0,0.9620888870290206,0.8806207443264402,0.9159495118971364,1.0,0.9230991607178384,0.9089097628722747,0.7758937686238381,1.4142135623730951,0.9866643557556904,0.6393221853447175,0.4647729088994176,5.0990195135927845,0.3145774488060451,0.8894348839715303,0.8993949907803511,1.0,0.9494235598512706,0.8543748809655429
swish,4,BraTS20_Training_013.npy,0.9041359270564452,1.0,0.9031701156902026,0.9051038060326332,0.8958912118380278,1.0,0.84306845487233,0.9557756797786634,0.6833352707485344,1.7320508075688772,0.727407772400575,0.6442982442011004,0.8681558880054615,1.4142135623730951,0.7757240846267873,0.9855949630969677,0.8356867974739453,1.4142135623730951,0.8569047915806487,0.815494179713488
swish,4,BraTS20_Training_018.npy,0.7435238476070704,5.0990195135927845,0.8681910497550965,0.6501640575825135,0.6759964558441162,12.12435565298214,0.9371316260455225,0.5286783027745129,0.7137614662528408,12.806248474865697,0.9179940948790909,0.5838649133813699,0.32062256559826796,9.889367509648551,0.604105554131802,0.21822033667139473,0.7312497413714423,5.477225575051661,0.8460691633729641,0.6438705446220208
swish,4,BraTS20_Training_020.npy,0.9062819860262089,1.0,0.8768633809650279,0.9377430942067545,0.8379122224097243,3.0,0.7293078607768507,0.9845215488826145,0.7193950919702192,1.4142135623730951,0.857522025709617,0.6195930107022178,0.6957219749083889,5.0990195135927845,0.5382363377685596,0.9834856434553533,0.7305205799394667,5.916079783099616,0.8571712390309802,0.6364782403759836
swish,4,BraTS20_Training_024.npy,0.8953561695777675,1.0,0.9374322092740589,0.8568949908551496,0.8693664827909422,1.4142135623730951,0.7759264904773805,0.9883924230265214,0.8340661127845448,1.4142135623730951,0.7284881236768178,0.9754332501901649,0.7123947044600936,5.744562646538029,0.6917234650599349,0.7343394650933648,0.8340902487243994,1.4142135623730951,0.9309632712774843,0.7554776874940475
swish,4,BraTS20_Training_035.npy,0.8650214132895551,2.0,0.8773855211506512,0.8530009326910641,0.8567062671254405,2.0,0.8257135743391733,0.8901162788707253,0.784860964435373,1.0,0.9504575051725095,0.6684057969077084,0.5203418601766838,7.280109889280518,0.3712102228467342,0.8697651654894666,0.6998941625498829,4.47213595499958,0.7709857939550202,0.6408062253970582
swish,4,BraTS20_Training_041.npy,0.9454770586631555,1.0,0.9837191192774518,0.9100970541971608,0.8594299459284518,1.4142135623730951,0.8094657013776121,0.9159680432824066,0.8094224486948898,2.0,0.7464991483490392,0.8839299536898653,0.6985900496161346,4.358898943540674,0.6852818353724378,0.7124253914475708,0.9186421209744885,1.0,0.9733612790349614,0.8697477721084809
swish,4,BraTS20_Training_042.npy,0.9536895023181032,0.0,0.9769278885996817,0.9315309815467213,0.9573430520818562,0.0,0.9528188619938133,0.9619104105624698,0.8620930772376937,1.0,0.8629646907953727,0.8612232221560472,0.9429421787939909,1.0,0.933232627928886,0.9528558938086187,0.9075157371228594,1.0,0.9645536254090175,0.8568469709861177
swish,4,BraTS20_Training_048.npy,0.7236614482789095,4.69041575982343,0.5794315809092542,0.9634895353938299,0.8963331810829438,1.0,0.8581334849519402,0.9380922269801256,0.800918834096685,1.0,0.7687408095603097,0.835908359957867,0.8261351021552783,2.0,0.7880281634645904,0.8681148109533374,0.6632998306639217,5.0990195135927845,0.5171464037096957,0.9246081280866916
swish,4,BraTS20_Training_053.npy,0.9576946159233405,0.0,0.968714416955763,0.9469227106599177,0.8545792405482932,2.23606797749979,0.7624461177763033,0.9720393737713392,0.8470271719951428,1.0,0.8689556183826942,0.8261782294256553,0.6999214038774318,6.164414002968976,0.5541358993162401,0.9498009087744583,0.9361999867472528,1.0,0.9658873069207229,0.9082831756265344
swish,4,BraTS20_Training_059.npy,0.8171821433061984,3.3166247903554,0.8415386986489934,0.7941958268236552,0.872651354716463,1.0,0.8065605363889988,0.9505400741868103,0.8259541953207854,1.0,0.9232081832490769,0.7472375639002931,0.4224422407389254,4.47213595499958,0.2841287426844757,0.8231510989340484,0.7942037173718534,3.7416573867739413,0.8251625075172311,0.765483971068517
swish,4,BraTS20_Training_064.npy,0.8330963688561628,4.242640687119285,0.8622762614556931,0.8058267577510483,0.9032727667904795,1.4142135623730951,0.8308117779991726,0.9895811594888089,0.7626510457028383,1.4142135623730951,0.7042480881607907,0.8316166139951787,0.844905794074398,3.0,0.7746911502489425,0.929116919186534,0.5066516038825399,32.526911934581186,0.8177816896266463,0.36701752395320775
swish,4,BraTS20_Training_067.npy,0.9591083200913821,0.0,0.9478928736317654,0.9705923460924354,0.966581632516074,0.0,0.982426319903654,0.9512399227450584,0.8882587647320885,1.0,0.9869919426623793,0.8074826922936064,0.7940718361287243,2.8284271247461903,0.6732831753855586,0.9676751398048141,0.932682341325304,1.0,0.9096810235827395,0.9568770111995415
swish,4,BraTS20_Training_071.npy,0.9301255454938706,1.0,0.9695768067873494,0.8937592370167828,0.6866816724196552,10.816653826391969,0.5839534128200402,0.8332692153317925,0.8068803749220989,3.1622776601683795,0.6978520280844455,0.9562847476765673,0.2638775507511454,19.1049731745428,0.21636546148533223,0.33812761417853654,0.8917444223032174,1.4142135623730951,0.9534416911534371,0.8375467236704346
swish,4,BraTS20_Training_073.npy,0.923586677947784,1.0,0.9110042900983839,0.9365214979595156,0.9489963801044013,1.0,0.9369720592256058,0.9613333327507071,0.8186827069611875,1.0,0.856025369073969,0.7844618804761583,0.8469881277685856,1.0,0.7737314221800357,0.9355674260392304,0.8566071033060138,1.0,0.8444363896903094,0.8691337756960629
prelu,4,BraTS20_Training_075.npy,0.9463228875369343,1.0,0.909043049686894,0.9867911744197254,0.9560756870199038,0.0,0.9715212812858985,0.9411135260875176,0.7829843561031307,1.0,0.9193489131829912,0.6818477143164655,0.9154964696635414,1.0,0.8666898581338207,0.9701280819711393,0.8134119890275707,2.0,0.7047940796910035,0.9616083007160314
prelu,4,BraTS20_Training_087.npy,0.0966494379236457,18.894443627691185,0.05077857954774836,0.9999999925205685,0.012064343147366832,16.67781813121836,0.006076154461144809,0.8333331790123742,0.1781737154081578,10.401816078461767,0.09852216506103043,0.9302323418064321,0.0005705320202959178,22.22611077089287,0.0002857142853061225,0.1818180165290759,0.0035631216887399802,20.273134932713294,0.0019023462260080606,0.028059235946537524
prelu,4,BraTS20_Training_094.npy,0.9062326354634578,1.0,0.8924711565085179,0.9204251512390419,0.9171974485780355,1.0,0.9640167283345881,0.8747152553172722,0.8943694700122407,1.0,0.9285024064878995,0.8626570838181591,0.8539944668321084,1.0,0.9687499394531288,0.7635467604164158,0.8954277283934543,1.0,0.878412269278281,0.9131154111535569
prelu,4,BraTS20_Training_095.npy,0.970806564960566,0.0,0.964767558306533,0.9769216506165362,0.8419669187008002,2.23606797749979,0.7869255195677015,0.9052871024659519,0.8886969332870869,1.0,0.9429079729673255,0.8403805492790791,0.4893404539579956,6.164414002968976,0.37999865103513475,0.6870275534174256,0.8953167468947247,1.0,0.9148600652202216,0.8765909368149148
prelu,4,BraTS20_Training_108.npy,0.9445635854212514,1.0,0.9846858925862476,0.9075829379210886,0.9703523254884723,0.0,0.9837368979836925,0.957327079768667,0.9672191522607617,0.0,0.960966088117875,0.9735541263302594,0.34750461464871324,4.58257569495584,0.9126212706192941,0.2146118672463044,0.8978654809271404,1.0,0.9582942331787152,0.8446057702218289
prelu,4,BraTS20_Training_117.npy,0.9638351664071286,0.0,0.9538741135800196,0.974006455785621,0.925525657651255,1.0,0.9912598417391655,0.8679674566547384,0.9209762591365068,1.0,0.9857419279094186,0.8641964277998246,0.7815683091648047,5.830951894845301,0.8389448079175813,0.7315375280522471,0.9500270695768482,0.0,0.9252070787472556,0.9762154315929669
prelu,4,BraTS20_Training_122.npy,0.9644691266677208,0.0,0.980512384057484,0.9489424201240056,0.9625419779879946,0.0,0.9850193849400434,0.9410675181999201,0.9298680933396003,1.0,0.9858764857771352,0.8798813621357356,0.9534883696827897,0.0,0.914202613115838,0.9963021606111877,0.9440102376964166,1.0,0.9563808103756429,0.9319555988340803
prelu,4,BraTS20_Training_123.npy,0.9399912921712436,1.0,0.9169260058640996,0.9642469370825988,0.8717184880524013,1.4142135623730951,0.8355205356810013,0.9111949456836447,0.8778409089127758,1.0,0.8682911160257352,0.8876031019378706,0.7476025893259979,3.605551275463989,0.6669851466455441,0.8503875959574888,0.9432008341118894,1.0,0.925884502758522,0.9611772266377947
prelu,4,BraTS20_Training_124.npy,0.9738056463924889,0.0,0.9838492597016306,0.9639650210396467,0.9745630838634254,0.0,0.9756700057131208,0.9734586707075055,0.9398810534194414,1.0,0.9709765001004174,0.9107154615901483,0.9458275133588273,1.0,0.9127791724824159,0.9813588698868009,0.9475576647593126,1.0,0.9647216448148285,0.930993759004409
prelu,4,BraTS20_Training_126.npy,0.9412460313190084,1.0,0.9635263155359141,0.919972863408635,0.9257760435879089,1.0,0.9690543826252768,0.8861980974779874,0.921321864819278,1.0,0.9450222876764349,0.8987811335460277,0.8243974411898704,4.123105625617661,0.9415730310629971,0.7331583536020159,0.8752874190092829,1.0,0.8742344702131264,0.8763429067768347
prelu,4,BraTS20_Training_127.npy,0.960947409386166,0.0,0.9388479776604828,0.9841123127116204,0.9623410882207235,0.0,0.9462264136065622,0.9790141516528158,0.9592999249077026,0.0,0.9364925839192576,0.9832458944267289,0.6142131823803761,2.449489742783178,0.7756409759204502,0.508403339983053,0.9487227457798485,1.0,0.9258447793809598,0.9727600044349072
prelu,4,BraTS20_Training_128.npy,0.9016815322559318,1.0,0.8982927395122092,0.9050959898711043,0.6451918491464147,2.23606797749979,0.4895758411964354,0.9458333201967595,0.6457260522877134,2.23606797749979,0.4913793064938926,0.9414414273056844,0.30769228948566335,14.19069263796581,0.22608693686200548,0.48148139231826065,0.8882753208575452,1.0,0.8938450791322244,0.8827745454079126
prelu,4,BraTS20_Training_132.npy,0.9160210563075882,1.0,0.9123976846194,0.91967332140826,0.9267714794436537,1.0,0.8992362839388887,0.9560462318422278,0.9121639722889693,1.0,0.9612705877829315,0.867830741410557,0.21136590187165324,13.152946437965905,0.1200724963296953,0.8818635460588429,0.8918505321482249,1.4142135623730951,0.8928157677439091,0.8908873812902405
prelu,4,BraTS20_Training_145.npy,0.9354383371033921,1.0,0.9416507091266327,0.929307397755205,0.9164099904064514,1.0,0.9342743436965942,0.8992159911128086,0.8244376034041113,1.4142135623730951,0.8517884225415724,0.7987886014780945,0.8251113391464923,1.4142135623730951,0.8215229804540608,0.8287311820828119,0.8830677990769394,1.0,0.8816056194919004,0.8845348367127396
prelu,4,BraTS20_Training_154.npy,0.8952702702274296,1.4142135623730951,0.9942499414371692,0.8142135955423262,0.9588451350389426,0.0,0.9630451204830263,0.9546816239156922,0.888354658470534,1.0,0.8677811077873556,0.9099274232406923,0.9383867831327524,1.0,0.9705172872653052,0.9083155647471731,0.7145901033562367,4.0,0.9416784310771205,0.575747113097835
prelu,4,BraTS20_Training_161.npy,0.9534784946858945,0.0,0.9390930892336264,0.968311478995416,0.945063084628759,1.0,0.9714227699246624,0.9200961534037999,0.8875854564606955,1.0,0.943123657798313,0.8382245041539073,0.8898827668971453,1.0,0.8654277041446847,0.9157601102988004,0.9014514895490524,1.0,0.8654579590255652,0.9405688046994743
prelu,4,BraTS20_Training_162.npy,0.9422854752140126,1.0,0.8973245193052547,0.9919896829432683,0.968089615383822,0.0,0.9590881821333921,0.9772616134529922,0.9452496209782897,1.0,0.9300191091174882,0.9609872846788369,0.9082945518010577,1.0,0.9298024366963676,0.887759196136777,0.8924146445909275,1.0,0.8274261337388767,0.9684821115390931
prelu,4,BraTS20_Training_165.npy,0.9631137861342791,0.0,0.9665795181240158,0.9596728184842063,0.9426547322078973,1.0,0.8980041567380351,0.9919778697117626,0.9209058971640771,1.0,0.8622938885075182,0.9880669785757147,0.7107096204715829,5.0990195135927845,0.775166189992483,0.6561495163662591,0.9379901755443013,1.0,0.9605913809673802,0.9164280634796568
prelu,4,BraTS20_Training_173.npy,0.8716613861603184,1.4142135623730951,0.7749514285775941,0.9959509485388756,0.760728542795545,3.1622776601683795,0.6142069346022191,0.9990579557652844,0.8335945482679405,1.4142135623730951,0.8805787497260447,0.7913701638042631,0.5148657195598177,5.830951894845301,0.3467332789796161,0.9995534207887089,0.8725398908748221,1.4142135623730951,0.8059639299963712,0.9511051150566608
prelu,4,BraTS20_Training_176.npy,0.9550156669951737,0.0,0.9170728941430418,0.996233618189855,0.8241349864912223,2.449489742783178,0.7332434513068731,0.9407484690313971,0.741641937941007,1.4142135623730951,0.9732606412947542,0.5990731853642167,0.7674530044541337,3.605551275463989,0.653675715865828,0.9291847624807927,0.8275236382318282,2.0,0.840792233130236,0.8146673220559378
prelu,4,BraTS20_Training_179.npy,0.9221182444017325,1.0,0.9514236099291302,0.8945642381355472,0.8882801274882167,1.4142135623730951,0.9944117323644063,0.8026182616495888,0.8673043903712347,1.4142135623730951,0.9592506922073014,0.7914428421469599,0.6302718890381677,7.681145747868608,0.8840840787742699,0.4896872904534687,0.8585684541498728,1.4142135623730951,0.7941430371226034,0.9343698722812838
prelu,4,BraTS20_Training_180.npy,0.7870229027213489,43.41658669218482,0.9522543257748713,0.6706537102177274,0.8604217808044844,53.254577228755565,0.9794982532893619,0.7671591304017152,0.9311019708466918,1.0,0.9681393979287207,0.8967939559523447,0.587844254389561,64.10148204214939,0.8995956016052095,0.43655709541378723,0.6877531956164663,49.20365840057018,0.8801347801298084,0.5643881319804275
prelu,4,BraTS20_Training_195.npy,0.8719906693288157,1.7320508075688772,0.7810190202461773,0.9869486161580739,0.8344847333581836,2.449489742783178,0.7212064962966105,0.9899783426090372,0.7192168365957498,3.605551275463989,0.5670317217867109,0.9830591693403231,0.8436651680638756,1.7320508075688772,0.850821289964257,0.8366284193851471,0.8627249354862253,1.0,0.8203150457249783,0.9097590355965307
prelu,4,BraTS20_Training_204.npy,0.772918146917463,2.23606797749979,0.6435025814094758,0.9674915081938449,0.913250714422515,1.0,0.8493849043008036,0.9875016093447989,0.8890455734318021,1.0,0.8095960765706327,0.9857853575184288,0.5883347372076523,4.58257569495584,0.7614879483263032,0.4793388363727433,0.5072668262260005,4.0,0.37569233945480995,0.7806731796293742
prelu,4,BraTS20_Training_208.npy,0.9444749464253982,1.0,0.9526307461416557,0.9364576104342768,0.9073219282154371,1.0,0.9333323439871009,0.8827219398688256,0.8440141094145481,1.0,0.9766065849513486,0.7431215606254957,0.714602178195569,4.47213595499958,0.6266187514158836,0.831328923274921,0.8950103194964162,1.0,0.8902735937677677,0.8997977185056412
prelu,4,BraTS20_Training_223.npy,0.9751982364039351,0.0,0.9895434088093413,0.9612630376627276,0.9600892263579777,0.0,0.9705335646248792,0.9498672867048797,0.9476718181603684,1.0,0.9437168021696029,0.9516601234441213,0.7767185135027287,9.055385138137417,0.9265762133815793,0.6685862347578858,0.9619583974812083,0.0,0.9771431013743945,0.947238409364686
prelu,4,BraTS20_Training_225.npy,0.9691178136109936,0.0,0.968066120413301,0.9701717943327868,0.9471111309286783,1.0,0.9132877738593673,0.9835361155828218,0.8386249459001637,1.4142135623730951,0.7320098792364965,0.9815907215010384,0.4358433155791115,5.830951894845301,0.9091948754469409,0.28662075917128,0.9123252395379204,1.0,0.9580962827565762,0.8707280314316336
prelu,4,BraTS20_Training_234.npy,0.9301255130536277,1.0,0.8719527694608434,0.9966151677528191,0.8800012131367305,2.0,0.7925772143800465,0.9891026441156434,0.7044395647702889,15.066519173319364,0.5483575116321848,0.9847282512580802,0.8664947474872738,2.0,0.7933967084950019,0.9544291966757132,0.5913252813119766,3.0,0.6046242530075266,0.5785987516451381
prelu,4,BraTS20_Training_235.npy,0.9587010742960598,0.0,0.9359727713631327,0.982560675032574,0.9556559289668441,0.0,0.945834471841625,0.9656834964327154,0.8851204381789156,1.0,0.8439593189879002,0.9305023881346756,0.9259689237653621,1.0,0.9584326691997168,0.8956323324357907,0.8742814548485667,1.0,0.8369252351260279,0.915128272822649
prelu,4,BraTS20_Training_240.npy,0.8934889515148682,1.4142135623730951,0.8075213634215022,0.9999412946710348,0.7578547552783569,4.123105625617661,0.665022397433601,0.8808094360500037,0.5257469800139082,5.385164807134504,0.8411595171365325,0.3823688060550445,0.5206203134541963,6.164414002968976,0.38664768220640794,0.7966621026164273,0.8199247491296019,2.449489742783178,0.7471922097539514,0.9083439855399003
prelu,4,BraTS20_Training_243.npy,0.9372241257710553,1.0,0.9019922670298882,0.9753201758748631,0.8917319503771256,1.0,0.8702012975084142,0.9143550618849081,0.8555607546187955,1.4142135623730951,0.872227080486422,0.8395193993728328,0.8185328177011453,2.8284271247461903,0.718644066514462,0.9506726434961703,0.9258300768214319,1.0,0.8891512364119837,0.9656652359646156
prelu,4,BraTS20_Training_248.npy,0.9552896403149719,0.0,0.9690009843814444,0.9419609125897898,0.9326826825993241,1.0,0.9122027970433212,0.9541032765955779,0.8858160757290728,1.0,0.9086843331858072,0.8640705827337997,0.9052502130421781,1.4142135623730951,0.8378001318607092,0.9845118421914182,0.7281305901770727,4.358898943540674,0.8142128421613258,0.6585099495799588
prelu,4,BraTS20_Training_261.npy,0.9565793599164577,0.0,0.9427958069922867,0.970771919958134,0.7591613137433445,3.605551275463989,0.79669915944599,0.7250016203482502,0.5291400919806905,11.445523142259598,0.39305162231207624,0.80937429735507,0.722894193095565,3.7416573867739413,0.7814828947672754,0.6724777375772685,0.7506017676074233,4.123105625617661,0.7071682800346804,0.7997196575751389
prelu,4,BraTS20_Training_262.npy,0.898685512949294,1.0,0.9166862347693786,0.8813781268428642,0.42535431683099106,32.77117619094642,0.8859109002428271,0.27986270006872843,0.0,373.0,0.0,0.0,0.427796728580514,32.69556544854363,0.8857298064365632,0.2819995385827955,0.7538181986904143,3.1622776601683795,0.6931130797174095,0.8261775397634344
prelu,4,BraTS20_Training_263.npy,0.8508562353036729,2.0,0.9768732955629338,0.7536367781555992,0.5133466492524544,8.602325267042627,0.6300423431467744,0.43312394601942095,0.0,373.0,0.0,0.0,0.1286041188459907,9.16515138991168,0.12525072403554552,0.13214201708877965,0.7335993885142906,3.3166247903554,0.8322031282915145,0.6558865504673752
prelu,4,BraTS20_Training_264.npy,0.9011327958394747,1.0,0.9669805741097046,0.843681242834268,0.852712754087532,2.23606797749979,0.9310283047109589,0.7865502972522701,1.0,0.0,1.0,1.0,0.852712754087532,2.23606797749979,0.9310283047109589,0.7865502972522701,0.46605955613941585,4.47213595499958,0.4831460668560801,0.4501402973773578
prelu,4,BraTS20_Training_265.npy,0.9182090723727594,1.0,0.984614387817087,0.86019497136831,0.9155826182171345,1.0,0.9145279452346384,0.9166397263851106,0.0,373.0,0.0,0.0,0.9156003737218216,1.0,0.9141132560212613,0.9170923377055142,0.6213384085621976,2.23606797749979,0.7743184292397391,0.5188338020098521
prelu,4,BraTS20_Training_275.npy,0.46881767462128016,9.055385138137417,0.30881844371503786,0.9728551965748024,0.0,373.0,0.0,0.0,1.0,0.0,1.0,1.0,0.0,373.0,0.0,0.0,0.3697024858155462,9.219544457292887,0.26918775617396856,0.5900136172582718
prelu,4,BraTS20_Training_279.npy,0.8933327507856634,2.0,0.8293792726473368,0.9679732148171888,0.8594727803287374,2.8284271247461903,0.7910858285222152,0.9408022599070931,0.0,373.0,0.0,0.0,0.863335706702186,2.449489742783178,0.7850311218366809,0.9589924289312294,0.5505093656368694,8.306623862918075,0.5319220996901262,0.5704426785151225
prelu,4,BraTS20_Training_281.npy,0.899879618519124,1.4142135623730951,0.8333857562657088,0.9779042681524635,0.6561312573011688,16.822603841260722,0.7722227315052643,0.5703831688280031,0.0,373.0,0.0,0.0,0.6631254688473746,16.792855623746664,0.7701587006833508,0.5822122050685811,0.7950971582240491,2.23606797749979,0.7004906608913957,0.9192485416776598
prelu,4,BraTS20_Training_286.npy,0.8805764493956367,1.4142135623730951,0.8183726589896831,0.9530142272756983,0.7196843221369905,4.0,0.5646044670359553,0.9922162696750785,0.0,373.0,0.0,0.0,0.7155907427784437,4.0,0.5596037526505674,0.9921472591470513,0.31767614310641346,6.782329983125268,0.6377171193274827,0.2115226334961521
prelu,4,BraTS20_Training_288.npy,0.8595100011199913,1.7320508075688772,0.7772456050120079,0.9612495448292051,0.8007380669762332,4.123105625617661,0.6853976168785265,0.9627525003064055,0.8923472967200012,1.0,0.8615975591110623,0.9253731337669135,0.5810355445555869,7.3484692283495345,0.43604524666301653,0.870480945749125,0.8300159397242522,1.4142135623730951,0.7880277315842229,0.8767304645627484
prelu,4,BraTS20_Training_291.npy,0.9477551570487741,1.0,0.9017836279670955,0.998665577429554,0.8232969114260622,3.0,0.879997206647813,0.7734609954008683,0.18947367423822767,4.358898943540674,0.14285713151927526,0.28124995605469433,0.822907805991714,3.0,0.8801525647560794,0.7726546659745877,0.8528429691956638,1.4142135623730951,0.7758555356982592,0.9467923011479346
prelu,4,BraTS20_Training_309.npy,0.8946924608068308,1.4142135623730951,0.8168830504487271,0.9888853652678197,0.6862346048975786,6.082762530298219,0.5254741468647118,0.9887167784908082,0.4475748352047786,14.317821063276353,0.7074898749620958,0.32732381098730085,0.6600391217756648,6.4031242374328485,0.4951535980676996,0.9895620295215971,0.6270077813611019,6.324555320336759,0.7638065704824338,0.5317675027966651
prelu,4,BraTS20_Training_315.npy,0.961624010901593,0.0,0.9978963358271792,0.9278961092893131,0.931258778837113,1.0,0.9556482011107251,0.9080832767582252,0.6946107368496565,1.0,0.5321100429256841,0.9999998275862366,0.9299037041446379,1.0,0.9554327475909472,0.9057034216705943,0.7700634109737617,1.0,0.8162513906873436,0.7288226294122151
prelu,4,BraTS20_Training_317.npy,0.9479325800926813,1.0,0.9340605098790482,0.9622228996531306,0.6784825244663123,2.449489742783178,0.524234496808379,0.96134311241156,0.8256311814179371,1.4142135623730951,0.7369530818741352,0.9385699867788855,0.23425076380963067,8.06225774829855,0.14158964827508447,0.6778760941968833,0.8293515355586725,1.4142135623730951,0.9005231791160273,0.7686058045344791
prelu,4,BraTS20_Training_325.npy,0.36958897582818295,9.486832980505138,0.22766654945107917,0.981327274838942,0.0,373.0,0.0,0.0,0.0,373.0,0.0,0.0,0.0,373.0,0.0,0.0,0.21283005474673927,9.539392014169456,0.16400382334561817,0.3030532417283542
prelu,4,BraTS20_Training_326.npy,0.9311308571090028,1.0,0.8813318129184645,0.9868946566372593,0.3829856223510479,12.206555615733702,0.23703534775488844,0.9966630864541796,0.2563172801628133,13.856406460551018,0.9472361729712213,0.14821124341736175,0.2907024402318319,15.684387141358123,0.17007128956017456,0.9999999994577301,0.0,373.0,0.0,0.0
prelu,4,BraTS20_Training_331.npy,0.853867407982472,1.7320508075688772,0.9979140757756199,0.746160767734529,0.5973811799210458,8.48528137423857,0.8402300975689088,0.4634358525851104,0.7515570916919099,3.3166247903554,0.7783086441552381,0.7265834044309393,0.5259390392064582,8.65156472222404,0.7867587785990112,0.3949939300566542,0.6660944802577048,3.605551275463989,0.7347748206922274,0.6091559005050688
prelu,4,BraTS20_Training_333.npy,0.968234121790306,0.0,0.9522067772529847,0.9848102409197255,0.42381272728867636,10.677078252031311,0.2700716725654718,0.9839181997696523,0.522992347876835,18.16590212458495,0.45489790584789624,0.6150620293289148,0.38523361629430775,11.180339887498949,0.24059003050182337,0.9659906393515839,0.10619142970715327,24.61706725018234,0.6069956958089958,0.058185361053095755
prelu,4,BraTS20_Training_337.npy,0.9783228365163723,0.0,0.9774042949499528,0.979243106052527,0.9574368922582793,0.0,0.9299896824942644,0.9865534954240442,0.9243574243625061,1.0,0.8919911264086319,0.9591610113266869,0.947179560559978,1.0,0.927390265176657,0.9678318254862714,0.941018178825046,1.0,0.9654784545134715,0.9177666749124659
prelu,4,BraTS20_Training_338.npy,0.9467252728311335,1.0,0.9691318791731092,0.9253313472543803,0.9617276335213956,0.0,0.9521505627394192,0.9714993208768273,0.942339519281689,1.0,0.9061664472040558,0.981520639656725,0.8959473035346802,1.0,0.9587240899834394,0.8408864667884495,0.9050263673537675,1.0,0.9525022453913232,0.8620585058224367
prelu,4,BraTS20_Training_343.npy,0.9491220788756752,1.0,0.9465392611867647,0.9517190305171039,0.9451955030557926,1.0,0.9227864858497268,0.9687199723801098,0.914377015751646,1.0,0.9231998549863707,0.9057212161561586,0.9046539536881767,2.0,0.8474854549568172,0.9700931520795502,0.8868590052380186,1.0,0.8967909799548145,0.8771446142475404
prelu,4,BraTS20_Training_344.npy,0.9093747323587748,1.0,0.8754295858378759,0.9460585460823843,0.5305029784592026,12.041594578792296,0.3619571926518022,0.9928027081670863,0.676697193867788,11.916375287812984,0.5179127720094429,0.9758909832790545,0.3133813849002026,12.449899597988733,0.19142419583516063,0.8635578546478503,0.9116926440402158,1.0,0.9612750128811869,0.8669742872306586
prelu,4,BraTS20_Training_347.npy,0.9696446198980379,0.0,0.9856469617623553,0.9541535845414357,0.9578601537740049,0.0,0.9810700344239359,0.9357230784525109,0.9479088453605168,1.0,0.9386705245001726,0.9573308189706395,0.860184119182863,1.7320508075688772,0.9759759747016896,0.7689538105452589,0.9577730213501293,0.0,0.9705335574759356,0.945343680593084
prelu,4,BraTS20_Training_350.npy,0.9819597885662058,0.0,0.990185519985554,0.9738695977043348,0.9804747595761985,0.0,0.988260516414824,0.9728107197941214,0.964106593208393,0.0,0.9779241821911313,0.9506740351865414,0.9527436042995784,0.0,0.9382692298670489,0.9676715579455856,0.9704285207403269,0.0,0.978961157338991,0.9620433398423913
prelu,4,BraTS20_Training_367.npy,0.9673136357618448,0.0,0.975546708033717,0.9592183655506159,0.9487946345503002,1.0,0.9756756752210272,0.9233550886737718,0.9375301922306755,1.0,0.9462636004176435,0.9289565168897281,0.7783558776725165,9.0,0.9463562705143913,0.6610109555991128,0.9623742028588366,0.0,0.9664242141236381,0.9583579947475138
prelu,4,BraTS20_Training_369.npy,0.9682565816715164,0.0,0.9604802211289516,0.9761598898699423,0.9570157285643571,0.0,0.9649651712922321,0.9491961915172161,0.9231045977834282,1.0,0.9069849646729072,0.9398075793759015,0.9131260436742109,1.0,0.9692068575602473,0.8631802055267842,0.9409081256998312,1.0,0.9268147867645339,0.9554366952796814
prelu,4,BraTS20_Training_011.npy,0.9211483513156017,1.0,0.9586527204322295,0.8864679898590289,0.9228317553975122,1.0,0.9207863535503649,0.9248862637451493,0.7762932505815051,1.4142135623730951,0.9811222705557288,0.6422174349368355,0.4541141821460589,5.385164807134504,0.30154247164557363,0.9192052919257928,0.9009013032711727,1.0,0.9470050949900196,0.8590781288107953
prelu,4,BraTS20_Training_013.npy,0.914112532943168,1.0,0.8917326655966393,0.9376446560159644,0.9034892882053847,1.0,0.8675610589146467,0.9425218619160461,0.7085089409858653,1.4142135623730951,0.7699925705125215,0.6561181420757002,0.8737914811216141,1.4142135623730951,0.7964939016801696,0.9677045943191289,0.8530282421228853,1.4142135623730951,0.8381021252552817,0.8684956499076291
prelu,4,BraTS20_Training_018.npy,0.818397003044377,2.23606797749979,0.9073503569276486,0.7453277596218479,0.8494481217451477,1.0,0.9449901721758832,0.7714514804673156,0.8192267481211422,1.0,0.9250737408550221,0.7351148582507507,0.5811965729174278,9.69277426714067,0.5982404516645029,0.5650969372549325,0.8125175413099897,2.23606797749979,0.9006820627256953,0.740074331752291
prelu,4,BraTS20_Training_020.npy,0.9001545914615543,1.4142135623730951,0.8565413794604424,0.9484474598270821,0.8375940802767855,3.1622776601683795,0.7319335395742705,0.9789072831464738,0.7303939340242455,1.4142135623730951,0.8540199797788108,0.6380335993836316,0.7068105725128336,5.385164807134504,0.5548372071776484,0.9734425462131906,0.7520570887034429,4.898979485566356,0.8394169810826996,0.6811666421396502
prelu,4,BraTS20_Training_024.npy,0.9044708450986583,1.0,0.8984673425019492,0.9105551173428734,0.848404765276016,1.4142135623730951,0.758883635519718,0.9618711636969646,0.82000594106781,1.4142135623730951,0.7197648505571683,0.9526857423740677,0.6332389803545906,7.3484692283495345,0.6099318391237939,0.6583981487105358,0.8472691683857402,1.4142135623730951,0.8791473237166938,0.8176219423790698
prelu,4,BraTS20_Training_035.npy,0.8514685527262215,3.0,0.8813153881392519,0.8235770958727091,0.8373126154951998,2.449489742783178,0.8405866244522513,0.83406401135452,0.7791346297503836,1.0,0.958535981799301,0.6563002679113022,0.501994824104487,8.774964387392123,0.3888332078890699,0.7080608359634518,0.7033882948651125,5.477225575051661,0.7659276794497318,0.6502908656990555
prelu,4,BraTS20_Training_041.npy,0.9518881487354308,0.0,0.9701281233142028,0.934321398252799,0.8406899827760624,2.23606797749979,0.8474679675346745,0.834019556670081,0.7944856062222242,2.23606797749979,0.856039784248083,0.7411898008598417,0.664066015507778,5.830951894845301,0.577505217699621,0.7811507208572159,0.9291991459436639,1.0,0.9490044283578979,0.9102036182948247
prelu,4,BraTS20_Training_042.npy,0.9545280692877107,0.0,0.9802446864345522,0.9301263025840117,0.9639004306326763,0.0,0.9688865044655052,0.9589654123789023,0.8754901459297524,1.0,0.8913776114007479,0.8601591029868619,0.9406214328622392,1.0,0.9336354476668502,0.9477127518795233,0.9123817752632736,1.0,0.9632357907132406,0.8666281577032717
prelu,4,BraTS20_Training_048.npy,0.7340549540520285,4.47213595499958,0.6030301991849824,0.9378224557535119,0.8921638077197622,1.0,0.9095637072823932,0.8754171277101859,0.7837962944819531,1.0,0.8294953413547509,0.7428696764244419,0.816222138048147,2.0,0.7866197127702838,0.8481397050255148,0.675499597229217,5.0,0.5369695086752387,0.9103584341266963
prelu,4,BraTS20_Training_053.npy,0.9555101355766389,0.0,0.9572043954181332,0.9538218627810898,0.8566323310761423,2.23606797749979,0.7721093265254563,0.9619356736725078,0.851288757641933,1.0,0.8623316395867392,0.8405251255347841,0.7009388476524036,5.916079783099616,0.5729693847399242,0.9025091467557382,0.9386733219330294,1.0,0.9563023861274271,0.9216824625518574
prelu,4,BraTS20_Training_059.npy,0.8356754120632613,2.23606797749979,0.7938884170098433,0.8821058043033071,0.8988149478149159,1.0,0.9512783359803263,0.8518358494521129,0.7119379822885643,2.23606797749979,0.9795221759426436,0.5591816826147994,0.38005158744581613,4.123105625617661,0.2452830161455825,0.8435114181865871,0.8113964685189502,2.449489742783178,0.7631788631733366,0.8661177474341452
prelu,4,BraTS20_Training_064.npy,0.8257331536923437,4.123105625617661,0.8541251368935839,0.7991680011719104,0.8880933037131423,1.4142135623730951,0.8070978963087562,0.9871584907037333,0.7594824691404775,1.4142135623730951,0.7048711411201157,0.8232667369597556,0.8165462209153184,3.4641016151377544,0.729602475117239,0.9270147847970216,0.48398240604006143,14.071247279470288,0.806023641344301,0.3458145619396761
prelu,4,BraTS20_Training_067.npy,0.9554566012656864,0.0,0.9323590167412243,0.9797276620850168,0.963085879686253,0.0,0.986517242088526,0.9407417579833126,0.8853705639161964,1.0,0.990457757127219,0.8004437813100855,0.8104471332007442,2.23606797749979,0.6941732025819007,0.9735099326821081,0.9251224241440684,1.0,0.88203995838117,0.972629664255364
prelu,4,BraTS20_Training_071.npy,0.9319315124717509,1.0,0.9611907997412815,0.9044009460634596,0.5685088724798029,17.832554500127006,0.694435457406214,0.48124205945697557,0.740337506438196,4.358898943540674,0.5950676208472016,0.9794421880588684,0.1950519898828525,22.02271554554524,0.40963855353139467,0.1279999999330719,0.8640758903366185,1.7320508075688772,0.8683015576420656,0.8598911529545857
prelu,4,BraTS20_Training_073.npy,0.928334845629726,1.0,0.9191805743796624,0.9376732886648624,0.9413795118055989,1.0,0.9504991429201376,0.9324332149664292,0.8480016670064084,1.0,0.8601479906340931,0.836193607197417,0.8702900961185128,1.0,0.8736109239876678,0.8669944181942674,0.8561900172571627,1.0,0.8374773465612623,0.8757580348409043
tanhexp,4,BraTS20_Training_075.npy,0.9383326152375667,1.0,0.892429932869525,0.9892134154917003,0.9530303349748568,0.0,0.9740153266445152,0.9329305085235511,0.7765064286153681,1.0,0.9147709608289001,0.6745504176635165,0.9125808741969533,1.0,0.8700692018946602,0.9594601998959501,0.774691520940074,2.23606797749979,0.6436615185673831,0.9727047692674037
tanhexp,4,BraTS20_Training_087.npy,0.0,373.0,0.0,0.0,0.0,373.0,0.0,0.0,0.0,373.0,0.0,0.0,0.0,373.0,0.0,0.0,0.0,373.0,0.0,0.0
tanhexp,4,BraTS20_Training_094.npy,0.9353138687297783,1.0,0.959049659829883,0.9127245894832373,0.9170056919568523,1.0,0.9430962264176048,0.892319866252416,0.8985915450770349,1.0,0.924637672225723,0.8739725947582412,0.9207316792459854,1.0,0.9437499410156287,0.8988094703089601,0.9268223835234346,1.0,0.9501784503953996,0.9045869870496409
tanhexp,4,BraTS20_Training_095.npy,0.9745892965264574,0.0,0.9807551460006211,0.9685004900059477,0.8647247847791727,2.0,0.8747378510172155,0.8549383617302747,0.831999272141168,1.0,0.9862526276423244,0.7194714277266404,0.40181717810817424,5.196152422706632,0.31910445726677156,0.5424117371132373,0.9026464760187769,1.0,0.9061088221471645,0.8992104890879443
tanhexp,4,BraTS20_Training_108.npy,0.9583759146641689,0.0,0.9696512402360545,0.9473597985325398,0.9694078353095547,0.0,0.9791591362737512,0.9598488415684355,0.961815162662599,0.0,0.95401317278115,0.9697458140486723,0.36758892554172085,4.242640687119285,0.9029125336978122,0.23076922504294728,0.9173698287109643,1.0,0.9295172547914532,0.9055358040573532
tanhexp,4,BraTS20_Training_117.npy,0.9582074091898986,0.0,0.9353418484993291,0.982218936767392,0.9700626591745716,0.0,0.9874015740256681,0.953322182641537,0.9467078487293681,1.0,0.9832976871541932,0.9127434288970094,0.9019607826608745,1.0,0.854217282699697,0.9553571391484582,0.9478785964441032,1.0,0.9175810739191275,0.9802452203261587
tanhexp,4,BraTS20_Training_122.npy,0.9658207864965331,0.0,0.9658207862033629,0.9658207862033629,0.9646442593062905,0.0,0.9737398643395491,0.9557170023253468,0.9359882387598715,1.0,0.9698144531436874,0.9044421464244778,0.9541792523812204,0.0,0.9185651918634745,0.9926663122437596,0.9445762944089645,1.0,0.9398962762179142,0.949303151296134
tanhexp,4,BraTS20_Training_123.npy,0.9487712770552034,1.0,0.9336433199623885,0.9643975492803573,0.8935618004502048,1.0,0.8790632547553636,0.9085466202518169,0.890064208729666,1.0,0.9153787479766453,0.8661121236455059,0.7964948348771259,3.0,0.7065925469412034,0.912609377481928,0.9516561901814907,0.0,0.9365794229200248,0.9672263013605286
tanhexp,4,BraTS20_Training_124.npy,0.9785164143486126,0.0,0.9734242762407657,0.9836621081364626,0.9695178023088757,0.0,0.9749996895474125,0.9640972135799561,0.9443432128999719,1.0,0.9582904220208102,0.930796162203702,0.9417278507492495,1.0,0.9373595874356125,0.9461370182087991,0.9506963102005601,0.0,0.9369758093305156,0.9648246118035453
tanhexp,4,BraTS20_Training_126.npy,0.9297442517404509,1.0,0.9380263155426246,0.921607156469838,0.9115528663901966,1.0,0.9630681813296124,0.8652689148289567,0.9064829385838853,1.0,0.944898464001425,0.8710690024136356,0.8216568481994525,4.242640687119285,0.9207865142674535,0.741796784924651,0.8513918627119509,1.4142135623730951,0.8152887134649559,0.8908406519144167
tanhexp,4,BraTS20_Training_127.npy,0.9668651957569636,0.0,0.9613927215839964,0.9724003275870412,0.9663200364998292,0.0,0.9789308160708635,0.9540300322494177,0.9655884916430196,0.0,0.9792069616711687,0.9523436260348901,0.7986798416277281,1.4142135623730951,0.7756409759204502,0.8231291957054969,0.9575544562920658,0.0,0.9489340184407926,0.966332951668669
tanhexp,4,BraTS20_Training_128.npy,0.8735675135660239,1.4142135623730951,0.8172707141308498,0.9381939796193332,0.5186781590564721,5.196152422706632,0.5190510386840328,0.5183058110674386,0.5672766384968965,4.58257569495584,0.41300940115196394,0.9054982662285521,0.17494600243038874,7.681145747868608,0.7043477648393248,0.099876694206206,0.8485677081952201,1.7320508075688772,0.7915464729020901,0.9144420665399929
tanhexp,4,BraTS20_Training_132.npy,0.9177657796337008,1.0,0.9102302572283557,0.9254271121687822,0.9111261331097649,1.0,0.8928070445398976,0.9302127310286568,0.9171159027589586,1.0,0.9607058819008443,0.8773098406199786,0.1772853182526224,24.758836806279895,0.11599456249208301,0.37591776522821024,0.8898276496224152,1.4142135623730951,0.8845919331053481,0.8951257133352517
tanhexp,4,BraTS20_Training_145.npy,0.930936393545908,1.0,0.9300393954152338,0.9318351234945393,0.9037600646432048,1.0,0.9195373706878692,0.8885150356329752,0.8028710964424864,1.7320508075688772,0.7963497574025787,0.8095001239445411,0.8050905292042674,2.23606797749979,0.8550353876907688,0.7606584730991819,0.8760076852589731,1.0,0.8647466129724543,0.8875659193952772
tanhexp,4,BraTS20_Training_154.npy,0.9363443725391445,1.0,0.9933146269377681,0.8855545552768698,0.9713580207061677,0.0,0.9864332672700272,0.9567366154849027,0.929097578733808,1.0,0.97824676297678,0.8846508506204345,0.9604659551981055,0.0,0.9364446525943297,0.9857520715973366,0.8145438662424873,2.0,0.9361568624514017,0.7208948371171707
tanhexp,4,BraTS20_Training_161.npy,0.9434843258666753,1.0,0.9053674678072084,0.9849517604852345,0.9238603532968074,1.0,0.9577178818548714,0.8923149676555616,0.8879131403129837,1.0,0.9181112754514519,0.8596382741848522,0.8607065968971087,2.23606797749979,0.8958745210282397,0.8281954419054521,0.8677182519207914,1.0,0.7940210054585398,0.9564956174171276
tanhexp,4,BraTS20_Training_162.npy,0.9424513528947642,1.0,0.896186420499418,0.9937530891716266,0.9646063806704787,0.0,0.9551049787750198,0.974298722040853,0.9482401654932143,1.0,0.9415136947879107,0.955063439569119,0.9092734699065671,1.0,0.8881883131733386,0.9313840715083984,0.8896158376153956,1.0,0.8231290381997476,0.9677871404923594
tanhexp,4,BraTS20_Training_165.npy,0.9645138141024573,0.0,0.9653728469563607,0.9636563086336052,0.9351930418785541,1.0,0.8831793251488294,0.993716716634156,0.9133640274271968,1.0,0.8496962568657942,0.9873458895327589,0.6951573301772402,4.58257569495584,0.7395536544644975,0.6557894723036012,0.9393238748824592,1.0,0.9615078604774245,0.918140465180064
tanhexp,4,BraTS20_Training_173.npy,0.8336501194684263,2.23606797749979,0.7155930956862934,0.9983569155016789,0.6856575681247878,5.196152422706632,0.521844232235831,0.9993731007381139,0.8026091465411722,4.69041575982343,0.7794414045641799,0.827196332446756,0.45673479130610284,6.708203932499369,0.2959993802346929,0.9994769177462052,0.8499444810107449,1.4142135623730951,0.764669430235836,0.956626344856429
tanhexp,4,BraTS20_Training_176.npy,0.9461130873431621,1.0,0.8982541661094495,0.9993588597164942,0.8639904818660851,2.0,0.8081236087981245,0.9281553395776931,0.6505005172156537,2.449489742783178,0.9784527492771216,0.4872026880982385,0.7926937025001393,3.3166247903554,0.700928258069566,0.9121065886940098,0.8190734446638487,2.0,0.7867532641927553,0.8541628409316973
tanhexp,4,BraTS20_Training_179.npy,0.9172068900968916,1.0,0.9266189633653754,0.9079840991436515,0.899099635278034,1.4142135623730951,0.9881419689815335,0.8247781568089241,0.8690654404313161,1.4142135623730951,0.9283531794373473,0.81689574570523,0.5421106900273106,6.164414002968976,0.9471471414585757,0.3797254987244751,0.8528367161346245,1.0,0.7693737961453703,0.9566114845573994
tanhexp,4,BraTS20_Training_180.npy,0.8069392746064221,38.80721582386451,0.9415236219141216,0.7060187362108947,0.8703861690516463,50.99313659514938,0.9784312478909581,0.7838302634798178,0.9309256179990754,1.0,0.9704128839933205,0.8945262693786874,0.600597457403764,61.87891401761993,0.8702135720521841,0.4585317128488325,0.7102157978004913,45.880278987817846,0.8582082155420682,0.605756955685627
tanhexp,4,BraTS20_Training_195.npy,0.8698958723863224,1.4142135623730951,0.7755592784516488,0.9903601719084945,0.8335189108089653,2.23606797749979,0.7178963648204497,0.9935351282298518,0.745379455567974,2.8284271247461903,0.6006419936741683,0.9820174415512716,0.8267025668136565,2.0,0.7992101240470244,0.8561538453306213,0.8249195029827162,1.4142135623730951,0.7793047252692533,0.8762061799949883
tanhexp,4,BraTS20_Training_204.npy,0.7231303634644018,3.0,0.5710520650973258,0.9856108420111299,0.8971303496491182,1.0,0.8176881294273655,0.9936700323317575,0.8763752354167208,1.0,0.7857809937126069,0.9905813083287986,0.614535412929757,3.700825553380962,0.7308533756924863,0.5301587217435124,0.40167234406807656,4.123105625617661,0.2710837075231647,0.7750224058111072
tanhexp,4,BraTS20_Training_208.npy,0.9480804454697751,1.0,0.9386646056656486,0.9576871018019343,0.9041331483422932,1.0,0.9672671156234579,0.8487357757403411,0.842862640275808,1.0,0.9899468577795576,0.7338315022775334,0.7019693054045598,4.0,0.6641414139263981,0.7443666313203068,0.8913283439912507,1.0,0.8330479097890224,0.958376851386444
tanhexp,4,BraTS20_Training_223.npy,0.9762829881603375,0.0,0.9923879221035785,0.9606924234849556,0.958116286628208,0.0,0.9696194042814335,0.9468829040479443,0.9484981391300341,1.0,0.9417703140966084,0.9553227800423939,0.7399678960835187,9.695359714832659,0.9197924943344273,0.6189581078975346,0.9626832126564242,0.0,0.979776818078603,0.9461758244606702
tanhexp,4,BraTS20_Training_225.npy,0.9711377590073915,0.0,0.9627840952429483,0.9796376538045489,0.9441161724258651,1.0,0.9087806684900093,0.982310694532774,0.8524520953051886,1.4142135623730951,0.7527470990490939,0.9826025596157231,0.4485413408310842,6.4031242374328485,0.8695105205060493,0.302222045433787,0.9183428010461828,1.0,0.9496262467855159,0.8890547559695402
tanhexp,4,BraTS20_Training_234.npy,0.9234657529286064,1.0,0.8649495411128303,0.990474041874156,0.9391027727474397,1.0,0.9193072551610479,0.9597695685153365,0.7968605270819186,1.4142135623730951,0.6814240447878739,0.9593849032053235,0.9278527543802035,1.0,0.922375549328184,0.933395396851989,0.6148309759485867,2.23606797749979,0.5157998820761172,0.7609248911356533
tanhexp,4,BraTS20_Training_235.npy,0.9543489177354892,0.0,0.9274438159603863,0.9828616893789757,0.9512883093229815,0.0,0.961905656428311,0.940902788140388,0.9038790062766335,1.0,0.8860074969449383,0.9224863237911503,0.9201552942057507,1.0,0.9660462968226473,0.8784265732730023,0.8588119582516148,1.4142135623730951,0.7867353601834971,0.9454270639694468
tanhexp,4,BraTS20_Training_240.npy,0.8754210773291143,2.0,0.7784895641509435,0.9999238830997874,0.7645083157170178,3.3166247903554,0.6312126704801587,0.969172193167456,0.5899467767061225,3.7416573867739413,0.8455670438285015,0.45300154349922667,0.5656597066713328,5.744562646538029,0.402879291123911,0.9491613858001033,0.8089070627260706,2.8284271247461903,0.7340485514748292,0.9007676411720538
tanhexp,4,BraTS20_Training_243.npy,0.9420143410674235,1.0,0.90616832382396,0.9808131423754597,0.8978448519699751,1.0,0.8638213613112852,0.9346584141069636,0.8642917382769221,1.0,0.8555299349164905,0.873234863761374,0.8343412304606511,2.23606797749979,0.7507582502216624,0.9388665753260452,0.9320207735433076,1.0,0.8965328693180454,0.9704339403504134
tanhexp,4,BraTS20_Training_248.npy,0.953018015288843,0.0,0.9384812683379344,0.9680121857046254,0.9414744249687667,1.0,0.9261013984394927,0.9573664423918589,0.8802057893132418,1.0,0.9022094650216242,0.8592498407948983,0.9215026411814707,1.0,0.8645642114455672,0.9864695036082148,0.7315023412905954,2.8284271247461903,0.7225945185424112,0.740632528196918
tanhexp,4,BraTS20_Training_261.npy,0.9555149582150329,0.0,0.9320908805839463,0.9801467115129079,0.788946702646613,3.0,0.8662976453665827,0.724276684555013,0.6491943307777167,5.477225575051661,0.5462862115592614,0.7998724273642602,0.7529220357554912,3.0,0.8466485587628346,0.6778788259424253,0.748317537171432,4.47213595499958,0.6675599318163364,0.8513033802363654
tanhexp,4,BraTS20_Training_262.npy,0.9185963981095056,1.0,0.9218679063664321,0.9153480273392999,0.33933263246234063,25.958620007092016,0.46776530157956303,0.266233765959355,0.0,373.0,0.0,0.0,0.34148598602492997,25.96150997149434,0.46776530157956303,0.2688944406944676,0.8186814644948905,2.23606797749979,0.7925527356114,0.8465917409491521
tanhexp,4,BraTS20_Training_263.npy,0.8454643443516389,2.23606797749979,0.9791399753690286,0.7439039606798852,0.25479079780031355,15.297058540778355,0.6059728089904773,0.16130754617862628,0.0,373.0,0.0,0.0,0.07960404202948854,15.556349186104045,0.17205259600612305,0.05178080350675377,0.49681684114780494,6.082762530298219,0.47056330412631453,0.5261729350195282
tanhexp,4,BraTS20_Training_264.npy,0.9037464828772866,1.0,0.9618976315213769,0.852225518990321,0.8852393233346977,1.4142135623730951,0.9221903732699209,0.8511353610829281,1.0,0.0,1.0,1.0,0.8852393233346977,1.4142135623730951,0.9221903732699209,0.8511353610829281,0.6009198282633429,3.3166247903554,0.665933046836635,0.5474716688434704
tanhexp,4,BraTS20_Training_265.npy,0.9269902822267625,1.0,0.9756097559395572,0.8829866759182406,0.9439808174917157,1.0,0.9251255584653906,0.9636206563247214,0.0,373.0,0.0,0.0,0.9434197670707729,1.0,0.923282495294825,0.9644550330988243,0.6894923257023696,1.7320508075688772,0.8438386036838393,0.5828782341219245
tanhexp,4,BraTS20_Training_275.npy,0.33581642666032324,18.384776310850235,0.20201729100806415,0.9944672989154955,0.0,373.0,0.0,0.0,1.0,0.0,1.0,1.0,0.0,373.0,0.0,0.0,0.22383944594003607,18.973665961010276,0.14459677747396896,0.49524755214179667
tanhexp,4,BraTS20_Training_279.npy,0.8470610949395153,5.0990195135927845,0.7441574052357203,0.9829912422449425,0.7483703863183483,7.14142842854285,0.6192589681440932,0.9455011520233565,0.0,373.0,0.0,0.0,0.7594832097870867,7.280109889280518,0.6155171951334163,0.9913557516624923,0.4519005515658013,14.866068747318506,0.5063505501666594,0.4080240173280486
tanhexp,4,BraTS20_Training_281.npy,0.8790071337484997,1.4142135623730951,0.7858975164932587,0.9971443266999109,0.7251811118573481,12.68857754044952,0.9527107600437067,0.5853789136810926,0.0,373.0,0.0,0.0,0.8004123382760263,3.0,0.9259700940620263,0.7048390473064594,0.7653671803784947,2.23606797749979,0.6265451696180642,0.9832157876437119
tanhexp,4,BraTS20_Training_286.npy,0.8387669849621243,2.23606797749979,0.7334368961569246,0.9794236370377755,0.4356863473884573,7.0,0.2785159783404696,0.9999999982900137,0.0,373.0,0.0,0.0,0.43253331326470335,7.0710678118654755,0.27594418237084145,0.9999999982740767,0.19231548369753834,8.366600265340756,0.5047855352542164,0.11878545201969849
tanhexp,4,BraTS20_Training_288.npy,0.8627344957972684,1.7320508075688772,0.7684692156411755,0.9833595834788468,0.7868084062271293,3.605551275463989,0.7116375725376454,0.8797355618004605,0.889084300360803,1.0,0.856739351001729,0.9239673443865193,0.5725744351345693,6.0,0.48526212721053835,0.6982003124427227,0.7861331289173862,2.449489742783178,0.6901645279671552,0.9131015124535897
tanhexp,4,BraTS20_Training_291.npy,0.9473263550957821,1.0,0.9014537507089405,0.9981179454154411,0.7761006198811538,3.605551275463989,0.9474180369143155,0.6572525462138944,0.2734374893188481,22.270922203771672,0.27777775573192415,0.26923074852071166,0.7748733854756998,3.605551275463989,0.9462698577671163,0.6560449290212339,0.8085288620027027,2.449489742783178,0.6919388001881006,0.972371108737157
tanhexp,4,BraTS20_Training_309.npy,0.8696876710436767,1.7320508075688772,0.7714232773990862,0.9966403618011094,0.7191912106613624,6.082762530298219,0.5633964265556948,0.9940827411627108,0.5284329849544104,12.041594578792296,0.7312752999429388,0.41368451069658024,0.7008141875820245,6.4031242374328485,0.5409723696645197,0.9947276856858042,0.6205053752353188,5.916079783099616,0.6836165952263578,0.5680621013767246
tanhexp,4,BraTS20_Training_315.npy,0.9661091236775051,0.0,0.9982177289200554,0.936001753120188,0.9170023495894171,1.0,0.9692642032335724,0.8700879878687391,0.6114649292060554,1.0,0.44036693207642824,0.99999979166671,0.9154440396330131,1.0,0.969114893943705,0.8674059592056301,0.7522004939720763,1.4142135623730951,0.7427005730433252,0.7619465910383463
tanhexp,4,BraTS20_Training_317.npy,0.9564080421965194,0.0,0.956714870462112,0.9561014102021794,0.7584510243658761,2.23606797749979,0.6404062153555836,0.9298480765642358,0.8667188303772577,1.0,0.8758566134004833,0.8577697448173213,0.2975506492363149,7.810249675906654,0.1818853967397952,0.8172757339322968,0.8530446546505261,1.0,0.9161459083591441,0.7980757052803673
tanhexp,4,BraTS20_Training_325.npy,0.16742493166652844,18.05547008526779,0.09155836547736895,0.9768894379956937,0.0,373.0,0.0,0.0,0.0,373.0,0.0,0.0,0.0,373.0,0.0,0.0,0.1494845359149658,19.467922333931785,0.09108288940177128,0.41661461326286936
tanhexp,4,BraTS20_Training_326.npy,0.9235925909284799,1.0,0.86717445830174,0.9878626651230502,0.4414239757670293,11.313708498984761,0.2835119726081175,0.9964093354076656,0.36263558302956844,12.091307909472079,0.938023442730122,0.22476419782307006,0.3893196672319282,12.806248474865697,0.24171131869652485,0.9999999996184517,0.0,373.0,0.0,0.0
tanhexp,4,BraTS20_Training_331.npy,0.8081301076008456,3.1622776601683795,0.9996189175258495,0.6782108155732778,0.5028707184206738,9.539392014169456,0.4713304875938667,0.5389348604509496,0.7230443952792377,1.4142135623730951,0.5719063517825783,0.9827586126210295,0.4017048479241669,10.019950248448337,0.39067357467970804,0.413377192478829,0.6736086871559425,4.47213595499958,0.8888945750028416,0.5422728691004881
tanhexp,4,BraTS20_Training_333.npy,0.9647690400303408,0.0,0.9400041195086478,0.9908741593968607,0.4923202638857033,12.884098726725126,0.3268872663723701,0.9967728096985696,0.1709421371552489,12.727922061357855,0.09601964319459855,0.7780104630574821,0.4738335900486488,13.784048752090222,0.3172615010513973,0.9355262059546025,0.08805771052690194,25.80697580112788,0.45939016531509,0.04869597289558116
tanhexp,4,BraTS20_Training_337.npy,0.9738692566894456,0.0,0.9590828923167255,0.9891186885731125,0.9539997389018661,0.0,0.9235676834641804,0.9865056336759764,0.9196986437127677,1.0,0.8754302758068423,0.9686825506925039,0.9435053694925427,1.0,0.932168454147108,0.9551214356556007,0.9392116202805794,1.0,0.9402008301245064,0.9382244896044439
tanhexp,4,BraTS20_Training_338.npy,0.9535115201606725,0.0,0.9374693051467956,0.9701123309265169,0.9634980451621789,0.0,0.9627663737199544,0.9642308293924681,0.9513731201585864,0.0,0.9424097099388002,0.9605086723127062,0.9127301371596503,1.0,0.934293052425606,0.8921400861897444,0.9160167053244264,1.0,0.8880055768117644,0.9458525508780607
tanhexp,4,BraTS20_Training_343.npy,0.9484706512409101,1.0,0.9461090723599698,0.950844049015057,0.94275394496277,1.0,0.9193703926187263,0.9673580296207205,0.9106689245024391,1.0,0.9080328063840208,0.91332039278378,0.9063187379620012,1.7320508075688772,0.8603347964234804,0.9574958286496005,0.8856605854380614,1.0,0.8965633129990715,0.8750198388679603
tanhexp,4,BraTS20_Training_344.npy,0.9093779138864142,1.0,0.8657282352589273,0.9576629022995492,0.5420385507605046,11.180339887498949,0.37183576848536953,0.9995850608581119,0.6564033908549729,12.36931687685298,0.49098798343236766,0.9899057851280714,0.3703479573597973,11.180339887498949,0.23430321570223658,0.8831168799310357,0.9021818357790157,1.0,0.9373769331464048,0.869533994087966
tanhexp,4,BraTS20_Training_347.npy,0.9754466383616419,0.0,0.9761589047094308,0.9747354105965685,0.969861085464497,0.0,0.9740634888374471,0.9656947868976952,0.955415055152044,0.0,0.938308817242059,0.9731565999861795,0.9052210291036196,1.0,0.9745397558760416,0.8451086946953027,0.966796813141628,0.0,0.9660693282199905,0.9675253944109828
tanhexp,4,BraTS20_Training_350.npy,0.9802858500662389,0.0,0.9846382052522059,0.9759718025200431,0.9814452717704533,0.0,0.9820785544237289,0.9808128051178021,0.9656961199018773,0.0,0.9643492811507187,0.9670467257267177,0.95511994994271,0.0,0.9627884606127034,0.9475726308814493,0.9678670577321992,0.0,0.9756663952175006,0.9601914247562864
tanhexp,4,BraTS20_Training_367.npy,0.9732462659897869,0.0,0.976793476824497,0.9697247251403006,0.961501999823926,0.0,0.9688723201449803,0.9542429661965932,0.951408738017709,0.0,0.9566824055857717,0.9461928929207143,0.865928657156387,1.0,0.8906882546017801,0.8425083731809077,0.9691097099132858,0.0,0.9717959351982483,0.9664382940506002
tanhexp,4,BraTS20_Training_369.npy,0.9725037912767156,0.0,0.9608352742448809,0.9844592005032591,0.9473572036789554,1.0,0.9874172919430338,0.9104209031190407,0.9373817908946643,1.0,0.9752556909611971,0.9023395763682402,0.9209127414933231,1.4142135623730951,0.963427072240795,0.8819919960506928,0.9393798487226946,1.0,0.9064252123021311,0.9748211356629356
tanhexp,4,BraTS20_Training_011.npy,0.9243778822040657,1.0,0.9555563944878683,0.8951697057084189,0.9229975610002825,1.0,0.9483473056294235,0.898967752901281,0.753315299364442,1.4142135623730951,0.9887426377056762,0.6084407965379508,0.4540295111820504,5.385164807134504,0.30414946707766793,0.895140659238231,0.9055692268282771,1.0,0.9374955972346155,0.8757457446754373
tanhexp,4,BraTS20_Training_013.npy,0.9058388111466785,1.0,0.8846975547843722,0.9280152116696814,0.9119842963609014,1.0,0.8950120392879174,0.9296126904890577,0.7107530483263366,1.4142135623730951,0.7863332488578032,0.6484279284433894,0.8850551240888858,1.0,0.8260289626276401,0.9531662258650327,0.8381892684092876,1.7320508075688772,0.8168154946494732,0.8607116821745704
tanhexp,4,BraTS20_Training_018.npy,0.7766190883391549,4.242640687119285,0.8480408934419477,0.7162930551230136,0.6659729436941156,12.206555615733702,0.9430255356432931,0.5147453069309778,0.7067026524815505,12.84523257866513,0.926843652349005,0.5710650651724279,0.2954545432162535,10.052357086982948,0.5718474905616572,0.19918283759772382,0.7667897170469233,4.58257569495584,0.8252004305791072,0.7161014307665258
tanhexp,4,BraTS20_Training_020.npy,0.900615952120213,1.4142135623730951,0.8497538657062748,0.9579543895905807,0.8454244612969837,3.1622776601683795,0.74374909416266,0.9793013648326035,0.7194147507446874,1.4142135623730951,0.8645998448539832,0.6159785690156585,0.707198912038757,5.0990195135927845,0.5536284598392445,0.9786716849018521,0.7574133917621843,4.58257569495584,0.817002907721747,0.7059254981029782
tanhexp,4,BraTS20_Training_024.npy,0.9041962356760618,1.0,0.8982904974182633,0.9101801413285813,0.8504412746584292,1.7320508075688772,0.7513344514445118,0.9796669147503521,0.8036512048966821,1.7320508075688772,0.690797894708767,0.960577492939167,0.7015177058808475,6.48074069840786,0.6886075935957009,0.7149211469572966,0.8451660950785123,1.4142135623730951,0.8812636535907182,0.8119093666663664
tanhexp,4,BraTS20_Training_035.npy,0.874352523250343,1.4142135623730951,0.8541611901511275,0.8955215652617443,0.8544692110613142,2.23606797749979,0.8305675404848639,0.8797873039749099,0.790127736140505,1.0,0.9394938583218639,0.6817406906888767,0.5442229746976228,6.4031242374328485,0.40933767626771167,0.8116926127760081,0.7352325474223659,2.8284271247461903,0.7244583151368711,0.7463320888627325
tanhexp,4,BraTS20_Training_041.npy,0.9499451651630252,1.0,0.9748991291888016,0.9262367846385499,0.8626076416709474,1.4142135623730951,0.8687352907968837,0.856565829446059,0.8133021427493823,1.7320508075688772,0.8417746357259853,0.7866927583333014,0.7238069106914332,3.7416573867739413,0.6886743197059647,0.7627167608013966,0.9273828278088992,1.0,0.9551908317914892,0.9011481420983657
tanhexp,4,BraTS20_Training_042.npy,0.9580981748389618,0.0,0.9717781235402775,0.9447980310951575,0.9639242613231284,0.0,0.9610187240501139,0.9668474207892761,0.8757843840973705,1.0,0.8828226261819762,0.8688574777420741,0.9417470769026018,1.0,0.9288016108112781,0.9550585062881545,0.9167087492601513,1.0,0.9507670470531976,0.8850061331472318
tanhexp,4,BraTS20_Training_048.npy,0.6436110279280712,8.12403840463596,0.478641540244659,0.9821052624686981,0.8789115632971859,1.0,0.8399306534529596,0.921686744065673,0.7738878631906084,1.0,0.7202351753050702,0.836177469646317,0.8188920425465481,1.4142135623730951,0.8119718252678041,0.8259312261752778,0.5616965882297291,8.717797887081348,0.40173791589660257,0.9333092998077602
tanhexp,4,BraTS20_Training_053.npy,0.9578879569917952,0.0,0.9589260970903293,0.9568520621923826,0.845836006455579,3.1622776601683795,0.7805883185161345,0.9229864450974647,0.8477257041304996,1.0,0.881651577741608,0.8163140132716815,0.6791890276887353,7.681145747868608,0.5669957682178746,0.8467352238300889,0.9364747373336362,1.0,0.9498937236053825,0.9234296050680377
tanhexp,4,BraTS20_Training_059.npy,0.7927645020126116,4.123105625617661,0.7110502350833204,0.895698662991155,0.8823130768413981,1.0,0.9421128753395422,0.8296516532300269,0.7805892520603491,1.4142135623730951,0.960750845044788,0.6573263242421113,0.5032425388894777,3.154163777159931,0.43063262563115845,0.6053042027253634,0.7599011076023626,4.47213595499958,0.6702872716836706,0.8771746880647744
tanhexp,4,BraTS20_Training_064.npy,0.8434313321934914,3.1622776601683795,0.8563272973066506,0.8309180210814807,0.9083006978774141,1.0,0.8460412207523318,0.9804513021375295,0.7685338099773437,1.4142135623730951,0.7182667797456055,0.8263660353763754,0.8455820238884968,2.449489742783178,0.7855205038484516,0.9155886578033219,0.5334296280538748,10.677078252031311,0.7662852107857865,0.40911074543989034
tanhexp,4,BraTS20_Training_067.npy,0.954511063948173,0.0,0.9299292922012277,0.9804277119630402,0.9631803627249367,0.0,0.9880153262689017,0.9395632993782188,0.8770044962641748,1.0,0.9920331273385097,0.7858798356976716,0.7831980903182826,2.8284271247461903,0.6566351843631862,0.9701986743493394,0.9233342196322525,1.0,0.8775838675041123,0.9741170563173108
tanhexp,4,BraTS20_Training_071.npy,0.9328679442131537,1.0,0.960174713915086,0.9070713995757116,0.511959819920067,18.466185312619388,0.6595492285886179,0.41834536050537113,0.8111950637943421,3.1622776601683795,0.721718376514146,0.9259977534694317,0.14666771573425616,23.08679276123039,0.31191432344057174,0.09587490993937099,0.8576976064350711,2.23606797749979,0.8518298549909914,0.8636467574572666
tanhexp,4,BraTS20_Training_073.npy,0.9213789312341711,1.0,0.9038388101925382,0.9396133007333239,0.950090770825246,0.0,0.9428790826729996,0.9574136270648911,0.8415374943226134,1.0,0.8493657496306917,0.8338522199731713,0.8785935878120692,1.0,0.853126254045888,0.9056281965525467,0.8530385916316775,1.0,0.8308082635625922,0.8764912814023817
