Experiment,Activation,Patient,Dice_WT,HD95_WT,Sens_WT,Prec_WT,Dice_TC,HD95_TC,Sens_TC,Prec_TC,Dice_ET,HD95_ET,Sens_ET,Prec_ET,Dice_NCR,HD95_NCR,Sens_NCR,Prec_NCR,Dice_ED,HD95_ED,Sens_ED,Prec_ED
Exp10_Logish,logish,BraTS20_Training_001.npy,0.916137278492978,1.0,0.8525017413934076,0.9900394020895222,0.9122409325440154,1.0,0.9784647444764467,0.8544131026479803,0.885101627281361,1.0,0.9135606658086798,0.8583621212293022,0.7949790792731597,5.0,0.9104448611601083,0.7055045407669704,0.8675114708033577,1.7320508075688772,0.7755469233606866,0.9842205940538618
Exp10_Logish,logish,BraTS20_Training_002.npy,0.9045333104092886,1.0,0.9448556844245506,0.8675116469077128,0.9554268443227691,0.0,0.9660704048850529,0.9450152556541408,0.8535987742315476,1.0,0.8511223074498057,0.8560896930485491,0.9479367110605427,1.0,0.9680130993798984,0.9286761615744908,0.8678593209200078,1.4142135623730951,0.9154336509122495,0.8249855060829947
Exp10_Logish,logish,BraTS20_Training_003.npy,0.7530338237875945,4.123105625617661,0.782769147924055,0.7254749539114222,0.9161725055038107,1.0,0.9110158110130908,0.9213879075050476,0.8617038591599546,1.0,0.8822548336148938,0.842088504163997,0.7197501895413725,2.0,0.6289222288005153,0.8412408605612982,0.7161399133394185,4.58257569495584,0.7490412637102926,0.6860073051819305
Exp10_Logish,logish,BraTS20_Training_004.npy,0.9585061168770105,0.0,0.9670508304016995,0.9501110803003664,0.921606855721134,1.0,0.9029766149280085,0.9410220506908374,0.8975227606402982,1.0,0.9136432208393971,0.8819613004494339,0.7569395207738783,4.0,0.70101010030201,0.8225672622702771,0.9431849109368581,1.0,0.9606636449248529,0.9263308428213561
Exp10_Logish,logish,BraTS20_Training_005.npy,0.7598430178630703,5.916079783099616,0.6180301700983215,0.9861168150939646,0.8350996550939424,8.282458818244885,0.7250283977849085,0.9845742482676119,0.7469773087026018,8.48528137423857,0.6856882214821729,0.8202982892927146,0.582641194803486,30.62678566222711,0.42018568307820997,0.9498984363581691,0.4582900652379254,10.099504938362077,0.3193953034425936,0.8109432388283248
Exp10_Logish,logish,BraTS20_Training_006.npy,0.9302137562268047,1.0,0.8857479980080907,0.9793799669873129,0.916511226959541,1.0,0.867031494110558,0.9719801680258462,0.8245007131197395,1.0,0.9267618051283726,0.742564398810765,0.5789142735349283,5.385164807134504,0.417978208021601,0.9413769587123643,0.9080494254668062,1.0,0.8673119579640088,0.9528023597709139
Exp10_Logish,logish,BraTS20_Training_007.npy,0.9288890576908404,1.0,0.9241939141038661,0.9336321497138409,0.9301493788501213,1.0,0.9251857267707589,0.9351665775408075,0.8847137824714473,1.0,0.8983601219380417,0.8714758215916274,0.8508610073018743,15.652475842498529,0.8143025285041126,0.890856404086103,0.895212029022344,1.0,0.8907671866852318,0.8997014521821806
Exp10_Logish,logish,BraTS20_Training_008.npy,0.8145220013504471,1.4142135623730951,0.9365188526936821,0.7206460963344962,0.5001067680971455,11.489125293076057,0.8559941457895165,0.3532428345301875,0.8400520119633635,2.0,0.8001651461588345,0.8841240795244154,0.0824915821443957,12.041594578792296,0.6242037818978483,0.044164037655862826,0.788441035046809,2.0,0.8876383473460208,0.7091864692100865
Exp10_Logish,logish,BraTS20_Training_009.npy,0.8941675738916611,1.0,0.835429177328264,0.9617903277604455,0.7907400412646731,4.123105625617661,0.7001062196650659,0.9083299304293708,0.6637213679744309,3.7416573867739413,0.5194593425434747,0.9189198578859665,0.6684851330126657,9.433981132056603,0.7297286635393088,0.6167255514243298,0.7968986183949295,2.8284271247461903,0.7751205518373119,0.81993583111426
Exp10_Logish,logish,BraTS20_Training_010.npy,0.8200166091023459,2.0,0.7372005156586501,0.9237944033896196,0.8928463163891738,1.0,0.8422933931336954,0.9498548839892699,0.8782938069184011,1.0,0.8238838238469275,0.940398517121498,0.6444866858889099,4.123105625617661,0.6506717725398893,0.6384180670731061,0.7859018074193697,2.23606797749979,0.6999758108151757,0.8958756145657613
Exp10_Logish,logish,BraTS20_Training_011.npy,0.9154668411035243,1.0,0.9507608652813576,0.8826993863483437,0.9114875837031852,1.0,0.9462272323925728,0.8792084519348062,0.749473129116522,1.4142135623730951,0.9854520246181988,0.6046758760842977,0.45653199110748,5.0,0.31544644728340987,0.8259385618547295,0.894439985883008,1.0,0.9290192300995517,0.8623425306520328
Exp10_Logish,logish,BraTS20_Training_012.npy,0.8521136377702462,4.123105625617661,0.7871991417345828,0.9286963637643942,0.9188898188067414,1.0,0.9276570037105591,0.910286796740594,0.8489112220695886,1.0,0.8484848470643147,0.8493380243852221,0.7459187929135229,3.4641016151377544,0.7724317261706469,0.7211655171138587,0.7700578198571085,7.726332122681736,0.6880577256786398,0.8742472734366369
Exp10_Logish,logish,BraTS20_Training_013.npy,0.9006932465144644,1.0,0.8845896543117914,0.9173940287101306,0.8757171593488872,1.4142135623730951,0.8085999306442381,0.9549849671284757,0.6791598532522201,2.23606797749979,0.6684822959433466,0.6901840473154804,0.8581864375320595,1.4142135623730951,0.7722942065812746,0.9655747457229604,0.8267190201114509,2.0,0.8341403594409067,0.8194285711754661
Exp10_Logish,logish,BraTS20_Training_014.npy,0.9125704642016104,1.0,0.9574804730444935,0.8716846532751412,0.9048223348613447,1.0,0.9283163451646766,0.882488153022672,0.8432578607446688,1.0,0.8992874910092244,0.7938005386873312,0.5923632607542924,3.1622776601683795,0.5616438350058232,0.6266375538250394,0.8550551157830512,1.4142135623730951,0.9072641793851864,0.808527891203749
Exp10_Logish,logish,BraTS20_Training_015.npy,0.947990126901366,1.0,0.9441841531089271,0.9518269083003977,0.7188455861244213,5.385164807134504,0.5650280021694699,0.9877373407953547,0.8423913038607821,1.0,0.8092646069659358,0.8783457910798821,0.2994377200996496,11.224972160321824,0.18109510065579815,0.8641364088881386,0.9269227473779338,1.0,0.9551714523784804,0.9002969281591064
Exp10_Logish,logish,BraTS20_Training_016.npy,0.9089512308701478,1.0,0.9267136873857242,0.8918568798045579,0.8024046149185509,3.1622776601683795,0.6839248330938306,0.9705354055369481,0.6293214292852031,2.23606797749979,0.9953188542741779,0.4601248756704538,0.04449380486429952,12.529964086141668,0.022851235241933894,0.8412073380418985,0.8120525911583264,2.23606797749979,0.8928147612801248,0.7446895225912713
Exp10_Logish,logish,BraTS20_Training_017.npy,0.9323360161294989,1.0,0.9666804405351004,0.9003482553528692,0.8767336642895744,1.4142135623730951,0.8467765036914209,0.9088882047448191,0.8530158104931903,1.0,0.9433011930589996,0.7785035620207796,0.6401655595066262,4.358898943540674,0.5294537148346118,0.8094199720684258,0.907766827329446,1.0,0.9517598901078148,0.8676610531015598
Exp10_Logish,logish,BraTS20_Training_018.npy,0.7806290248753738,3.0,0.9045434835114343,0.6865744027355976,0.4847365823673848,12.569805089976535,0.967092333167523,0.32342312693261643,0.6789417975048851,13.45362404707371,0.9463126787828161,0.5293729355466239,0.11062077048949463,12.083045973594572,0.5513196319261106,0.061478090054028475,0.7652360054837594,3.3166247903554,0.855522316416053,0.6921870460466285
Exp10_Logish,logish,BraTS20_Training_019.npy,0.9041307921901747,1.0,0.8535744455433991,0.9610529831201179,0.9193573381930678,1.0,0.8661118407231655,0.9795783558212262,0.7949200784782483,1.0,0.9248955457812131,0.6969743505629132,0.6143963721806182,4.58257569495584,0.4544438229416398,0.9481049544254521,0.7681324176326377,2.449489742783178,0.7265376340961128,0.814779085078729
Exp10_Logish,logish,BraTS20_Training_020.npy,0.9024434178875885,1.4142135623730951,0.8559101175157289,0.9543273731650345,0.8366366513317155,3.1622776601683795,0.7267248066352331,0.9857195715888023,0.7250100629402573,1.4142135623730951,0.7967707447204738,0.6651075481844148,0.7275337989659109,4.898979485566356,0.5815405428737646,0.9713994626338057,0.7421049228478759,5.385164807134504,0.8293207143552439,0.6714876938518758
Exp10_Logish,logish,BraTS20_Training_021.npy,0.7816824231363615,2.8284271247461903,0.7257040531972152,0.8470185880341308,0.860474153847188,1.0,0.7810901379765565,0.9578195955919975,0.7449075937610852,1.4142135623730951,0.919413916352268,0.626077096085993,0.13476901655168802,10.816653826391969,0.07276819177506304,0.9107980793052545,0.7316536244334588,3.1622776601683795,0.6820032701651213,0.7891007564961044
Exp10_Logish,logish,BraTS20_Training_022.npy,0.9469171295513921,1.0,0.9646202177156374,0.9298521190221676,0.922685793022412,1.0,0.8943760809170689,0.9528462631871035,0.8732301429980396,1.0,0.8715767516208898,0.8748898188216782,0.8099561266626315,3.0,0.7508859530034746,0.8791136248193177,0.8886117722998637,1.0,0.9410901520927696,0.8416770065759098
Exp10_Logish,logish,BraTS20_Training_023.npy,0.8945561804650861,1.0,0.8333535975407061,0.9654608967304876,0.9363199035068189,1.0,0.8884514430626205,0.9896402688511248,0.8446960830823564,1.0,0.8252720116802853,0.865056545078535,0.8809824199840336,1.0,0.7948095298303088,0.9881132056828054,0.8180077951940755,1.4142135623730951,0.7515362119118802,0.8973788073588813
Exp10_Logish,logish,BraTS20_Training_024.npy,0.8683599633968613,1.7320508075688772,0.8291087006803691,0.9115123391601627,0.7757497041130529,9.295061100325624,0.6376391640088306,0.9902303268457396,0.752401249305929,8.602325267042627,0.6109135729337156,0.9791793305629336,0.6484657032395469,28.615554529954647,0.5596884117630216,0.7707160075872459,0.7903916536291791,2.8284271247461903,0.8016623428451559,0.779433483102495
Exp10_Logish,logish,BraTS20_Training_025.npy,0.9197543459482393,1.0,0.95135966870224,0.8901814381415089,0.9628593503100126,0.0,0.9791378793846655,0.9471132424071301,0.8987756884294994,1.0,0.9432685131972303,0.8582911420959909,0.9508239327985589,0.0,0.9391558836829145,0.9627855558675726,0.8351050678765071,1.4142135623730951,0.8785315372102136,0.7957695834563022
Exp10_Logish,logish,BraTS20_Training_026.npy,0.9454309443535712,1.0,0.9424387893468944,0.9484421594455,0.7961629953356354,3.7416573867739413,0.7381491132993013,0.8640737633314086,0.7259109831482229,2.8284271247461903,0.7143520861993783,0.7378501000183885,0.45380374837166276,8.246211251235321,0.36628993471007393,0.5962624937038064,0.9018126369127539,1.0,0.9142399553711971,0.8897186381268488
Exp10_Logish,logish,BraTS20_Training_027.npy,0.7344576554657614,6.164414002968976,0.9968041049998793,0.5814319846157978,0.9000169556886872,1.0,0.9399126427655481,0.863370201379538,0.8386631549916406,1.0,0.7980310257768312,0.8836548619954712,0.7422933480893673,4.358898943540674,0.9085866163081168,0.6274541096349129,0.619698036406188,9.0,0.9605432276074831,0.45739361389717725
Exp10_Logish,logish,BraTS20_Training_028.npy,0.8731589460407101,1.4142135623730951,0.9177165734360209,0.8327277557458669,0.8397974095517191,1.4142135623730951,0.8238628779352656,0.8563604846749667,0.6817153198225191,2.0,0.6512809418967885,0.7151335303084468,0.8166567309744898,1.4142135623730951,0.8349294779123638,0.7991666653347222,0.3776326408030875,4.898979485566356,0.4691830771896735,0.31597691229770736
Exp10_Logish,logish,BraTS20_Training_029.npy,0.9364190210625654,1.0,0.9182691535150568,0.9553008307546133,0.9407520459686749,1.0,0.9169596958115233,0.9658119644361653,0.8895755694905249,1.0,0.858445885180765,0.9230479047094533,0.8191146267396229,1.2071067811865475,0.8251624286759455,0.8131548264659207,0.9243077378605642,1.0,0.9071273903402428,0.9421514153263499
Exp10_Logish,logish,BraTS20_Training_030.npy,0.8575977300936529,1.4142135623730951,0.8215202487621659,0.8969894812216848,0.8258578756918009,10.677078252031311,0.7740914261439896,0.8850441568191051,0.8077194627694991,1.4142135623730951,0.8372093009640441,0.7802364341008845,0.21876519096370833,22.365149677118193,0.1287185347327315,0.7281553162409283,0.8481278059636655,1.4142135623730951,0.8139585747453075,0.8852915287859158
Exp10_Logish,logish,BraTS20_Training_031.npy,0.9175325976158284,1.0,0.9269849060096963,0.9082711105209548,0.8806381540111643,1.4142135623730951,0.846296880733152,0.9178843223295722,0.8487703266862096,1.0,0.819274355319286,0.8804694785245448,0.7423420542897718,3.7416573867739413,0.7029762793428369,0.7863782308832546,0.8444064217077063,1.4142135623730951,0.8754977634371642,0.8154476259355151
Exp10_Logish,logish,BraTS20_Training_032.npy,0.892640631451318,1.0,0.9556981128469064,0.8373892339513989,0.8903251749711808,1.0,0.889099253649398,0.8915544811347633,0.7931134255434446,1.0,0.8598766068599011,0.7359706428569134,0.7604433072176447,4.47213595499958,0.6803101554845429,0.8619745516798606,0.6490060183070372,2.449489742783178,0.7846747510643057,0.5533354061939547
Exp10_Logish,logish,BraTS20_Training_033.npy,0.9549051418338036,0.0,0.9408253139014169,0.9694127927658387,0.9473165292894126,1.0,0.9073701494939971,0.9909421097749239,0.9133302650979198,1.0,0.9297894928291652,0.8974436266143473,0.7299623065713944,5.744562646538029,0.61490534314054,0.8979877499597765,0.9329325837607745,1.0,0.9255177325674943,0.94046720360894
Exp10_Logish,logish,BraTS20_Training_034.npy,0.9384010054681458,1.0,0.9376016947203213,0.9392016801099137,0.9129943767601116,1.0,0.862620873432784,0.9696159513831198,0.8070574324025607,2.0,0.7264838310575179,0.9077332237583198,0.8814840091455041,1.0,0.8796399898420628,0.8833357756200422,0.8652433049410879,1.4142135623730951,0.9098909588499418,0.8247723556648819
Exp10_Logish,logish,BraTS20_Training_035.npy,0.874968599965958,1.4142135623730951,0.8698280846341112,0.8801702352865846,0.8608352486165016,1.7320508075688772,0.8235147691620655,0.9016989186650088,0.7814163683890962,1.0,0.9407303598463728,0.6682476941389993,0.5314763888549405,7.0,0.3753027643968501,0.9102603049627669,0.7199769638673436,3.3166247903554,0.7624121105027938,0.6820165584102379
Exp10_Logish,logish,BraTS20_Training_036.npy,0.8851055609921776,1.0,0.927617376600366,0.8463195465002957,0.8641641904184317,1.0,0.835073067440722,0.8953553424820829,0.8317238536760594,1.4142135623730951,0.7840402851364705,0.8855830214710501,0.7185454493196695,4.358898943540674,0.844444430009497,0.6253164477808045,0.7803436353351983,3.0,0.858197442862277,0.7154404328874434
Exp10_Logish,logish,BraTS20_Training_037.npy,0.8693712828963049,2.23606797749979,0.7759409817531082,0.9883813189694712,0.9250945027928337,1.0,0.930775114341843,0.9194828088999275,0.8454827104285878,1.0,0.8255789687561172,0.8663698723789448,0.8117476126962705,2.0,0.854583195832423,0.7730012839480174,0.8371160176453059,2.23606797749979,0.7332592541555749,0.975247279432021
Exp10_Logish,logish,BraTS20_Training_038.npy,0.8977623849276334,1.0,0.8750137892029769,0.9217253880122565,0.8492256344454686,1.7320508075688772,0.8414411275950914,0.8571555211556526,0.7858022756476036,2.0,0.7806679108978768,0.7910046234590145,0.751261079998403,3.7416573867739413,0.7397762338543825,0.7631081476837049,0.7794117646339755,2.449489742783178,0.7519269450572428,0.808982093113285
Exp10_Logish,logish,BraTS20_Training_039.npy,0.9083206447910147,1.0,0.97789906061792,0.8479856847587695,0.9131315226872808,1.0,0.9247029125435362,0.9018461533836687,0.8678859476436496,1.0,0.8934975823378313,0.8437016853097978,0.8750516137789648,2.0,0.8556201536569442,0.8953861739134931,0.8515013946218479,1.4142135623730951,0.9482564333947748,0.7726629772011159
Exp10_Logish,logish,BraTS20_Training_040.npy,0.9450984865409879,1.0,0.9241265968942601,0.9670443402668323,0.9568925358085912,0.0,0.9332929469621163,0.9817165822798596,0.8843168548692925,1.0,0.8429059683048908,0.9300068977098152,0.9366048860213234,1.0,0.9398214186401324,0.9334102949397018,0.91284677472747,1.0,0.8936486264110481,0.9328878955426334
Exp10_Logish,logish,BraTS20_Training_041.npy,0.9528696656557188,0.0,0.9687407091429545,0.9375102755333053,0.8667223268151679,1.4142135623730951,0.859583368901261,0.8739808570772946,0.8229945186702825,1.4142135623730951,0.8646773971146743,0.7851455724478366,0.6852708540736147,5.0,0.5991649253675236,0.8002788400129702,0.9275064947191513,1.0,0.9474324733870673,0.908401400086153
Exp10_Logish,logish,BraTS20_Training_042.npy,0.9530420463224994,0.0,0.9766805834979588,0.9305207133746558,0.9567702114555421,0.0,0.9622448716473178,0.9513574943928885,0.8632245442028146,1.0,0.869445740203533,0.8570917450257645,0.9334670341104369,1.0,0.9374622351775115,0.9295057409238614,0.9099919548012885,1.0,0.9555315263379295,0.8685956503045228
Exp10_Logish,logish,BraTS20_Training_043.npy,0.8213450291196863,2.23606797749979,0.7504875896362478,0.9069774947831916,0.7580913185423033,2.449489742783178,0.6215935626504107,0.9714053924733211,0.5573546167449154,4.123105625617661,0.4657012177374191,0.6939239029305855,0.7287930189907986,3.1622776601683795,0.5916961814409757,0.9485804386480112,0.765238598933838,3.0,0.717827944447792,0.819354838395025
Exp10_Logish,logish,BraTS20_Training_044.npy,0.7881839541266129,3.1622776601683795,0.7356657959604879,0.8487769605682751,0.6842420590645834,3.0,0.6295479568382142,0.7493438271040431,0.7213114728939257,2.449489742783178,0.7322946123775169,0.7106529160779869,0.05095541293088295,9.1104335791443,0.02985074552610086,0.1739130182734756,0.747238506403197,3.605551275463989,0.6984886936441574,0.8033037012051853
Exp10_Logish,logish,BraTS20_Training_045.npy,0.9485288277244073,1.0,0.9466591979383775,0.9504058569738016,0.9590156740070721,0.0,0.974356230655832,0.944150682401218,0.8946733403143347,1.0,0.947449650605341,0.847466449216406,0.8257317675456485,1.4142135623730951,0.7541686800663553,0.9122999335582109,0.8538248994415386,1.0,0.8298220121348601,0.8792577317170425
Exp10_Logish,logish,BraTS20_Training_046.npy,0.3952905594306998,19.519221295943137,0.25174728956806247,0.9196823472862059,0.48093315172304546,10.63014581273465,0.35263157662742384,0.755994347588232,0.4497863223836201,18.29746006280066,0.3102431812067562,0.8174757122820251,0.25210083327448646,10.246950765959598,0.27607360269487097,0.2319587509299613,0.37398152552734126,19.748417658131498,0.23660329669846553,0.8917631768678828
Exp10_Logish,logish,BraTS20_Training_047.npy,0.8806188498773817,1.7320508075688772,0.8120967741323413,0.9617698513851605,0.9314133956312961,1.0,0.9212158209489419,0.9418392653217089,0.8507580634474685,1.0,0.9083153648609995,0.8000605541273126,0.8353012024681458,2.8284271247461903,0.7566870554615021,0.9321440204740371,0.7513221420139886,3.3166247903554,0.6484652297685116,0.892959783985423
Exp10_Logish,logish,BraTS20_Training_048.npy,0.6046566766396394,13.076696830622021,0.43609562555624487,0.9856226319968906,0.8556783583923141,1.0,0.7717422687901119,0.9601006435654181,0.7387133162000188,1.4142135623730951,0.6413522751526102,0.8709248112380252,0.8188217828128129,2.23606797749979,0.7781690086044436,0.8639562090386536,0.5149583946469934,13.92838827718412,0.3589106989064665,0.9110782856611735
Exp10_Logish,logish,BraTS20_Training_049.npy,0.928340829863579,1.0,0.9297404317785151,0.9269454352800764,0.9522296356824175,0.0,0.965835838062235,0.9390014603321466,0.8561360864445491,1.0,0.9654699891327213,0.7690460581334948,0.3286540022406771,5.830951894845301,0.19800994827850799,0.9660193705815839,0.9188047325803765,1.0,0.919105537625924,0.9185041241833549
Exp10_Logish,logish,BraTS20_Training_050.npy,0.9432747976238189,1.0,0.9415340603124397,0.9450219833944314,0.9550026714246441,0.0,0.9358211671873279,0.9749869557488913,0.8453433341004638,1.0,0.9199002393859234,0.7819658588155379,0.8443346730520711,1.4142135623730951,0.7467732722025204,0.9712184792322879,0.735629645714422,7.0710678118654755,0.805528690517788,0.6768928615218117
Exp10_Logish,logish,BraTS20_Training_051.npy,0.9413867907311663,1.0,0.933445751342153,0.9494641018625102,0.9392531710621007,1.0,0.8984277082725147,0.9839655596556242,0.8822757108087226,1.0,0.8460892782555595,0.9216957598323394,0.8608973589902955,1.0,0.8172623042992532,0.9094547250889076,0.9236122154470157,1.0,0.9212813412435316,0.9259549138643983
Exp10_Logish,logish,BraTS20_Training_052.npy,0.9063012817265923,1.0,0.9885345213566978,0.8366988026619983,0.9468589219649137,1.0,0.9399233916135183,0.9538975646498686,0.8608637458892965,1.0,0.8974028751905958,0.8271836968768586,0.854996539631317,1.0,0.7774582046064027,0.9497145345856072,0.8430300187782297,1.4142135623730951,0.9686016353606217,0.7462805850404892
Exp10_Logish,logish,BraTS20_Training_053.npy,0.9584410665694018,0.0,0.9547693193478957,0.9621411635552786,0.8580341589263435,2.23606797749979,0.7817251666042702,0.9508527304961669,0.8545179416047785,1.0,0.8728196060136679,0.8369680279092018,0.695586835297507,5.916079783099616,0.5760391598970885,0.8777496828347033,0.9357270980786495,1.0,0.9456266291601663,0.9260326910114416
Exp10_Logish,logish,BraTS20_Training_054.npy,0.8795523256816665,1.4142135623730951,0.7928120506540643,0.9876045282421159,0.9336838297402315,1.0,0.8968843520476473,0.9736323023224365,0.8924859837117999,1.0,0.8483735739614683,0.9414373802093551,0.8347021047971465,1.0,0.8404751152601487,0.8290078587735313,0.7331083883158022,2.23606797749979,0.6226539191884959,0.8912012907604474
Exp10_Logish,logish,BraTS20_Training_055.npy,0.9447459062140776,1.0,0.9628752957907353,0.9272865944308227,0.9425895762274058,1.0,0.9409294127212239,0.9442556077877257,0.8504470185417939,1.0,0.9735949600610526,0.7549544465530624,0.7605260660795476,5.916079783099616,0.6177374721522634,0.9891705611883569,0.933200398756835,1.0,0.9540649072944942,0.9132289347120317
Exp10_Logish,logish,BraTS20_Training_056.npy,0.8567474646077856,2.0,0.7639448566925778,0.975214747846313,0.9119300435687273,1.0,0.8679027020764427,0.9606629673635428,0.8582648232080409,1.0,0.8268949949878778,0.8921086547514638,0.8028806316978646,3.7416573867739413,0.739145739569179,0.8786441611401253,0.6266349939481507,5.0,0.502313921855807,0.8327339560195525
Exp10_Logish,logish,BraTS20_Training_057.npy,0.9310785667280538,1.0,0.9026014981683724,0.9614110768170137,0.9091603049579473,1.0,0.9113246038842675,0.9070062608673157,0.8518817820065333,1.0,0.8567282005610958,0.8470898853781542,0.7896419424718,3.4641016151377544,0.7843759898876596,0.7949790769392369,0.9066172493697577,1.0,0.8744164153119341,0.9412803833014337
Exp10_Logish,logish,BraTS20_Training_058.npy,0.7320391415559524,7.211102550927978,0.6852456143442712,0.785691865257236,0.5979590392406592,6.0,0.7379872014322355,0.5025949841517392,0.5571246492189016,6.708203932499369,0.8145497900796813,0.423336173841066,0.5825736322832339,8.789163507126053,0.6340393048711703,0.5388357381718536,0.6040237127850111,8.602325267042627,0.5236604974203232,0.7135242435184493
Exp10_Logish,logish,BraTS20_Training_059.npy,0.7794025856488179,4.47213595499958,0.674511921955972,0.9229226053621991,0.8980295544383508,1.0,0.879401828849967,0.917463508216087,0.7990196050454496,1.0,0.9735494797478713,0.6775534401570461,0.4186046476860079,4.123105625617661,0.27968923108003074,0.8316831408685432,0.7489215684438917,4.898979485566356,0.6407213249567115,0.9010911230309105
Exp10_Logish,logish,BraTS20_Training_060.npy,0.9350016099558972,1.0,0.9318830445824059,0.9381411179901759,0.9067946449918514,1.0,0.9876918618628172,0.838146027171083,0.828234329470318,1.0,0.87465990546954,0.7864887401798784,0.8439509056974598,3.4641016151377544,0.9438936698202998,0.7631463046053262,0.8412925189894426,1.4142135623730951,0.787487906977353,0.9029886455598841
Exp10_Logish,logish,BraTS20_Training_061.npy,0.910865730564944,1.0,0.9029461073518821,0.9189255065722867,0.9251774559073824,1.0,0.8893363155187649,0.9640287761991523,0.7722145799365787,1.0,0.8594611131973957,0.7010489501735153,0.765768169410401,3.0,0.6257633023760347,0.9864771923298713,0.6922978337227362,3.0,0.7236436694927747,0.6635548450269564
Exp10_Logish,logish,BraTS20_Training_062.npy,0.957767382936807,0.0,0.9581650316694464,0.9573700640568843,0.9628392725220224,0.0,0.994536499572384,0.9331001064611714,0.9035990498593874,1.0,0.9845071821038028,0.8349793194240512,0.9095991558782702,1.0,0.8619552174820296,0.9628182218831967,0.915817314558181,1.0,0.8999619378065399,0.9322413850320215
Exp10_Logish,logish,BraTS20_Training_063.npy,0.8675700087199386,1.4142135623730951,0.9181644352442337,0.8222602734094108,0.7292650656919232,4.123105625617661,0.6388613020891715,0.849471827247043,0.7137509340809809,4.358898943540674,0.6344276813024503,0.8157444334526843,0.39346811513632884,5.385164807134504,0.32985657979326494,0.48747590582898065,0.8285229198335614,1.7320508075688772,0.9222200110182813,0.7521090195067254
Exp10_Logish,logish,BraTS20_Training_064.npy,0.8452575035090473,3.0,0.8441371391907178,0.8463808456539403,0.9018680185919459,1.4142135623730951,0.8325386991987913,0.9837929758249474,0.7534630398008023,1.7320508075688772,0.6777966579785338,0.8481465728087935,0.8502999713300756,2.0,0.8007892197931011,0.9063364374587417,0.528923357543585,12.041594578792296,0.7289989935054081,0.41502004567045386
Exp10_Logish,logish,BraTS20_Training_065.npy,0.8022944286593572,3.1622776601683795,0.9378463017193261,0.7009783324227301,0.9023081710513935,1.0,0.9478374811327982,0.8609523789024944,0.8748761953204421,1.0,0.9488005694636571,0.8116385886320411,0.6959632054370812,3.7416573867739413,0.6663405022862965,0.7283422381995482,0.759683747085479,4.47213595499958,0.9043193775049455,0.6549344136203096
Exp10_Logish,logish,BraTS20_Training_066.npy,0.9409852165900983,1.0,0.938601084245967,0.9433814914446833,0.9058323001219951,1.0,0.8744583139030734,0.9395413475055306,0.8013252864741893,1.0,0.7815349096577785,0.8221439834622508,0.8990655642141744,1.0,0.8565332535954484,0.9460425793173369,0.9087303834447079,1.0,0.9167390606472636,0.9008604225954528
Exp10_Logish,logish,BraTS20_Training_067.npy,0.9586000892452928,0.0,0.9476653713340129,0.9697900950839256,0.9605315237545191,0.0,0.978767537386198,0.9429626131885529,0.8841569354551382,1.0,0.9849214560989686,0.8020966970411287,0.791356745696565,3.0,0.672722906456921,0.9607910368532339,0.9276125870343059,1.0,0.9040144721987796,0.9524757191775431
Exp10_Logish,logish,BraTS20_Training_068.npy,0.9357552840992833,1.0,0.9548978029486064,0.9173651693242001,0.9034129272445809,1.0,0.8678282915066252,0.9420405808929013,0.8349139563282705,1.0,0.8585106376889996,0.8125797134909178,0.8294854423011349,3.605551275463989,0.756887677486685,0.9174873075310495,0.7971757680920791,2.23606797749979,0.8819967817418931,0.727237815693605
Exp10_Logish,logish,BraTS20_Training_069.npy,0.7203196903621185,17.60681686165901,0.5770120032709822,0.958332882520976,0.9042236214246315,1.0,0.8427667551768538,0.9753487290098576,0.8145859480497616,1.0,0.80960910958377,0.8196243518007614,0.8388613059023879,2.449489742783178,0.7398175972951511,0.9685231660209462,0.6126671015484102,20.223748416156685,0.4671449768600862,0.8898756944576693
Exp10_Logish,logish,BraTS20_Training_070.npy,0.8867013913376283,1.4142135623730951,0.8435323467820207,0.9345272369506454,0.8060060256497462,2.449489742783178,0.6937028848002882,0.9616941024784135,0.7224447289640962,2.0,0.7077611231988064,0.7377505106439669,0.7012943443847546,4.242640687119285,0.5564033178563619,0.9482159049378471,0.6552967783981708,3.605551275463989,0.7168330952581878,0.6034903356714242
Exp10_Logish,logish,BraTS20_Training_071.npy,0.9309962464414444,1.0,0.9639025612644395,0.9002625156584916,0.6068081696417545,17.46424919657298,0.6127466835906682,0.6009836582574521,0.8118299441719825,3.0,0.6988066820216335,0.9684674741251738,0.20524818197581526,22.47220505424423,0.27158634492706435,0.16495578802220165,0.8742433506809665,1.4142135623730951,0.9082591567248859,0.8426834626627688
Exp10_Logish,logish,BraTS20_Training_072.npy,0.7853842470894156,3.4641016151377544,0.9042098612932771,0.694161833156398,0.9397012639502368,1.0,0.9146325428558147,0.9661829037413644,0.8903048580646099,1.0,0.8973824677026282,0.8833380160485141,0.7307058948673258,3.0,0.6276284765416045,0.8742939696909313,0.58115959939618,5.916079783099616,0.803566849718365,0.4551777558288802
Exp10_Logish,logish,BraTS20_Training_073.npy,0.920707279905062,1.0,0.8982681549679309,0.9442962051183508,0.941130059798164,1.0,0.9160021259873578,0.9676755064164272,0.7241331544742909,3.605551275463989,0.828964058320334,0.6428395764875485,0.5986719782216273,5.477225575051661,0.4526710396938398,0.8836905361116295,0.8524687463641226,1.0,0.8329104745078252,0.8729676337665372
Exp11_Smish,smish,BraTS20_Training_001.npy,0.9124347994500077,1.0,0.8471518672033687,0.9886194596738122,0.9399301981140173,1.0,0.9728609468628318,0.9091558285020545,0.8859824209675417,1.0,0.9120106694138812,0.8613986106286945,0.8603556158663169,1.4142135623730951,0.8992423746038708,0.8246926772227017,0.8739519690789906,1.4142135623730951,0.7874565082224718,0.9817937365564986
Exp11_Smish,smish,BraTS20_Training_002.npy,0.8890124742426005,1.4142135623730951,0.9423484462671479,0.8413906136447791,0.910817286091396,1.0,0.9800751155515468,0.8507017345282895,0.855215757756407,1.0,0.8518857827883863,0.8585718669458728,0.8610789976584398,3.1622776601683795,0.9757641910744933,0.7705172407150713,0.8329437848553796,1.4142135623730951,0.8788233228300244,0.7916169135366269
Exp11_Smish,smish,BraTS20_Training_003.npy,0.7003204638027895,5.0990195135927845,0.7698191697353578,0.6423312709900256,0.9033490374336571,1.0,0.9506834603305186,0.8605046073253164,0.8570545497495681,1.0,0.9249499635592062,0.7984451459877767,0.6468885626129627,2.8284271247461903,0.6098226383380267,0.6887519154275514,0.6602631897185597,5.477225575051661,0.7302116886293099,0.6025442230934007
Exp11_Smish,smish,BraTS20_Training_004.npy,0.9591781646287322,0.0,0.9627263821600643,0.9556560055281914,0.9220047320021499,1.0,0.8997858848399236,0.9453486829229638,0.8950905486364281,1.0,0.9090451893749226,0.8815578618535792,0.7524426387350738,4.123105625617661,0.692323231623916,0.8239961519307573,0.945700366676768,1.0,0.9578776662982691,0.9338287952254808
Exp11_Smish,smish,BraTS20_Training_005.npy,0.7349611325565393,12.206555615733702,0.5865726197875856,0.9838514671987466,0.8267567919822865,25.942243542145693,0.7132146908646614,0.9832950501322875,0.7391742191232101,25.897869814979167,0.669572267717847,0.8249250738949487,0.6013444681170412,30.31170420950507,0.4420485161963207,0.9401273825469594,0.4401459848660025,16.76305461424021,0.2909295588759576,0.9035963990829351
Exp11_Smish,smish,BraTS20_Training_006.npy,0.9326435015388428,1.0,0.8910073313458421,0.9783616813756913,0.9128447445757584,1.0,0.8587000221445834,0.9742770975001198,0.8099779105274539,1.0,0.9039926237056071,0.7336760253981599,0.5700273241189563,5.0990195135927845,0.4104116220690014,0.9328135737986545,0.9114330301742316,1.0,0.8770974622560684,0.948566378073441
Exp11_Smish,smish,BraTS20_Training_007.npy,0.9205067519369589,1.0,0.9167822116830658,0.9242616782076293,0.932930384956826,1.0,0.9205817715595043,0.9456147883215662,0.8842191325558306,1.0,0.8779022554344825,0.890627572244066,0.8421052618879427,15.280698031626052,0.8216597974642148,0.8635941822963371,0.8857893335407319,1.0,0.8847891063152478,0.8867918244834592
Exp11_Smish,smish,BraTS20_Training_008.npy,0.8174551623407713,1.4142135623730951,0.9219866636001594,0.7342127819949011,0.8098873107601333,1.4142135623730951,0.8143274794274307,0.8054952942480456,0.8633093486361989,1.0,0.7927332717363066,0.947680148591509,0.32637570538186517,4.54944377296896,0.5477706657470913,0.232432426150475,0.8059652211085784,1.7320508075688772,0.9132346061065519,0.7212468912118664
Exp11_Smish,smish,BraTS20_Training_009.npy,0.8964322031518505,1.0,0.8331873349835068,0.9700672329153035,0.8237212024495024,3.3166247903554,0.7288642353188738,0.9469622106268166,0.7129412047391706,3.1622776601683795,0.5811477180053146,0.9220435132092627,0.7114762929665416,7.0710678118654755,0.729097649183981,0.6946866072844256,0.8189508584272499,2.23606797749979,0.7898129773712163,0.8503210094254681
Exp11_Smish,smish,BraTS20_Training_010.npy,0.8472121483269192,1.7320508075688772,0.8324246055898227,0.8625345771338236,0.9038821146653586,1.0,0.8638833273321657,0.9477647043956633,0.8841258102290172,1.0,0.831608217470094,0.9437237010103021,0.6191275115845007,3.605551275463989,0.7082533453310299,0.5499254761561032,0.8217988840901076,2.0,0.811594592197276,0.8322630430691333
Exp11_Smish,smish,BraTS20_Training_011.npy,0.9151590206659523,1.0,0.96267416815265,0.8721137069626597,0.9154420391025673,1.0,0.9394815448207753,0.892602086712505,0.7655251290011942,1.4142135623730951,0.9852788344557,0.6259214428144775,0.45618396448697335,5.0,0.31892244119286894,0.8008728816100771,0.8927251948905811,1.0,0.9446570708528829,0.8462056198792264
Exp11_Smish,smish,BraTS20_Training_012.npy,0.8676587602438487,2.23606797749979,0.8083341216970019,0.9363809102768469,0.9210412942820843,1.0,0.9037439602611789,0.9390136768239257,0.8372174209328642,1.0,0.802946591657548,0.8745441267787306,0.7625208665222853,2.23606797749979,0.7919375778416229,0.7352112646470371,0.7977486102111848,4.242640687119285,0.7292173687164436,0.8804969836157669
Exp11_Smish,smish,BraTS20_Training_013.npy,0.904356381426143,1.0,0.8926174494718018,0.9164081883825752,0.902141111904677,1.0,0.8638458886385649,0.943989173036622,0.7015527562030166,1.4142135623730951,0.7103243359486894,0.6929951674082243,0.8835529323479916,1.0,0.8273628040897839,0.947931447497073,0.8410880119359059,1.4142135623730951,0.8414979245247459,0.8406784982438579
Exp11_Smish,smish,BraTS20_Training_014.npy,0.903908445618545,1.0,0.9531481526793645,0.8595062845816435,0.8899152356571188,1.0,0.9138828952779247,0.8671726082360846,0.8366487118455952,1.0,0.8871296081841611,0.7916035922940743,0.5731225293206536,3.7416573867739413,0.5517503799176448,0.5962171045627149,0.847230599931942,1.4142135623730951,0.9052737335256912,0.7961820605541543
Exp11_Smish,smish,BraTS20_Training_015.npy,0.9452499284155713,1.0,0.9358832120702161,0.9548060322990451,0.6950911021391315,6.164414002968976,0.5362900941696611,0.9874999989713542,0.8166984273364112,1.4142135623730951,0.7617196170165301,0.8802310643385994,0.29661421049440706,12.36931687685298,0.17925072025446603,0.8591160173529502,0.9274683669999426,1.0,0.9515751323342091,0.9045528425758318
Exp11_Smish,smish,BraTS20_Training_016.npy,0.9083525195424672,1.0,0.9208334644572536,0.8962053827257038,0.7998465057631576,3.605551275463989,0.6849471786463786,0.9610642436691608,0.6300131892359891,2.23606797749979,0.9897168283403294,0.46207588389449467,0.07002277437369633,12.206555615733702,0.036718833540080986,0.7529239711043569,0.8130361854674076,2.23606797749979,0.8853689181555985,0.7516296617462439
Exp11_Smish,smish,BraTS20_Training_017.npy,0.9308462326807537,1.0,0.9606232550608618,0.902859740936936,0.8667614270716086,1.4142135623730951,0.8299426928152274,0.9069985901777058,0.850893850533106,1.0,0.9349546683912007,0.780701753447847,0.6087411667026598,6.164414002968976,0.4976465547031143,0.7836927206116516,0.903951565748756,1.0,0.9438899378445139,0.8672557787739366
Exp11_Smish,smish,BraTS20_Training_018.npy,0.7369162769055029,6.6332495807108,0.787567604393426,0.6923863976943753,0.5094514203444133,13.30413469565007,0.9464636495753259,0.34852595343004894,0.6399837451442834,13.92838827718412,0.9292035343409821,0.4880694128042472,0.14453272741379974,11.785577522743512,0.5601172856270591,0.08297132891845643,0.7172738991745422,7.14142842854285,0.7389972476393448,0.6967912264877716
Exp11_Smish,smish,BraTS20_Training_019.npy,0.8978667214747765,1.4142135623730951,0.846153845960647,0.9563119320405883,0.9129083642146323,1.0,0.8506837977073618,0.9849543553561624,0.8028195136325267,1.0,0.8820951789645418,0.7366181595297268,0.655269292453064,3.7416573867739413,0.51062045788092,0.9142618833790461,0.7600325377892189,2.449489742783178,0.7233548383985571,0.8006283915068892
Exp11_Smish,smish,BraTS20_Training_020.npy,0.898177986700037,1.4142135623730951,0.8441999188715933,0.959530266663187,0.8197429603055468,3.605551275463989,0.700348669624788,0.9882116607137704,0.714791247742222,1.4142135623730951,0.7930106533000293,0.6506169850439701,0.6943848265040191,5.385164807134504,0.5399662880877433,0.9724979526308697,0.7322915827038025,6.782329983125268,0.8210125163326507,0.6608755069332719
Exp11_Smish,smish,BraTS20_Training_021.npy,0.7771354783295843,3.605551275463989,0.7021270821254199,0.8700870790202444,0.8860118201651076,1.0,0.8329511362974932,0.9462925832739628,0.7069163154924006,1.4142135623730951,0.9240759209987481,0.5724009889183148,0.09900284865027476,10.488088481701515,0.05213803431306063,0.9788731705018894,0.7283257658417064,4.123105625617661,0.653179005209151,0.8230113518268447
Exp11_Smish,smish,BraTS20_Training_022.npy,0.9476059342733023,1.0,0.9648697846435788,0.930949008366721,0.9196622679070963,1.0,0.8905898094165259,0.950696863780245,0.8705635008242099,1.0,0.863564019063957,0.8776773756817953,0.7980852161471084,3.4641016151377544,0.7452480664100772,0.8589862598784012,0.8844937704382039,1.0,0.9366345612612698,0.8378520284396533
Exp11_Smish,smish,BraTS20_Training_023.npy,0.8945336786406044,1.0,0.8396517761740019,0.9570917756584272,0.93941383604745,1.0,0.8979801432740042,0.9848560694713041,0.85017648112104,1.0,0.8368839710735266,0.8638980643096762,0.8862535486167917,1.0,0.8052815286002709,0.9853296174831391,0.8184647775853744,1.4142135623730951,0.7577658173675612,0.8897347858437903
Exp11_Smish,smish,BraTS20_Training_024.npy,0.8192551633879165,4.0,0.742395661313087,0.9138669180881116,0.7642324750184661,8.774964387392123,0.6372197648935414,0.9544831519391872,0.7410229149713492,9.841222977196521,0.5948418903926223,0.982460260760739,0.5890216724842803,12.423752729190127,0.5663096386245188,0.6136315665464622,0.7810923108384543,3.7416573867739413,0.7331205624090114,0.8357816906633365
Exp11_Smish,smish,BraTS20_Training_025.npy,0.9151590725985572,1.0,0.9543826680073556,0.8790322579542678,0.9632964354426015,0.0,0.9855590774646944,0.9420173505264747,0.8972241835794382,1.0,0.9474559737581277,0.8520505541129478,0.947398335930502,1.0,0.9414150744806865,0.953458137829715,0.8254491595304978,1.7320508075688772,0.8772996055416941,0.7793856553787032
Exp11_Smish,smish,BraTS20_Training_026.npy,0.9428082585991912,1.0,0.939895699661114,0.9457389245324237,0.7479431562219759,5.744562646538029,0.8163148395106937,0.6901394806542668,0.6997363580433488,2.8284271247461903,0.6670045612996264,0.7358464187429075,0.38040679699394736,11.045361017187261,0.5259410870108204,0.2979581546266911,0.8844402181756796,1.4142135623730951,0.86138848263621,0.908759660242958
Exp11_Smish,smish,BraTS20_Training_027.npy,0.7364142656048456,6.0,0.9949735924566417,0.5845181534800202,0.9140481298064744,1.0,0.9386140947788084,0.8907352773103047,0.839324077070791,1.0,0.7809069207751153,0.9071879109259112,0.753249226016068,4.123105625617661,0.9142493922174397,0.6404630823830448,0.6186622883688158,8.306623862918075,0.9595004241640595,0.4565016729599052
Exp11_Smish,smish,BraTS20_Training_028.npy,0.8666760455668082,1.4142135623730951,0.9024807105662268,0.8336039689519152,0.8332490302366383,1.4142135623730951,0.8239962646231851,0.8427119563176373,0.6732195008575491,1.7320508075688772,0.6478218563962579,0.7006898156194437,0.8129271784550441,1.4142135623730951,0.8387602283845373,0.7886378507062249,0.343723543181926,5.0,0.40718453609193195,0.29737648115944004
Exp11_Smish,smish,BraTS20_Training_029.npy,0.932785106428385,1.0,0.9168898652921541,0.9492411913543584,0.9295736454080027,1.0,0.92737354486425,0.9317842085449325,0.8800074348173553,1.0,0.8303806335197674,0.9359430586477995,0.7446169235237433,3.3166247903554,0.8783224992420408,0.6462407620763113,0.920166196679759,1.0,0.9026693595169551,0.9383547390738353
Exp11_Smish,smish,BraTS20_Training_030.npy,0.8378568929341054,2.23606797749979,0.7835693936134278,0.9002266785904024,0.8235060019741951,9.444551501746252,0.786121310895123,0.8646239542275432,0.8005908413273802,1.4142135623730951,0.8373719290333844,0.7669049735375262,0.23306232957063083,21.95449840010015,0.14759725316019878,0.5536480567886684,0.8264842321806334,2.23606797749979,0.7715491786300005,0.8898418382955576
Exp11_Smish,smish,BraTS20_Training_031.npy,0.9111842510193667,1.0,0.907080623278061,0.9153251769632813,0.9036573368678069,1.0,0.8863628386884318,0.9216401572589961,0.8691606440722779,1.0,0.8408426243644477,0.8994525364652202,0.7579753917645506,2.8284271247461903,0.7771566690177418,0.7397181467648575,0.8439683628627617,1.4142135623730951,0.8468114819018228,0.8411442709880877
Exp11_Smish,smish,BraTS20_Training_032.npy,0.888073075095594,1.0,0.9630566034101673,0.8239225178938103,0.8826831319442371,1.0,0.9021801486504991,0.8640109885362577,0.7798794618544833,1.0,0.8795357096313545,0.7005080363950129,0.7588904688770338,4.358898943540674,0.6781492301027721,0.8614564817350937,0.6443579763587284,2.8284271247461903,0.7759647179978338,0.5509197647350922
Exp11_Smish,smish,BraTS20_Training_033.npy,0.9541236073506714,0.0,0.9453270265091072,0.9630854359904049,0.9413085239835713,1.0,0.8952576469327622,0.992353904518317,0.9121619520873842,1.0,0.9175463795880152,0.9068403501007283,0.7294617558573218,5.385164807134504,0.6170620649208458,0.8919293368688442,0.9313406423056293,1.0,0.9319187909294337,0.9307632104921623
Exp11_Smish,smish,BraTS20_Training_034.npy,0.9406224450351217,1.0,0.9422864817203448,0.9389642751189957,0.9110294713095797,1.0,0.8737356894801076,0.9516488303346934,0.8121144137269513,1.7320508075688772,0.7408923451736011,0.8984859762231393,0.8651706940772029,1.4142135623730951,0.877839941192975,0.8528619365444714,0.8703168248695433,1.0,0.9077444833631526,0.8358533450270079
Exp11_Smish,smish,BraTS20_Training_035.npy,0.8694892518748417,1.7320508075688772,0.8306739917945068,0.9121097976776046,0.8310123945073103,2.449489742783178,0.7656198139799162,0.90861869454011,0.783269961834688,1.0,0.8872722772701046,0.7010910272916167,0.5125509419075804,7.803794479504376,0.3623987303255664,0.8751512697910939,0.7370636294809423,2.8284271247461903,0.7475606253596067,0.7268573419159897
Exp11_Smish,smish,BraTS20_Training_036.npy,0.8943283194646113,1.0,0.9365893139931265,0.8557164863755214,0.8579367205718951,1.0,0.8326374376606864,0.8848215920043971,0.8230392658858043,1.4142135623730951,0.7652527585410561,0.8902658835280174,0.6516709469686958,4.898979485566356,0.8666666518518521,0.5221421161468371,0.7955962191858053,2.8284271247461903,0.8718598491936318,0.7316013306845403
Exp11_Smish,smish,BraTS20_Training_037.npy,0.869011059749856,2.23606797749979,0.7747980998491614,0.9893076975593535,0.9368846193784772,1.0,0.9118221991705668,0.9633637134811819,0.8401764259905417,1.0,0.8147298137459282,0.8672638430061713,0.843174460964854,1.0,0.8253031783838052,0.861836850129108,0.8397069927651599,2.23606797749979,0.7386537876119007,0.9727920075727174
Exp11_Smish,smish,BraTS20_Training_038.npy,0.8988972154322281,1.0,0.8726640925678252,0.9267564051913967,0.8125730127548522,4.47213595499958,0.7566501317678617,0.8774219588006519,0.7248181816534504,5.385164807134504,0.661522505429777,0.8015079161590812,0.7624375027164806,3.7416573867739413,0.7427662029873011,0.7831790900201575,0.7716084715967008,2.449489742783178,0.7678587320846861,0.775395013432188
Exp11_Smish,smish,BraTS20_Training_039.npy,0.9069080360167859,1.0,0.9767805139573832,0.8463646540370027,0.914567849117691,1.0,0.9155536855002873,0.9135841330009004,0.8666743530240693,1.0,0.8790737557468629,0.8546198735279165,0.8792502895345412,1.4142135623730951,0.8561046497801927,0.903682235077255,0.8519811460557761,1.4142135623730951,0.9551088774310617,0.7689535109923122
Exp11_Smish,smish,BraTS20_Training_040.npy,0.944818508353097,1.0,0.926104674440702,0.964304242377732,0.9586213448112043,0.0,0.9403061578927033,0.9776641873646008,0.8863349987211959,1.0,0.8502417468946976,0.9256284595128286,0.9333473063997727,1.0,0.9410894484381627,0.9257315103551107,0.912904142673297,1.0,0.8945224181208539,0.9320571765680273
Exp11_Smish,smish,BraTS20_Training_041.npy,0.9481629619712545,1.0,0.9665463295863882,0.9304658324569376,0.8634391507953781,1.4142135623730951,0.8759696671524714,0.8512620694127884,0.8044746491823692,1.7320508075688772,0.8752781038145817,0.7442688618470189,0.6978352364734889,4.58257569495584,0.6056889337012292,0.8230496424714551,0.9241447858093146,1.0,0.9429363441156593,0.9060875778154093
Exp11_Smish,smish,BraTS20_Training_042.npy,0.95329351541198,0.0,0.9740329641736324,0.9334188366512269,0.9583045733366177,0.0,0.9575701839329781,0.9590400898101568,0.8607945632878216,1.0,0.8537875248334176,0.8679175666115441,0.9335067791730858,1.0,0.9394763338673332,0.9276126076724607,0.9110364882290788,1.0,0.9579982425633581,0.868463776728913
Exp11_Smish,smish,BraTS20_Training_043.npy,0.716863130203526,4.123105625617661,0.5849207831935341,0.9256691045090402,0.3766926545171393,5.477225575051661,0.23825590418082546,0.8991185068603403,0.30374639681917465,8.774964387392123,0.20083841386875603,0.6229314347171225,0.34597005360629174,5.385164807134504,0.21369539509308266,0.9080267482606459,0.7282007323446971,5.0,0.6288059749591879,0.8649173951293825
Exp11_Smish,smish,BraTS20_Training_044.npy,0.8082990888220065,2.8284271247461903,0.7344125322535705,0.8987155723057604,0.6477472187017342,3.605551275463989,0.6102535798773232,0.6901496216324836,0.7197382743739066,3.0,0.7011331395103886,0.7393577241272762,0.0,26.013456563760762,0.0,0.0,0.7691278159494191,3.0,0.6961236728794856,0.8592381624355727
Exp11_Smish,smish,BraTS20_Training_045.npy,0.9493112859892345,1.0,0.9501891816620316,0.9484350109239674,0.9553895858581581,0.0,0.9729295953753959,0.9384708005610267,0.8945010476558396,1.0,0.9396063149125577,0.8535279244188627,0.8249671229351871,1.4142135623730951,0.7769453837741993,0.8793162387149974,0.8536170211630828,1.0,0.8327538786693077,0.8755524030564807
Exp11_Smish,smish,BraTS20_Training_046.npy,0.2835193573335078,18.601075237738275,0.1670518958320808,0.9363047487102024,0.4467005057246171,6.4031242374328485,0.34736841876731306,0.625592409649379,0.46079484177876023,4.358898943540674,0.3161385385693549,0.8495049336731697,0.1872509922858368,14.31607285296682,0.28834354059242084,0.1386430637568418,0.2559932775799532,18.973665961010276,0.14872781570595375,0.9182624097193929
Exp11_Smish,smish,BraTS20_Training_047.npy,0.8838114112925849,1.7320508075688772,0.8200934578821154,0.9582647138276634,0.9257294214755812,1.0,0.9208141887156099,0.9306974099325002,0.8512645044850841,1.0,0.8940658101640369,0.8123740024383502,0.8335482501927984,3.0,0.7800958833592012,0.8948645980069542,0.7693099559821802,3.0,0.6684413776488001,0.9060310982784174
Exp11_Smish,smish,BraTS20_Training_048.npy,0.6364518363048158,9.539392014169456,0.47115154400931925,0.9804284385592282,0.8806274495990158,1.0,0.8110372701212445,0.963280710489771,0.7432861659160087,1.4142135623730951,0.6305732453181124,0.9050632847745198,0.791208788491728,2.0,0.8112675999206507,0.7721179572914346,0.5582012730439655,10.198039027185569,0.39968189913892394,0.9251144824233506
Exp11_Smish,smish,BraTS20_Training_049.npy,0.9319142360295652,1.0,0.9312117412436721,0.9326177913529893,0.9532450886493968,0.0,0.9593897701775038,0.9471786148765834,0.8536734933721655,1.0,0.9536859387402413,0.7726465346966107,0.3341563758505648,5.830951894845301,0.20199004774139256,0.9666666206349228,0.9228552977077288,1.0,0.9215460622390234,0.9241682583325038
Exp11_Smish,smish,BraTS20_Training_050.npy,0.9355001500587379,1.0,0.9351357563108048,0.9358648277839157,0.9440287103845016,1.0,0.9141651742322267,0.9759092748520195,0.8383014964049303,1.0,0.8926604907389193,0.7901829231062035,0.8364071312918991,1.7320508075688772,0.7388063961339787,0.9637203408337168,0.69326510832068,12.035355391973392,0.8080270786524605,0.6070477109426933
Exp11_Smish,smish,BraTS20_Training_051.npy,0.9389551449918695,1.0,0.9283622603497275,0.9497925554840404,0.9339784232551075,1.0,0.8852683144096682,0.9883609991805883,0.8750700276610364,1.0,0.8343380382797878,0.9199831712915582,0.858211655776262,1.0,0.7992807354477844,0.9265242289564246,0.9221514097662152,1.0,0.9181087524113493,0.9262298261050754
Exp11_Smish,smish,BraTS20_Training_052.npy,0.9051269929897129,1.0,0.9826766131821266,0.8389220147381072,0.9475371807383214,1.0,0.9333378126917964,0.9621752677781952,0.8653805603703455,1.0,0.8809830426261183,0.8503211095397544,0.8691028607220583,1.0,0.8080172554233017,0.9401798767199752,0.8449173645800461,1.4142135623730951,0.9678037099669644,0.7497218442484479
Exp11_Smish,smish,BraTS20_Training_053.npy,0.9583713931827125,0.0,0.9535757891050187,0.9632154759010293,0.858701553673061,2.23606797749979,0.7866041396491856,0.9453489690621946,0.8433039114943316,1.0,0.8543828650315932,0.8325086049564236,0.7085568072092916,5.830951894845301,0.5973616522049601,0.8706166857670898,0.9375427543813319,1.0,0.9453860035335564,0.9298285749615552
Exp11_Smish,smish,BraTS20_Training_054.npy,0.8920424912236803,1.0,0.8125007811972622,0.9888481490683186,0.9319254726484084,1.0,0.8914600254137826,0.9762392459249021,0.8905616276739943,1.0,0.8419718581737329,0.9451030454331194,0.8434004467983591,1.0,0.8502480817166621,0.8366622269024083,0.7588700320051169,2.0,0.6606845033800746,0.8913325936012256
Exp11_Smish,smish,BraTS20_Training_055.npy,0.9402465848920166,1.0,0.9680453468678882,0.9139998150849835,0.9409372773064494,1.0,0.9405229637308475,0.94135195542657,0.8617078118725512,1.0,0.9766230608325787,0.7709887160346255,0.7503936271645887,5.0990195135927845,0.6226560088800246,0.944068979389259,0.9264847193557638,1.0,0.9580806424194721,0.8969062277368369
Exp11_Smish,smish,BraTS20_Training_056.npy,0.8593500208298713,2.23606797749979,0.7721392074092086,0.9687696548045939,0.9095700926777173,1.0,0.870537578846908,0.9522671349904158,0.8565034707580143,1.0,0.8298597279393515,0.8849148299509674,0.8019519609595336,3.1622776601683795,0.7424313532710264,0.8718478698196943,0.6376665078979344,5.0,0.5169205550921131,0.8320142762011062
Exp11_Smish,smish,BraTS20_Training_057.npy,0.9328411090513156,1.0,0.9031437075053785,0.9645579492342486,0.915762012574366,1.0,0.9251827912555834,0.9065311555260487,0.8589323674889776,1.0,0.8677580391643352,0.8502844131396082,0.7694483721995155,3.7416573867739413,0.7773896450384578,0.7616677014260494,0.9098676117952502,1.0,0.8751669655032925,0.9474336550001468
Exp11_Smish,smish,BraTS20_Training_058.npy,0.749920257131515,4.47213595499958,0.6564902213424486,0.8743564687277616,0.618828484356699,5.196152422706632,0.6923211165257004,0.559441545358228,0.6288864111056074,5.0990195135927845,0.7568574824733788,0.5379317646345287,0.5507012588830482,7.14142842854285,0.5862430828217486,0.5192226442592119,0.6504373033246226,5.656854249492381,0.5326984297560164,0.8349896391011566
Exp11_Smish,smish,BraTS20_Training_059.npy,0.7885465431053791,4.58257569495584,0.6986264369555419,0.9050332379142134,0.8726671370832338,1.0,0.8909792528172732,0.8550925886338305,0.8071195030616799,1.0,0.9479522103417047,0.7027197931516774,0.49054053722607743,3.605551275463989,0.4028856781033776,0.6269429943533162,0.7555886019486738,5.0990195135927845,0.6605577686472813,0.882557292047651
Exp11_Smish,smish,BraTS20_Training_060.npy,0.9364566906020325,1.0,0.9358717204103439,0.9370423924192611,0.9114572903352612,1.0,0.9887054732149708,0.8454052445718729,0.8287395661956585,1.0,0.8533885723142539,0.8054744946857275,0.8380801305458023,3.1622776601683795,0.9497221914425743,0.7499247276227259,0.845484156260507,1.4142135623730951,0.7976743743388898,0.899390439332822
Exp11_Smish,smish,BraTS20_Training_061.npy,0.897461473019435,1.0,0.8620359277307612,0.9359234405076593,0.8438814974948436,1.4142135623730951,0.7402684558238117,0.9812197281988537,0.7679096388922253,1.0,0.7597979167792439,0.7761964329430773,0.6942741244276256,4.242640687119285,0.535039254819658,0.9884501719354011,0.6190045245134211,4.242640687119285,0.6872069649200175,0.5631174527298382
Exp11_Smish,smish,BraTS20_Training_062.npy,0.9489200099622727,1.0,0.9486228589258284,0.9492173471521567,0.9609147168014827,0.0,0.9953939101921409,0.928744185873722,0.9042447569224755,1.0,0.9819858670397817,0.8379097546175877,0.9037260613801711,1.0,0.8679528184386481,0.9425749017897445,0.9019098666698899,1.0,0.8838236092780356,0.9207518097453463
Exp11_Smish,smish,BraTS20_Training_063.npy,0.8699264937786562,1.0,0.9368260031075901,0.8119448489911542,0.6730743549952285,3.7416573867739413,0.8344918873403114,0.5639821016465725,0.7335058198932605,3.0,0.7546583817450825,0.7135067084164987,0.308447247429207,4.47213595499958,0.5736636170317652,0.21093000857655794,0.7530720847832258,2.23606797749979,0.7741197525620452,0.7331386579378875
Exp11_Smish,smish,BraTS20_Training_064.npy,0.8497322070478973,3.0,0.8320617856460824,0.8681694434424295,0.9013379392562504,1.4142135623730951,0.835867402380665,0.9779362242719193,0.7542769967225086,1.7320508075688772,0.6861229111622421,0.8374641360442933,0.844952008854532,2.23606797749979,0.7954305955482095,0.9010489419396416,0.5294177316571774,13.892443989449804,0.6563128768509099,0.4436416183085508
Exp11_Smish,smish,BraTS20_Training_065.npy,0.7523275567868964,4.898979485566356,0.8889825741231099,0.6520881190280708,0.8642384095739849,1.4142135623730951,0.9577981626270035,0.7873303150456146,0.8828888506163842,1.0,0.9541711387247721,0.8215166435834875,0.5514675462940573,6.708203932499369,0.6526418722833477,0.4774516787583989,0.6930005553739781,5.916079783099616,0.8280783268559678,0.5958107322362738
Exp11_Smish,smish,BraTS20_Training_066.npy,0.9357262382081889,1.0,0.9445298378554245,0.9270852328651814,0.9001353534382703,1.0,0.8817670261420562,0.9192852320166655,0.8031626145839258,1.0,0.785458741159309,0.8216829641172486,0.8714681849123375,1.4142135623730951,0.8555032359395185,0.8880403224560252,0.8981609117105245,1.0,0.916076082274227,0.8809330136344596
Exp11_Smish,smish,BraTS20_Training_067.npy,0.9560962007223843,0.0,0.9360718542405453,0.9769959917769697,0.9572980807881126,0.0,0.9607040992882071,0.9539161276520635,0.8897085944322085,1.0,0.9770896156199804,0.8166735635165443,0.7609601836227492,3.3166247903554,0.6355850803300904,0.9479527265752027,0.9234258380463056,1.0,0.893639096425332,0.9552667499494842
Exp11_Smish,smish,BraTS20_Training_068.npy,0.9349705337090937,1.0,0.9568270298670698,0.9140902598688124,0.9003479237149837,1.0,0.8735774512431224,0.928811008768123,0.8358239859065318,1.0,0.8587943256320608,0.8140504196208065,0.824177613499029,3.605551275463989,0.7661217071520225,0.8917537877999802,0.7971045182609582,2.23606797749979,0.8765348459325367,0.7308737861497356
Exp11_Smish,smish,BraTS20_Training_069.npy,0.7129638743678445,20.024984394500787,0.5660768133224301,0.9627914704001338,0.9093391001534779,1.0,0.8486930628278241,0.9793194578859202,0.8081675117674055,1.0,0.7950866862036423,0.8216859498699597,0.8494033618298628,2.23606797749979,0.7580060105928045,0.965863320590384,0.600536343091613,23.091122212300473,0.4521717869648794,0.8938088491136057
Exp11_Smish,smish,BraTS20_Training_070.npy,0.8870440837802408,1.4142135623730951,0.8562146989056767,0.9201765164189891,0.8285125615581107,2.0,0.7350507281258711,0.9492040252701907,0.7231751400956945,1.4142135623730951,0.737816840039381,0.7091032500874099,0.7155071155411218,3.605551275463989,0.5809785740225443,0.9311104785076707,0.6454018395416381,4.123105625617661,0.7022111266484437,0.597096394906525
Exp11_Smish,smish,BraTS20_Training_071.npy,0.932191564772994,1.0,0.9653277206050773,0.9012547970640548,0.6032010094644329,17.72004514666935,0.5669686182643326,0.6443804383843729,0.7986357686420128,4.47213595499958,0.67995226676217,0.9675118848001903,0.18216939065217727,23.043437243605826,0.20515394878655632,0.163816140882127,0.8820542225569532,1.4142135623730951,0.9251668971458196,0.8427807339563496
Exp11_Smish,smish,BraTS20_Training_072.npy,0.7851513274106052,3.605551275463989,0.910588439179258,0.6900888892412881,0.9388125367466308,1.0,0.9070511413937834,0.9728789656938004,0.8866821424230243,1.0,0.8831387546361604,0.8902540785283992,0.7351374846564843,3.0,0.6378123520624117,0.8675131449692021,0.5842079766889827,5.916079783099616,0.82459189173397,0.45234188187407726
Exp11_Smish,smish,BraTS20_Training_073.npy,0.9139614336772295,1.0,0.88631820101837,0.9433844974553185,0.92882376403747,1.0,0.8930238047769958,0.9676139266720342,0.8101459570271984,1.0,0.783298096423575,0.8388995801665351,0.8673211775123975,1.0,0.8279555484965115,0.9106169917381579,0.8477096964515709,1.0,0.8263863715743435,0.8701625826768329
Exp12_TanhExp,tanhexp,BraTS20_Training_001.npy,0.9165525076204882,1.0,0.8544256111198522,0.9884225759226625,0.9285221485047886,1.0,0.9816834546760024,0.8808227714770781,0.8819340328332537,1.0,0.9329896903853401,0.8361762612792608,0.8439866332983885,2.449489742783178,0.8913423551827091,0.8014089422441727,0.8740261201397347,1.4142135623730951,0.7866641246373706,0.983215929156685
Exp12_TanhExp,tanhexp,BraTS20_Training_002.npy,0.8912516916478987,1.0,0.9582425453006831,0.8330154775187774,0.9317052215341152,1.0,0.9665796670911072,0.8992596974241873,0.8503633391291981,1.0,0.8755535182843892,0.8265820948153639,0.9156374288697732,1.0,0.9550218330185352,0.8793727373548726,0.8471356431597944,1.4142135623730951,0.9205996450239585,0.7845300194729491
Exp12_TanhExp,tanhexp,BraTS20_Training_003.npy,0.7563267770765377,4.58257569495584,0.7559969132230695,0.7566569286603348,0.9196392503437351,1.0,0.915572230191444,0.9237425610499119,0.8621625924578141,1.0,0.9002668415601506,0.8271529242195742,0.7054794460147308,3.41248472646391,0.5620736621818054,0.9471264150085882,0.7194539771238991,5.385164807134504,0.7195505442861058,0.7193574356019793
Exp12_TanhExp,tanhexp,BraTS20_Training_004.npy,0.9589018422816098,0.0,0.9659462725375709,0.9519594149531754,0.9262847242517729,1.0,0.90923212523228,0.9439891897201687,0.8939937781102815,1.0,0.9394353035854334,0.8527455322468074,0.7607950646785497,4.123105625617661,0.6727272720477503,0.8753943206159381,0.9471759640780746,1.0,0.9621883098448738,0.932624875603538
Exp12_TanhExp,tanhexp,BraTS20_Training_005.npy,0.7414832199640033,9.9498743710662,0.6017607987428508,0.9657109799506643,0.8362922569961648,25.67099530598687,0.7259371444710813,0.9862139907549239,0.7519173053507184,25.638836040235617,0.6856882214821729,0.8323080698421407,0.6071790699509652,30.182771999539856,0.4483378243535854,0.9403266272592549,0.42111382348434623,13.416407864998739,0.291251205707219,0.7599664256820544
Exp12_TanhExp,tanhexp,BraTS20_Training_006.npy,0.9354300351058003,1.0,0.8972667294359156,0.9769839403856652,0.9093968877434673,1.0,0.8569801204250658,0.9686434898713313,0.8278643844565818,1.0,0.9132526253053586,0.7570782929824943,0.5942537743791099,4.898979485566356,0.4397699755650878,0.9160449711925555,0.9107438741531014,1.0,0.880875813154087,0.9427085107003886
Exp12_TanhExp,tanhexp,BraTS20_Training_007.npy,0.9177205659794087,1.0,0.9220006552242416,0.9134800307431925,0.925098141363466,1.0,0.9246625500422072,0.92553414230673,0.8811530275804104,1.0,0.9082643271500823,0.8556133361033752,0.8533083632126899,15.800309238868046,0.8045909334767777,0.9083056448229048,0.8800805292364428,1.0,0.8856193952555232,0.8746105149809406
Exp12_TanhExp,tanhexp,BraTS20_Training_008.npy,0.8309120741677789,1.4142135623730951,0.9312262653077694,0.7501083865431599,0.663790444795715,13.74772708486752,0.7872806959994101,0.5737879564529145,0.7921259811333622,13.30413469565007,0.8307184076736713,0.7569601146955597,0.09361701994869476,14.45683229480096,0.21019106941458157,0.060218977003303344,0.8242512130034788,1.4142135623730951,0.9214653153791222,0.7455916851881658
Exp12_TanhExp,tanhexp,BraTS20_Training_009.npy,0.9009661465163543,1.0,0.8467190723240979,0.9626399690110509,0.82052367942371,3.3166247903554,0.7368110467580928,0.925696492260623,0.7245959390725529,3.0,0.598043260329258,0.9190845684251427,0.698896697517778,7.681145747868608,0.7294920331560609,0.6707644325969088,0.8143582803884856,2.23606797749979,0.7920235242500052,0.8379892521334563
Exp12_TanhExp,tanhexp,BraTS20_Training_010.npy,0.8072504591785363,3.0,0.7455939909174919,0.8800234983898038,0.8832733410098631,1.0,0.8595939364318074,0.9082943029033173,0.8670143408841148,1.0,0.8218754815049043,0.9173995500648395,0.5667412336559192,3.605551275463989,0.7293665886877815,0.4634146284949436,0.7662889309101976,3.3166247903554,0.7006208507268468,0.8455400581104314
Exp12_TanhExp,tanhexp,BraTS20_Training_011.npy,0.9105141814638612,1.0,0.9618623265940673,0.8643705461716371,0.909779710532819,1.0,0.9372651046186132,0.8838604135915482,0.7583544130219981,1.4142135623730951,0.9864911655931916,0.6159169543513009,0.46013524066655886,5.196152422706632,0.31783619309616296,0.8331435032281121,0.8893896712632543,1.0,0.9452205966457956,0.8397863816672675
Exp12_TanhExp,tanhexp,BraTS20_Training_012.npy,0.873279731519216,1.4142135623730951,0.8377022804209009,0.9120131874057239,0.9248540850408231,1.0,0.918599032707006,0.9311949058139142,0.855434691642087,1.0,0.8623807117656442,0.8485996691126859,0.7804767292157169,3.3166247903554,0.7451235338312807,0.8193517596789716,0.8091771650832351,3.0,0.766491609766239,0.8568973742926504
Exp12_TanhExp,tanhexp,BraTS20_Training_013.npy,0.9005415889262435,1.0,0.891689505407607,0.909571189374489,0.8952997668454236,1.0,0.8465772267997405,0.9499729784992103,0.7132684539363061,1.4142135623730951,0.7439960367813913,0.6849783435491719,0.8668555236245643,1.4142135623730951,0.7871570114451629,0.9645108557500457,0.83299366809798,1.7320508075688772,0.8417809077972014,0.8243879905082716
Exp12_TanhExp,tanhexp,BraTS20_Training_014.npy,0.9069210721289803,1.0,0.9657432753640727,0.8548530522370222,0.8872603499431682,1.0,0.9503013165127961,0.8320630575102393,0.8389247865497739,1.0,0.9177222342695531,0.7725887837891132,0.5560495392420612,3.605551275463989,0.5711024129472685,0.541769801421442,0.8485010801463655,1.4142135623730951,0.9008568393803349,0.8018966621440557
Exp12_TanhExp,tanhexp,BraTS20_Training_015.npy,0.9479035841566071,1.0,0.9397702873450741,0.9561788901015796,0.7421073051105481,4.47213595499958,0.5950670359251756,0.9856634173672569,0.8675218396176481,1.0,0.8714730050305788,0.863606339868333,0.27964532760436,12.649110640673518,0.16541786724447508,0.903652387256597,0.9314733613117586,1.0,0.9524858283660917,0.9113679810686552
Exp12_TanhExp,tanhexp,BraTS20_Training_016.npy,0.9155341594525754,1.0,0.9386394407145502,0.8935390563445283,0.8072853473650171,3.3166247903554,0.6964363953321561,0.9601006708187582,0.6172475316718811,2.23606797749979,0.9955490745180346,0.44728313320670143,0.0445800256371269,12.872438882307014,0.022922533947836964,0.8077889345755159,0.8257191379402264,2.0,0.9107080530387524,0.755238885385609
Exp12_TanhExp,tanhexp,BraTS20_Training_017.npy,0.9274753519331207,1.0,0.9746525432141732,0.8846544389256136,0.8843651776608562,1.0,0.866690543791769,0.9027757044450263,0.8281249994865296,1.0,0.9610015815786421,0.7275302312588188,0.6460744163734428,5.916079783099616,0.5176151754134715,0.8593416981782106,0.9053175399944078,1.0,0.9618700225235606,0.8550457184265902
Exp12_TanhExp,tanhexp,BraTS20_Training_018.npy,0.7898654338834284,3.0,0.9202208984459,0.6918589687412097,0.5808012084946316,14.866068747318506,0.9435166947764406,0.4195239126020443,0.6516155744581285,14.142135623730951,0.9280235933449935,0.5020746871941439,0.2014549513069113,17.787617475125046,0.5278592220569144,0.12448132693996317,0.7819166203326054,3.0,0.8934545887535108,0.6951364836898788
Exp12_TanhExp,tanhexp,BraTS20_Training_019.npy,0.9016616596763916,1.0,0.8771833685236012,0.9275453292142385,0.9236148327275565,1.0,0.8806638434415419,0.9709701647504989,0.7899023492431443,1.0,0.9438499939428819,0.6791318370148616,0.6089499106223304,4.242640687119285,0.44624557439328716,0.9583833514238028,0.773532031200762,2.23606797749979,0.7657634405308544,0.7814598600792434
Exp12_TanhExp,tanhexp,BraTS20_Training_020.npy,0.9035224377096251,1.4142135623730951,0.8615277696842806,0.9498209028949348,0.8407778420651262,3.0,0.7366222517125204,0.979238440505526,0.7252601910337957,1.4142135623730951,0.8490065245515515,0.6329980209342023,0.7098118733306712,5.0,0.5589957415987629,0.9720765194052613,0.7433614015205856,4.58257569495584,0.8307114344590258,0.6726334107441416
Exp12_TanhExp,tanhexp,BraTS20_Training_021.npy,0.7973120017649454,7.0710678118654755,0.7355526613664461,0.8703929623505866,0.8728393900094933,1.0,0.8239548406703919,0.9278903438063363,0.7208706776941477,1.4142135623730951,0.9373959342744057,0.5856043258048589,0.14863463481287717,10.0,0.08064516098782759,0.9471365221525762,0.7494546532032433,8.94427190999916,0.6884799125690212,0.8222792368758983
Exp12_TanhExp,tanhexp,BraTS20_Training_022.npy,0.9403553116560374,1.0,0.9612143631696153,0.9203823445431005,0.9202240155457042,1.0,0.8876195447048929,0.9553151124305083,0.8722631690677803,1.0,0.8833214418070789,0.8614783488404013,0.7930987878764364,3.3166247903554,0.7090045097382374,0.8998262282532697,0.8816917221780685,1.0,0.9427710037238144,0.8280451795406933
Exp12_TanhExp,tanhexp,BraTS20_Training_023.npy,0.8968434002464731,1.0,0.8508377305034074,0.9481086058562462,0.9387949792985734,1.0,0.898379549869691,0.9830180427152289,0.8539860135878853,1.0,0.8374325675802939,0.8712070761236497,0.8944017192637048,1.0,0.8207618746080408,0.9825581377497127,0.8232622963709957,1.4142135623730951,0.7759884727821382,0.8766696984360274
Exp12_TanhExp,tanhexp,BraTS20_Training_024.npy,0.8836823075038387,1.4142135623730951,0.9033364771394321,0.8648651698367968,0.819124797240858,3.0,0.7707793195170126,0.8739408607669286,0.8387322614000235,1.4142135623730951,0.7383492150294652,0.9707055591057682,0.5236030430143148,15.84297951775486,0.6231742928467882,0.45146726798607895,0.8110888087502044,2.23606797749979,0.8586325776797801,0.76853393611944
Exp12_TanhExp,tanhexp,BraTS20_Training_025.npy,0.9195663906697557,1.0,0.9627980444513259,0.8800502849219524,0.963647435600142,0.0,0.986100950720393,0.942193688435581,0.895480605933762,1.0,0.9541673831502511,0.8435946846315069,0.9533435796094136,0.0,0.9395153004007418,0.9675850029255011,0.8356488285124616,1.4142135623730951,0.8949572927904738,0.7837125114991219
Exp12_TanhExp,tanhexp,BraTS20_Training_026.npy,0.9410577109475843,1.0,0.9503985480330043,0.9318986965824725,0.8162341359636303,2.23606797749979,0.800418182109696,0.8326877232322145,0.7331165102707913,2.449489742783178,0.7283324882884218,0.7379637947798332,0.53448436745941,5.916079783099616,0.50965560157546,0.5618561752557086,0.8984824573407749,1.0,0.9138012672575865,0.8836687832301732
Exp12_TanhExp,tanhexp,BraTS20_Training_027.npy,0.7347519615090643,5.477225575051661,0.9954837352965604,0.5822517090468322,0.900401606253509,1.0,0.92633691381327,0.8758790040272803,0.8165035995272587,1.4142135623730951,0.7917064434417026,0.8429043318238443,0.7945219320828169,3.7416573867739413,0.9084710494528244,0.7059721592222972,0.6188126913871563,8.06225774829855,0.9627500907086819,0.45593302089581805
Exp12_TanhExp,tanhexp,BraTS20_Training_028.npy,0.8635821229621564,1.4142135623730951,0.9365172375541961,0.8011864474239936,0.8574731623922467,1.0,0.8656796045980528,0.8494208488649821,0.6867190588077576,1.4142135623730951,0.6564695701475846,0.7198909427217983,0.8261836663281033,1.0,0.9054501116046489,0.7596785964066054,0.36336633637668575,5.0990195135927845,0.4684536825885236,0.2967883545554663
Exp12_TanhExp,tanhexp,BraTS20_Training_029.npy,0.935738920988503,1.0,0.9224872093595151,0.9493769083189936,0.9401897422382857,1.0,0.9248038937992915,0.9560961955311854,0.885559333683648,1.0,0.84493948281891,0.9302819603509426,0.7984728639256262,2.23606797749979,0.8647371478751498,0.74164133362897,0.9242550049889976,1.0,0.911439852810117,0.9374356669216709
Exp12_TanhExp,tanhexp,BraTS20_Training_030.npy,0.8432724968139654,2.23606797749979,0.8172117697161022,0.8710501184700425,0.5803205364422659,32.38826948140329,0.7886539182111512,0.4590550597338726,0.8087491236796536,1.0,0.8448528202230399,0.7756046569489331,0.07403968890096357,35.05709628591621,0.18249427813218377,0.04644052984940963,0.7890503524329209,3.0,0.738096279528215,0.8475612817902901
Exp12_TanhExp,tanhexp,BraTS20_Training_031.npy,0.921434686721106,1.0,0.9311081113104542,0.911960192676535,0.9163891260673439,1.0,0.9219029572599716,0.91094085803545,0.8846433437336112,1.0,0.8897367935981828,0.8796078781714818,0.7619476324090723,2.8284271247461903,0.7671853742752903,0.7567809228661984,0.8598125616385187,1.0,0.8709117329022379,0.8489927328030553
Exp12_TanhExp,tanhexp,BraTS20_Training_032.npy,0.9002430498518205,1.0,0.9574339619028551,0.8494994472663812,0.8910795452013978,1.0,0.8997705100976646,0.8825548672579883,0.7841877353521499,1.0,0.8805814065872829,0.7068155105700726,0.778109742200605,3.7416573867739413,0.678657683133777,0.9117144793174276,0.6486512020368256,2.23606797749979,0.7568908481180917,0.5674960729375085
Exp12_TanhExp,tanhexp,BraTS20_Training_033.npy,0.9489789642894166,1.0,0.9438672320221931,0.9541463655138008,0.9501676639606588,0.0,0.9191131180787875,0.9833941040357624,0.9126917036249571,1.0,0.944218876291949,0.8832018691888975,0.7241674998398118,5.0,0.6071171811561021,0.8971317264569197,0.9265095197216219,1.0,0.9277871061997875,0.9252354468493509
Exp12_TanhExp,tanhexp,BraTS20_Training_034.npy,0.9422009372311693,1.0,0.9517543379651475,0.9328374182882545,0.9028274368527912,1.4142135623730951,0.8531955094246536,0.9585903741455604,0.8235113160132912,1.7320508075688772,0.767048710287741,0.8889468686485071,0.8426380521226303,2.449489742783178,0.8099245921625275,0.878105384841972,0.8587803437863171,1.4142135623730951,0.9214819264786035,0.8040681012147987
Exp12_TanhExp,tanhexp,BraTS20_Training_035.npy,0.8619764965124763,2.0,0.8618632037140709,0.862089818986368,0.8464448304508077,2.23606797749979,0.7983529702957283,0.9007020826349865,0.7943072059056897,1.0,0.9270464096418076,0.6948194369358934,0.5320507213140793,6.708203932499369,0.38110749169752467,0.880973066047907,0.7010945922723256,4.358898943540674,0.769730233616828,0.6436971258643736
Exp12_TanhExp,tanhexp,BraTS20_Training_036.npy,0.8777370545131294,1.0,0.945089044154689,0.8193461601150089,0.8523252643891531,1.4142135623730951,0.817849685424757,0.8898353191560945,0.8089205310345299,1.4142135623730951,0.7482084045163502,0.8803555130347414,0.6824324278214026,4.58257569495584,0.8632478484914898,0.5642458037514435,0.7712042883538176,3.1622776601683795,0.887615688753178,0.6817874063288868
Exp12_TanhExp,tanhexp,BraTS20_Training_037.npy,0.8765238156713978,2.0,0.7872885532638602,0.9885737603898135,0.9140611865620143,1.0,0.9243158248664305,0.9040315873216827,0.843057921336223,1.0,0.8259962439488169,0.8608393122701752,0.8002678199421777,2.23606797749979,0.8487927446205695,0.7569911324593286,0.8437261272889178,2.23606797749979,0.743899335103955,0.9744978449235994
Exp12_TanhExp,tanhexp,BraTS20_Training_038.npy,0.8917262223727168,1.4142135623730951,0.8706012133623164,0.9139019164016093,0.8556384641870804,1.7320508075688772,0.8249354564949567,0.8887152720745288,0.7781084725225127,2.23606797749979,0.7537855213632917,0.8040534557022508,0.7774798923681118,2.449489742783178,0.7412229931122464,0.8174662261275756,0.7867876561038977,2.23606797749979,0.7740356372227004,0.7999668848333271
Exp12_TanhExp,tanhexp,BraTS20_Training_039.npy,0.8950058984650372,1.0,0.9656529032137672,0.8339912388890569,0.8983807625750764,1.0,0.8781154690934296,0.9196035237226853,0.8682396197072776,1.0,0.8836737869299285,0.8533353404206179,0.833242998343954,2.0,0.7448320401407752,0.9454694527563152,0.8461600234432421,1.4142135623730951,0.962692248831219,0.7547935717770735
Exp12_TanhExp,tanhexp,BraTS20_Training_040.npy,0.9466535291517396,1.0,0.9323735442589368,0.9613777344240875,0.9586417688334398,0.0,0.9353899203300658,0.9830790702100841,0.8874518255301996,1.0,0.8494081356913104,0.9290631406751478,0.937058869931254,1.0,0.9364400058453849,0.9376785520380496,0.9137052474169153,1.0,0.9038501446230298,0.923777628831907
Exp12_TanhExp,tanhexp,BraTS20_Training_041.npy,0.9481221866509899,1.0,0.9766121609716695,0.9212473289367992,0.8300555145543506,2.449489742783178,0.8405822358227297,0.8197891866543785,0.7813539112984793,3.0,0.8149456866706639,0.7504217874784023,0.7169087411387932,4.123105625617661,0.6826722320389556,0.7547605286937088,0.922291826745425,1.0,0.9531117945720037,0.8934026235988651
Exp12_TanhExp,tanhexp,BraTS20_Training_042.npy,0.9519697097938137,0.0,0.9765787519854848,0.9285704404276132,0.9579980070823435,0.0,0.9578511760906707,0.9581448828521413,0.8616062173933662,1.0,0.8621869648663935,0.8610262513017003,0.9387127662570653,1.0,0.9378147024482303,0.9396125512361959,0.9086592088299297,1.0,0.9634047438793658,0.8598009647588054
Exp12_TanhExp,tanhexp,BraTS20_Training_043.npy,0.8128534930943702,2.8284271247461903,0.7353121908853263,0.9086767033449958,0.7942547170950762,2.0,0.6745393191350385,0.9656325451130735,0.5912907623681103,3.0,0.5769817051182099,0.6063275906835098,0.704317268192373,3.0,0.5521448237856261,0.9722799689110188,0.7503478068480728,3.605551275463989,0.6895333577735985,0.8229271227372307
Exp12_TanhExp,tanhexp,BraTS20_Training_044.npy,0.7126974481431659,7.14142842854285,0.6125848560769792,0.8519244728744194,0.712354023625218,3.7416573867739413,0.6389195113620755,0.8048611055217979,0.7415492931635588,3.0,0.7457507029337769,0.7373949528193631,0.04830917757707301,9.055385138137417,0.024875621271750716,0.8333326388894676,0.665138542214947,8.06225774829855,0.5691047527866262,0.8001622053526665
Exp12_TanhExp,tanhexp,BraTS20_Training_045.npy,0.9463008533982774,1.0,0.9550719735193016,0.9376893702592362,0.9568148082636152,0.0,0.9771025035706714,0.9373524479184738,0.8920181114557976,1.0,0.9520291466066113,0.8391240353153017,0.8210449539779058,1.4142135623730951,0.748127114096105,0.9097120181386189,0.8512163221486769,1.0,0.8443256704778356,0.8582203700463578
Exp12_TanhExp,tanhexp,BraTS20_Training_046.npy,0.44058152903659,19.1049731745428,0.2897749159953291,0.918694930717356,0.802452313343146,5.385164807134504,0.7749999949013159,0.8319208980796546,0.7792894906300473,5.830951894845301,0.7597641801049065,0.7998448347568283,0.3172413683709873,8.89364194034707,0.28220857164364593,0.362204695889394,0.4015690119232501,19.339079605813716,0.25871575433383615,0.8966855768919224
Exp12_TanhExp,tanhexp,BraTS20_Training_047.npy,0.8818554221418936,1.7320508075688772,0.8153075067217888,0.9602325683759946,0.930653200983077,1.0,0.9208302540049432,0.9406879798889437,0.8621838737188063,1.0,0.9055342017732152,0.8227945140910319,0.832374280561783,2.8284271247461903,0.7700115719060964,0.9057286194120762,0.7511317402399263,3.3166247903554,0.6513615582458242,0.8869941803671492
Exp12_TanhExp,tanhexp,BraTS20_Training_048.npy,0.6936086095555438,5.744562646538029,0.5400321486576038,0.9692468228044645,0.786220869999627,1.4142135623730951,0.6726379639623289,0.9459569242342262,0.7441731388896416,1.4142135623730951,0.6570308640027885,0.8579654455664399,0.6945642765549427,3.0,0.5669014044584408,0.8964365156298829,0.6186628962283722,6.164414002968976,0.47528900594487977,0.8859002162791756
Exp12_TanhExp,tanhexp,BraTS20_Training_049.npy,0.9249791204360199,1.0,0.9253991606405828,0.9245594612045516,0.9549009095287617,0.0,0.9576708187415754,0.952146975107569,0.8592574307891238,1.0,0.9545080817908794,0.7812920574668191,0.3403908767069147,5.196152422706632,0.20796019693571943,0.9372196889139153,0.9153053430420939,1.0,0.9155141965285989,0.9150965846425971
Exp12_TanhExp,tanhexp,BraTS20_Training_050.npy,0.9310429068615688,1.0,0.9247528797572535,0.9374190874453137,0.943925013097223,1.0,0.9108416546406589,0.9795022438221946,0.8390876620027746,1.0,0.8674612940119644,0.812511376490349,0.8551939745700986,1.4142135623730951,0.7733009706529694,0.956486419328052,0.6847799271646827,13.152946437965905,0.7830431973057357,0.6084288304787846
Exp12_TanhExp,tanhexp,BraTS20_Training_051.npy,0.9409256852015809,1.0,0.9349428312137087,0.9469856028005244,0.9427148191476264,1.0,0.905605559470431,0.9829952999115785,0.88653292835434,1.0,0.8582220519967783,0.9167753497580899,0.8574164960404448,1.0,0.8048999757138684,0.917264341912745,0.9236630938420699,1.0,0.9229349329984873,0.9243924044867318
Exp12_TanhExp,tanhexp,BraTS20_Training_052.npy,0.8977619762867767,1.0,0.9861312769773866,0.8239280483530792,0.9470769019733605,1.0,0.9422081843006463,0.9519961970722459,0.8632597391471053,1.0,0.900085854367798,0.829328586147208,0.8650029466840214,1.0,0.7912996570352334,0.953846151779315,0.8341272979114782,1.4142135623730951,0.9675244360791844,0.7330572514560615
Exp12_TanhExp,tanhexp,BraTS20_Training_053.npy,0.958619269799663,0.0,0.9581852852154401,0.9590536476197665,0.8421106294055287,3.3166247903554,0.782435696659355,0.9116397147129314,0.8406899502674684,1.0,0.8663060268643122,0.8165452644989123,0.6841746908451636,8.06225774829855,0.5835891474457902,0.8266541299486966,0.9348320843370671,1.0,0.9455544414721833,0.9243501783099266
Exp12_TanhExp,tanhexp,BraTS20_Training_054.npy,0.8826089061381376,1.4142135623730951,0.7974373397340537,0.9881498232560645,0.9330744694309978,1.0,0.898941855253596,0.9699014008620476,0.8905807243025876,1.0,0.8476911575576995,0.9380416408579807,0.8361916019838915,1.0,0.8503984350467623,0.8224516492330207,0.7340870500498216,2.23606797749979,0.6245801130759013,0.8901573482122004
Exp12_TanhExp,tanhexp,BraTS20_Training_055.npy,0.9365388668388785,1.0,0.9686949402046046,0.9064490610844373,0.9352740992165255,1.0,0.9401842562388673,0.9304149621703995,0.849604221187544,1.0,0.9750484484313852,0.7527585554958308,0.7581321644532276,5.744562646538029,0.6251152772439053,0.9630594341390968,0.9243567363470144,1.0,0.9601602195377642,0.8911274219997407
Exp12_TanhExp,tanhexp,BraTS20_Training_056.npy,0.8627332541405746,1.7320508075688772,0.7710787620223505,0.9791161706502347,0.9216265179961036,1.0,0.8826837181058823,0.9641641216650296,0.8678190943670765,1.0,0.8452586393887965,0.891616877851187,0.8139072417641239,3.1622776601683795,0.7444261901614337,0.8976935037530869,0.6260196988863316,4.898979485566356,0.4994215192347563,0.8385947864346812
Exp12_TanhExp,tanhexp,BraTS20_Training_057.npy,0.9280648313900535,1.0,0.9035309998889542,0.9539681982225219,0.9048436384205453,1.0,0.9188063246736896,0.891298968337073,0.8599088833371817,1.0,0.8765819100469269,0.8438582755740939,0.7640271838722504,4.69041575982343,0.7675452500236734,0.7605412185004996,0.9048837101662393,1.0,0.875294177400133,0.9365438012554386
Exp12_TanhExp,tanhexp,BraTS20_Training_058.npy,0.7415658157223122,5.0,0.7458005737121612,0.737378877200522,0.40488358877416153,17.029386365926403,0.4977312388029487,0.3412299591843224,0.5230377836035816,13.341664064126334,0.8275193786113307,0.38235294091310584,0.24431980214643986,22.045407685048602,0.24518221690022685,0.24346343288796568,0.6584643232954708,6.4031242374328485,0.6280823395256998,0.691935028355659
Exp12_TanhExp,tanhexp,BraTS20_Training_059.npy,0.8033599718440257,3.605551275463989,0.7970522413777867,0.8097683349105216,0.8604269273740865,1.0,0.8847081481683157,0.8374429185504889,0.7537688416959167,2.23606797749979,0.9598976027312491,0.6205184742387287,0.4334898244640859,3.7416573867739413,0.3074361786078116,0.734747991120743,0.7774668191541646,3.7416573867739413,0.7689243024663769,0.7862012774811538
Exp12_TanhExp,tanhexp,BraTS20_Training_060.npy,0.9275978249843697,1.0,0.9356195627430606,0.919712470039241,0.9320146298089047,1.0,0.9852012739689541,0.8842764677590194,0.8375007283215303,1.0,0.8885110061287961,0.792029544266327,0.8876883705410891,1.4142135623730951,0.9353415399633176,0.844655417952356,0.8516727829700712,1.4142135623730951,0.8320276190162513,0.872268071816194
Exp12_TanhExp,tanhexp,BraTS20_Training_061.npy,0.9151796624504571,1.0,0.8967664666362796,0.934364861026022,0.8923455414894863,1.0,0.8384787465783157,0.9536086837811817,0.7686922425310192,1.0,0.8404776472129859,0.7082043334517488,0.7313364470721476,4.0,0.5804012785978464,0.9883634538540147,0.6714622186826263,2.449489742783178,0.7064969849879478,0.6397379904903712
Exp12_TanhExp,tanhexp,BraTS20_Training_062.npy,0.9537356151617763,0.0,0.9649135151953533,0.9428137268409819,0.9592303551284762,0.0,0.9950549339006091,0.9258956897552932,0.8966713943783879,1.0,0.9857346644376026,0.8223686029109715,0.9034785829132528,1.0,0.8528588560311581,0.9604863216478181,0.9089511975307801,1.0,0.9069001140876624,0.9110115795377964
Exp12_TanhExp,tanhexp,BraTS20_Training_063.npy,0.9093080537025797,1.0,0.9317017201287177,0.8879655945127447,0.7489335759461707,2.23606797749979,0.8136378655622711,0.6937623463342864,0.7465346516174884,3.0081138830083747,0.6690328275553112,0.8443449000876545,0.40491283516278587,3.0,0.6662320643255272,0.2908366517311517,0.8292634696840022,1.4142135623730951,0.8342948072067885,0.8242924520201529
Exp12_TanhExp,tanhexp,BraTS20_Training_064.npy,0.8633405639465205,2.23606797749979,0.8681521681502737,0.858582000881622,0.9133131730225347,1.0,0.8484814354909235,0.9888720355586045,0.7850874573480556,1.4142135623730951,0.7448881334622236,0.8298731618508636,0.8461698966717599,3.0,0.77285262644944,0.9348557168217466,0.5578797402686778,10.04987562112089,0.7755910457899956,0.43560405394794505
Exp12_TanhExp,tanhexp,BraTS20_Training_065.npy,0.7282701529583683,9.643650760992955,0.8901469521841536,0.6162099058824253,0.9108784462322799,1.0,0.9349934444692176,0.8879760993577891,0.8711356965975664,1.0,0.9584675941336641,0.7983894995574425,0.7153024868606022,4.123105625617661,0.5900195636984388,0.9081325164437875,0.6800120635074998,18.756257288630078,0.855246313187973,0.5643753322598244
Exp12_TanhExp,tanhexp,BraTS20_Training_066.npy,0.9395401406113851,1.0,0.9407462458083633,0.9383371239258129,0.905275023737517,1.0,0.8829959246601152,0.9287074823614235,0.8085604018193425,1.0,0.7979226765171118,0.8194855981753164,0.8792403699523391,1.0,0.8447616232419635,0.9166533595455,0.9079041142903148,1.0,0.9173791776970922,0.8986227744040706
Exp12_TanhExp,tanhexp,BraTS20_Training_067.npy,0.9574266014813284,0.0,0.9540809361306335,0.9607958137333056,0.9573730770049341,0.0,0.9789692025643255,0.9367092094338811,0.8869596816363571,1.0,0.9887023446060664,0.804202972540015,0.7989001254607354,2.23606797749979,0.6860092839074682,0.9562646424676284,0.9272135222516104,1.0,0.912820239842398,0.9420679807613437
Exp12_TanhExp,tanhexp,BraTS20_Training_068.npy,0.9329512015943265,1.0,0.9533335649066091,0.9134221480577148,0.9016077967438065,1.0,0.8564184206449618,0.951831705566606,0.8310913878688492,1.0,0.8500709213829284,0.8129408567465133,0.8314789838077435,3.7416573867739413,0.7466444642513652,0.9380626341206653,0.7955221070939751,2.23606797749979,0.8951223639194164,0.7158675332805542
Exp12_TanhExp,tanhexp,BraTS20_Training_069.npy,0.8520053625389091,2.0,0.7678014340946197,0.9569533735180081,0.916516279565594,1.0,0.8651263990194031,0.9743970072957574,0.8281568305299286,1.0,0.8452434259834666,0.8117473575744978,0.8423341362042855,2.23606797749979,0.7427712712494708,0.9727198690467428,0.7971744657863119,3.0,0.7083516001156416,0.9114666954966948
Exp12_TanhExp,tanhexp,BraTS20_Training_070.npy,0.8937098751268024,1.4142135623730951,0.858622959759759,0.9317865601978365,0.7724168317703972,3.0,0.6458368756317414,0.960709919075625,0.7227372187297644,1.7320508075688772,0.7127834884149858,0.732972885141242,0.6352739724151883,5.477225575051661,0.47726566984107455,0.9496866440553565,0.6478987223446637,3.7416573867739413,0.7494650495945681,0.5705752585879602
Exp12_TanhExp,tanhexp,BraTS20_Training_071.npy,0.9302782842803368,1.0,0.9677227800525381,0.895623553495257,0.31120063766387307,20.83266665599966,0.7788741503403029,0.1944459400987446,0.7842076794734958,4.69041575982343,0.6921241044613173,0.90455396038204,0.09897234095363186,23.93741840717165,0.5850066924615015,0.054059069111789225,0.6966753711072954,7.211102550927978,0.5826517110285491,0.866186085401935
Exp12_TanhExp,tanhexp,BraTS20_Training_072.npy,0.8078332682681294,3.0,0.9104645832979769,0.7259960099624709,0.941668271466091,1.0,0.9106665496054457,0.9748551589203538,0.8930550607745487,1.0,0.8946992832772815,0.8914168702316657,0.7508298291929466,2.449489742783178,0.6398868452240577,0.908312139059949,0.6169736027168675,5.656854249492381,0.8236802367956239,0.4932020947283052
Exp12_TanhExp,tanhexp,BraTS20_Training_073.npy,0.9183159820480132,1.0,0.9015251912887698,0.935744095279722,0.9389645773723994,1.0,0.9160021259873578,0.9631078808998771,0.8148423395186101,1.0,0.8113107813833924,0.8184047762652967,0.8563979700842743,1.0,0.8136296682104303,0.9039119427280798,0.8465612355927618,1.0,0.8342877851271157,0.8592011941548334
Exp1_ReLU,relu,BraTS20_Training_001.npy,0.9217374621429809,1.0,0.8651206209045448,0.9862836829858093,0.9075246806000634,1.0,0.9855736943416524,0.840930195633349,0.8781438673661991,1.0,0.917489726437355,0.8420338755981097,0.785642514015395,4.58257569495584,0.9113514207658153,0.6904096145742411,0.8732135355912585,1.4142135623730951,0.7864556026412912,0.9814863005329949
Exp1_ReLU,relu,BraTS20_Training_002.npy,0.8762805677888109,1.4142135623730951,0.9663462972022884,0.801572171230308,0.9169772751842679,1.0,0.9709720536183258,0.8686713361417671,0.8400846426541078,1.0,0.8486791863663473,0.8316624258092736,0.8886005186221798,3.0,0.971834060074417,0.8184994475740167,0.8254073594696547,1.7320508075688772,0.9213404290852601,0.7475680548002138
Exp1_ReLU,relu,BraTS20_Training_003.npy,0.7316868010482956,3.7416573867739413,0.8463112688810309,0.6444081130525703,0.907722257095753,1.0,0.9372822274530093,0.8799698015098897,0.8571873042047491,1.0,0.9189459609107873,0.8032069947428367,0.6562255234438096,2.449489742783178,0.5716234574130498,0.7702205740768278,0.6969370427284258,4.242640687119285,0.8184920997014526,0.606817923175589
Exp1_ReLU,relu,BraTS20_Training_004.npy,0.9553759626065284,0.0,0.9682283307662892,0.9428603319252689,0.9170881159807172,1.0,0.9173768836150229,0.9167995296984143,0.8913860256828837,1.0,0.928946044307101,0.856745294953124,0.7356506808627558,4.123105625617661,0.6926262619266401,0.7843742841633787,0.9357828149790767,1.0,0.9524304543567396,0.9197071498086427
Exp1_ReLU,relu,BraTS20_Training_005.npy,0.7369797080314389,15.132745950421556,0.6385728257022227,0.8712419212761717,0.8556876057488593,7.681145747868608,0.7633472163851971,0.9734427803250191,0.7679820575810423,7.681145747868608,0.7288668145865935,0.8115336860269341,0.5843161585261408,30.531940994819713,0.42288110085989483,0.9451137821612197,0.41271412970322396,65.194324541096,0.33515599817440334,0.5369750050580391
Exp1_ReLU,relu,BraTS20_Training_006.npy,0.9380568503172095,1.0,0.9071090933292726,0.9711908796047457,0.9219255755237569,1.0,0.8970292604652603,0.948243294071533,0.800513830470067,1.0,0.9367834518813504,0.6988546306113057,0.5658906634074918,5.0990195135927845,0.4101594025372481,0.9122629856251958,0.9136161242059996,1.0,0.880875813154087,0.9488841632426848
Exp1_ReLU,relu,BraTS20_Training_007.npy,0.9095368314089375,1.0,0.934908109780193,0.8855062080025056,0.9155820767963465,1.0,0.9311499414762479,0.9005262083580994,0.8675698951620566,1.0,0.8993343060572588,0.8379727672647916,0.835082457518617,12.083045973594572,0.8195997621553862,0.8511613665918051,0.8674566882096578,1.0,0.8946529389257214,0.8418651163066864
Exp1_ReLU,relu,BraTS20_Training_008.npy,0.8210462157063485,1.4142135623730951,0.9264420055238937,0.7371814697620258,0.8470770389195623,1.0,0.7997075964933655,0.9004115152229505,0.8550218303274155,1.0,0.8084227844060877,0.9073215856596702,0.4232081766823148,4.170919650218307,0.39490443344557746,0.4558823194204177,0.8107944956288611,1.4142135623730951,0.921247076875683,0.7239917673533611
Exp1_ReLU,relu,BraTS20_Training_009.npy,0.9185135035420262,1.0,0.8991631991551792,0.9387149758470633,0.8617045760350815,2.0,0.8592129246024348,0.8642107205782142,0.7728945034604505,2.0,0.685114241235906,0.886473982336492,0.6547312922460933,5.0,0.7983120362839912,0.5549250210941346,0.8364845564749386,2.0,0.8069421452784834,0.8682722836490057
Exp1_ReLU,relu,BraTS20_Training_010.npy,0.8369330683376132,2.0,0.8863147890576424,0.792763623693716,0.9093277365154296,1.0,0.8983414342317109,0.9205860792372366,0.8963669312819238,1.0,0.8785725306989456,0.9148970384251979,0.6371681359542642,3.0,0.6909788734936877,0.591132995219491,0.8069524679749179,2.23606797749979,0.8653479181698744,0.755940082467144
Exp1_ReLU,relu,BraTS20_Training_011.npy,0.9108868215122583,1.0,0.9575954384024477,0.868522894470954,0.8975534470076014,1.0,0.9527801860337476,0.8483782385031936,0.7461673946466388,1.4142135623730951,0.9904745393306642,0.5985347979083885,0.43867502172683526,4.898979485566356,0.31935694043155133,0.7003334888026036,0.8863018144597963,1.0,0.9295357954097218,0.8469108332947735
Exp1_ReLU,relu,BraTS20_Training_012.npy,0.8480787173045926,4.0,0.7884609315830854,0.9174497133616761,0.9116967717431468,1.0,0.9295893708579839,0.8944799524759094,0.8313639425798751,1.0,0.8245437789644336,0.8382978709135356,0.7357554085055482,2.8284271247461903,0.8032076254737424,0.6787545762682982,0.769044222356385,7.0,0.6905341357369309,0.8676967643823721
Exp1_ReLU,relu,BraTS20_Training_013.npy,0.8999785544820953,1.0,0.9056302464650444,0.8943969649209528,0.8977095918885155,1.0,0.8534571717554474,0.9468020142369089,0.693683825369741,1.4142135623730951,0.7056202012735325,0.6821445651456569,0.8749742528965118,1.0,0.8094512187409955,0.9520394431285977,0.8362007221803025,1.4142135623730951,0.8626902273730693,0.8112895115729946
Exp1_ReLU,relu,BraTS20_Training_014.npy,0.8857493012733227,1.0,0.9711053066565656,0.8141858456534726,0.866324166269379,1.4142135623730951,0.9597500182427833,0.7894736839689493,0.8347147730671264,1.0,0.9197014244968891,0.7641061777006783,0.5262953428221748,3.1622776601683795,0.589149814536693,0.47555945548437084,0.8044918037787046,2.23606797749979,0.8773127083565907,0.742833295762121
Exp1_ReLU,relu,BraTS20_Training_015.npy,0.947649397576566,1.0,0.9464429668723456,0.9488589078044892,0.7571100755312182,4.47213595499958,0.6159416187045643,0.9822282354693476,0.8641391069916144,1.0,0.8722506100063868,0.8561770789922832,0.3140995369590145,10.816653826391969,0.1917002879634579,0.8688610194939341,0.925943483499436,1.0,0.9529318835653813,0.9004416812956769
Exp1_ReLU,relu,BraTS20_Training_016.npy,0.9089122162600084,1.0,0.9354671116112387,0.8838233215415984,0.8203064972381282,3.1622776601683795,0.7146682243525951,0.9625913901306214,0.6078711397916626,2.23606797749979,0.996239735249605,0.4373694493506605,0.05112573604048295,11.832159566199232,0.026309222478232783,0.9010988900964727,0.8192425965279054,2.0,0.905042231786183,0.7483021988929854
Exp1_ReLU,relu,BraTS20_Training_017.npy,0.923320165749318,1.0,0.956420515721831,0.8924342877798999,0.8735527964592158,1.4142135623730951,0.8972063030822305,0.8511144326915504,0.8352597479770991,1.0,0.9463232106111337,0.7475275653660025,0.6589327141075539,3.1622776601683795,0.6076166016151525,0.7197161670557254,0.8989145182666829,1.0,0.9324310058605422,0.8677239436287534
Exp1_ReLU,relu,BraTS20_Training_018.npy,0.7272022046823311,6.708203932499369,0.8128979254665804,0.6578514837470957,0.5460071835506947,13.96424004376894,0.9705304470995558,0.3798539016150444,0.616025761288074,14.798648586948742,0.9592920297386901,0.453683034448429,0.19193465956133404,11.489125293076057,0.5513196319261106,0.11619282993700353,0.71458801737925,7.3484692283495345,0.7758286464578608,0.6623082107867063
Exp1_ReLU,relu,BraTS20_Training_019.npy,0.9016104767406082,1.0,0.8826403632936867,0.9214139293222543,0.9215631147490062,1.0,0.8774516956843084,0.9703444558824842,0.799373461266783,1.0,0.9101192286659338,0.7126556010910824,0.6579668688726213,3.605551275463989,0.5143469344938076,0.912863755104392,0.7717055592030487,2.0,0.7737634405274136,0.769658594690828
Exp1_ReLU,relu,BraTS20_Training_020.npy,0.9112025778768038,1.0,0.8917009323627902,0.9315763042533186,0.8567969263508148,2.8284271247461903,0.7661526132523334,0.9717677842444808,0.7214244326038767,1.4142135623730951,0.8491171154756821,0.6271167980868181,0.7362621548330859,4.47213595499958,0.5957350070311684,0.9635535305788829,0.7516365877240985,5.0,0.869940578165705,0.6616572338230593
Exp1_ReLU,relu,BraTS20_Training_021.npy,0.8133067970238954,2.23606797749979,0.7982798847473329,0.8289102995185625,0.910418865795126,1.0,0.9125066133136239,0.9083406480977337,0.6894134135435693,1.4142135623730951,0.9823509790797502,0.5310531043545399,0.09265858840820175,10.851248824998153,0.04876219036473296,0.9285713622449027,0.7735366452248669,2.449489742783178,0.7563243448791803,0.7915506188411293
Exp1_ReLU,relu,BraTS20_Training_022.npy,0.9434288819556422,1.0,0.968275639189601,0.9198253980252942,0.9176412369620385,1.0,0.9079217936129772,0.9275710281020505,0.8650548972726878,1.0,0.8777783870930365,0.8526949934143546,0.7885989762808817,3.605551275463989,0.7509664942405231,0.8302021183953324,0.8832687280289816,1.0,0.9331928174453208,0.8384150724295472
Exp1_ReLU,relu,BraTS20_Training_023.npy,0.907677576925986,1.0,0.8759818104525492,0.9417531565340113,0.943993910195862,1.0,0.9198904479516773,0.9693945036561875,0.8579681360933483,1.0,0.869068299470542,0.8471479493340928,0.8784999992679167,1.0,0.7999696451662321,0.9741267769836874,0.8336687527182987,1.4142135623730951,0.7987456029161565,0.8717853835005618
Exp1_ReLU,relu,BraTS20_Training_024.npy,0.8690145410259208,1.7320508075688772,0.8849563781083521,0.8536369011447895,0.8216242404640854,8.306623862918075,0.8405139542319224,0.8035649191501185,0.8523088326487214,1.0,0.7630493525041249,0.9652173907255068,0.4937712341174209,15.84297951775486,0.764167476603374,0.36471791024749706,0.8173986060275926,2.0,0.8306936099073775,0.8045224634195308
Exp1_ReLU,relu,BraTS20_Training_025.npy,0.9079538616550412,1.0,0.9657665753004934,0.8566717799639237,0.947712249412865,1.0,0.9944187051953672,0.9051964384775207,0.8757736398621748,1.0,0.9618539545908026,0.8038350906980657,0.9389985443048289,1.0,0.9440850272416897,0.9339665764545301,0.8093690490276286,2.0,0.8726730177199208,0.754628095081997
Exp1_ReLU,relu,BraTS20_Training_026.npy,0.9427037279551832,1.0,0.9465559059086753,0.9388827771144402,0.7767584096706216,3.605551275463989,0.749348380044869,0.8062498071415914,0.6940835710069251,2.449489742783178,0.6882497040512545,0.7000171833061186,0.3910231279934226,7.14142842854285,0.35507697752507167,0.4350670587339799,0.8933822897719202,1.0,0.9055845692566268,0.8815044769047261
Exp1_ReLU,relu,BraTS20_Training_027.npy,0.6928870205235959,6.557438524302,0.9966540629881385,0.5310346481196109,0.8615654413117702,1.7320508075688772,0.9472710813570727,0.7900817221470735,0.8091505259084487,1.4142135623730951,0.791408114086272,0.8277067077518211,0.6832922021546988,4.898979485566356,0.9119380551115936,0.5463168093697612,0.5680004710590937,8.602325267042627,0.9356614524225387,0.40777027379775616
Exp1_ReLU,relu,BraTS20_Training_028.npy,0.8595037483788259,1.4142135623730951,0.9041410289558839,0.8190665778283271,0.844109428538531,1.4142135623730951,0.8663465380376507,0.8229853010498066,0.6701490071643762,1.7320508075688772,0.6587395950073077,0.6819606080103395,0.8151854492771142,1.4142135623730951,0.8936096101452036,0.74941588675611,0.2933766759094867,5.0990195135927845,0.3291393137688926,0.2646239550438001
Exp1_ReLU,relu,BraTS20_Training_029.npy,0.9350108848015902,1.0,0.9368253915836433,0.9332033932016034,0.943731352984298,1.0,0.9197998364622669,0.96894144326978,0.8885248877163301,1.0,0.8563409913061902,0.9232223885718185,0.831775698505328,1.0,0.8411104498457741,0.8226458646871989,0.9221485374309335,1.0,0.9273249993763624,0.9170295460256541
Exp1_ReLU,relu,BraTS20_Training_030.npy,0.8513736290435745,1.4142135623730951,0.8681887274013037,0.8351975053179553,0.8026201947827091,4.58257569495584,0.822337595514325,0.7838261909670173,0.7978746950056271,1.4142135623730951,0.8791673428538506,0.7303431495131814,0.17103762762813518,36.24913792078372,0.1287185347327315,0.2548131341470766,0.8397811393176816,1.7320508075688772,0.8560180222593536,0.8241487501501243
Exp1_ReLU,relu,BraTS20_Training_031.npy,0.9211816451991203,1.0,0.9419192537805965,0.901337497985963,0.9133233762659313,1.0,0.9332701817586675,0.8942113752540637,0.8845789115184964,1.0,0.8951288608594732,0.8742747474452045,0.7452188233326991,3.1622776601683795,0.7859193219732297,0.7085262861501957,0.8564364655384383,1.0,0.876026194939131,0.8377037048893353
Exp1_ReLU,relu,BraTS20_Training_032.npy,0.8804196881687634,1.0,0.968943395860776,0.8067171444887627,0.8757777532813618,1.4142135623730951,0.9205966718757335,0.8351202244014155,0.7699643490329927,1.4142135623730951,0.9033776002265214,0.6708860754283714,0.7565474508895048,4.358898943540674,0.6829795338973185,0.8478775432414747,0.6277150100863662,3.0,0.7503858867140177,0.5395164482445372
Exp1_ReLU,relu,BraTS20_Training_033.npy,0.9490038293208771,1.0,0.9367639862227398,0.9615677607037203,0.9508162099654053,0.0,0.9243276530797259,0.9788677272028578,0.910085386699661,1.0,0.9354113305419381,0.8860946740318967,0.7341456655122226,4.58257569495584,0.6352743821767621,0.8694653970654881,0.9257307778740305,1.0,0.9172238334180813,0.934396997591267
Exp1_ReLU,relu,BraTS20_Training_034.npy,0.9377843591221465,1.0,0.9543642775758833,0.921770680520006,0.921202701516382,1.0,0.8959430919426601,0.9479279361804581,0.8241340096168356,1.4142135623730951,0.7713057712765838,0.8847309602381769,0.8727229201980315,1.0,0.886840184438414,0.8590480674556795,0.8614192816758104,1.4142135623730951,0.9141624450686523,0.814430229511707
Exp1_ReLU,relu,BraTS20_Training_035.npy,0.8780244383898974,1.4142135623730951,0.8787918615111203,0.8772583543202621,0.8515126459272496,2.23606797749979,0.8331604711182458,0.8706915237652955,0.7790654076861744,1.0,0.9420905115233326,0.6641387724709034,0.5331463823518938,6.082762530298219,0.39697653036123925,0.8115075970535193,0.7330883493378382,2.449489742783178,0.7621609984351554,0.7061521585049516
Exp1_ReLU,relu,BraTS20_Training_036.npy,0.8682217877173236,1.4142135623730951,0.9591203447388557,0.7930611329802203,0.8684299755269329,1.0,0.891092552381537,0.8468915329912509,0.8374951220859392,1.0,0.8314933162279812,0.843584199560652,0.64766838958764,4.69041575982343,0.854700840090584,0.5213764283485253,0.7717121584406794,3.0,0.8909211096397961,0.6806397300668016
Exp1_ReLU,relu,BraTS20_Training_037.npy,0.8787953369167038,2.0,0.7929487977644499,0.9854864658611867,0.9216412504041793,1.0,0.9464133941244206,0.8981328382876426,0.83089133060952,1.0,0.8518673058961908,0.8109235347163697,0.814433536314973,1.7320508075688772,0.8384136339578132,0.7917870400414909,0.8486218723700908,2.23606797749979,0.7502809005735785,0.9766310583111146
Exp1_ReLU,relu,BraTS20_Training_038.npy,0.8886762324458138,1.4142135623730951,0.8810148923462752,0.8964719879559899,0.8028252610394667,3.7416573867739413,0.7847300783846111,0.8217746587618776,0.716704766591164,4.898979485566356,0.702343911760073,0.7316651537526837,0.7602739722253951,4.123105625617661,0.7387152770652824,0.783128833555083,0.7655347366802675,2.8284271247461903,0.7654734142504097,0.7655960687997443
Exp1_ReLU,relu,BraTS20_Training_039.npy,0.899097390431365,1.0,0.9874067072324828,0.8252873191338855,0.9107201286438822,1.0,0.9512567036748045,0.873497174992276,0.865302516978764,1.0,0.9165757048833809,0.8194618703335691,0.8654933496332776,2.23606797749979,0.8775839779108786,0.8537313419422917,0.8378032171247383,1.4142135623730951,0.9461550172236469,0.7517179634263167
Exp1_ReLU,relu,BraTS20_Training_040.npy,0.9487817193489647,1.0,0.9361735353349961,0.9617341481312656,0.9605010084720527,0.0,0.9541228824170827,0.9669649812352203,0.8932121494022663,1.0,0.8745415134734322,0.9126973766093796,0.9307597876744691,1.0,0.9414064558876702,0.9203512391940335,0.9168378620969408,1.0,0.9017967341049864,0.9323892445108029
Exp1_ReLU,relu,BraTS20_Training_041.npy,0.94507276387522,1.0,0.9819069864823519,0.9109021419588786,0.8681506845775642,1.4142135623730951,0.9280048802161555,0.815549597230525,0.8047863243277571,2.0,0.9242245767252656,0.7126854367618474,0.6852966456215296,3.4641016151377544,0.623956157035605,0.7600127121423625,0.92021137352593,1.0,0.950728508003325,0.8915924292407835
Exp1_ReLU,relu,BraTS20_Training_042.npy,0.9475186880060534,1.0,0.9800555707685289,0.9170727721928245,0.951556617224536,0.0,0.9716708813008222,0.9322582224076618,0.8567613863218557,1.0,0.8816819614861399,0.8332108379473708,0.926986808206348,1.0,0.9394259814000876,0.914872750004966,0.9070581808547148,1.0,0.9540447384760273,0.8644825471939735
Exp1_ReLU,relu,BraTS20_Training_043.npy,0.712012056654906,5.0990195135927845,0.5743140344186822,0.9365632620527348,0.7033395749817888,3.1622776601683795,0.5848689325397497,0.8819960843796555,0.5086289537185308,4.898979485566356,0.40434451065417487,0.6854005123682138,0.7040721879869596,3.605551275463989,0.5987800066926801,0.8542953372984409,0.6807526541194675,7.0,0.5446960264627743,0.9074094827332084
Exp1_ReLU,relu,BraTS20_Training_044.npy,0.7060866439010548,5.830951894845301,0.6157702346653942,0.8274507046330428,0.7752553894005239,1.7320508075688772,0.7530319693879164,0.7988304046852023,0.7612137178060233,1.4142135623730951,0.8172804474696852,0.7123456746151502,0.09756097362680949,7.0710678118654755,0.05970149105220172,0.2666666370370403,0.6552866751496849,6.082762530298219,0.5646631284237061,0.7805597633517585
Exp1_ReLU,relu,BraTS20_Training_045.npy,0.9458427963063752,1.0,0.9573336996176907,0.9346244723903314,0.9474410143748488,1.0,0.9799736070725491,0.916999015315801,0.8872191043173716,1.0,0.9559761155358829,0.8276889373871437,0.8087190629573716,1.6049159094901018,0.7531416138514128,0.8731526224885112,0.8439336968643841,1.4142135623730951,0.8269420370435,0.8616382803834446
Exp1_ReLU,relu,BraTS20_Training_046.npy,0.4673292536721571,19.026297590440446,0.31310879964968663,0.9209291025243371,0.7400135384562845,5.0990195135927845,0.7190789426376385,0.7622036209051352,0.7387387358451283,5.385164807134504,0.694915249116321,0.7884615318690508,0.30423939390924204,7.211102550927978,0.3742331058752696,0.2563025102393903,0.43634137800884454,19.89597746796527,0.2866004249363619,0.9137520592256436
Exp1_ReLU,relu,BraTS20_Training_047.npy,0.8976974272018399,1.4142135623730951,0.851401869094709,0.9493171981218271,0.9286862770268456,1.0,0.9603829963434786,0.8990149633958922,0.8560091024241204,1.0,0.9403768629291657,0.7855334253607419,0.8237408223676231,2.23606797749979,0.7957017686243341,0.8538281413276705,0.7748710689658783,2.8284271247461903,0.6762217110094242,0.9072190474462439
Exp1_ReLU,relu,BraTS20_Training_048.npy,0.672202149711137,7.280109889280518,0.5122268201675069,0.9774833566261041,0.8524431529552602,1.0,0.7636521214572316,0.9645985366255527,0.6883236264531915,1.9732050807567902,0.5502204774609482,0.9189852625287622,0.8066712021556459,1.4142135623730951,0.834507036376711,0.7806324059246877,0.6003128257037765,7.810249675906654,0.4466599424134301,0.915116832844447
Exp1_ReLU,relu,BraTS20_Training_049.npy,0.9295583075981138,1.0,0.9434544891389289,0.9160655389131968,0.9444906435088455,1.0,0.9761495466778051,0.9148207794707597,0.8415806326787936,1.0,0.9717730858542803,0.7421515262826465,0.29673092794022693,5.865003050147015,0.17611940123264277,0.9414893116229089,0.9209062780596771,1.0,0.9330939104083228,0.9090329188508238
Exp1_ReLU,relu,BraTS20_Training_050.npy,0.930653856427018,1.0,0.9513166967700293,0.9108695385232309,0.9421040081115842,1.0,0.929386590443836,0.9551742960375614,0.8299680724228466,1.0,0.9219731810189891,0.7546594552467829,0.8206330596553613,2.0,0.7195888061908655,0.9546901041996173,0.6671322157930526,13.076696830622021,0.8084300444806335,0.567878169968366
Exp1_ReLU,relu,BraTS20_Training_051.npy,0.9380330628153584,1.0,0.9304598173126215,0.945730600972708,0.9399970598441871,1.0,0.910732596040371,0.9712046649831695,0.8852613032353646,1.0,0.8628004571821439,0.9089228288513482,0.8342384877990101,1.4142135623730951,0.7941110344029871,0.8786371527514619,0.9192322915921245,1.0,0.9153880171401142,0.9231089910492788
Exp1_ReLU,relu,BraTS20_Training_052.npy,0.8937607299975421,1.0,0.9904621236192704,0.8142621936994726,0.9433059879294211,1.0,0.9543041455854417,0.9325584443573953,0.8559670777597275,1.0,0.9152178569272185,0.8039215678696063,0.8579004214299318,1.0,0.7851878468718536,0.9454545434081071,0.8309856742891153,1.4142135623730951,0.968521842821256,0.7276542171549504
Exp1_ReLU,relu,BraTS20_Training_053.npy,0.9575617336446809,0.0,0.9594336904120127,0.9556970673593365,0.8519070846872312,2.23606797749979,0.798256832552576,0.9132885319134574,0.8416892028075259,1.0,0.8933539402811284,0.7956735488734774,0.6854192275950729,5.477225575051661,0.5781962991967176,0.8414634136181316,0.9332921580601201,1.0,0.945377982679336,0.9215114460125163
Exp1_ReLU,relu,BraTS20_Training_054.npy,0.8918397503699861,1.0,0.8148134257372569,0.9849494535888678,0.9363652580745769,1.0,0.911607524339566,0.9625052896141895,0.8971047067975467,1.0,0.8689435541322121,0.9271523175593245,0.8369671815639629,1.0,0.8340099220658399,0.8399454863114091,0.7518928282946273,2.0,0.6473420871843879,0.8967200309460107
Exp1_ReLU,relu,BraTS20_Training_055.npy,0.9349100733701784,1.0,0.968374592805676,0.9036811903952168,0.9117797365172544,1.0,0.9668744066069135,0.8626254074322341,0.814885304610395,1.4142135623730951,0.9853439910545737,0.6947053794238212,0.7312643266343993,4.898979485566356,0.6374116190633083,0.8575268799472149,0.9221660305359409,1.0,0.9517394688420198,0.8943750781314078
Exp1_ReLU,relu,BraTS20_Training_056.npy,0.8713242652880717,1.4142135623730951,0.7972621226651379,0.9605556585763436,0.9216970012894956,1.0,0.9047267115758727,0.9393160964339229,0.8741882756385146,1.0,0.8756582145777875,0.8727232631211805,0.7920616857590307,3.7416573867739413,0.7352734091348587,0.8583561632077313,0.6487269714496474,4.69041575982343,0.5287794058384211,0.8390575989910062
Exp1_ReLU,relu,BraTS20_Training_057.npy,0.932585296685677,1.0,0.9031437075053785,0.9640111024668976,0.8987884902831952,1.0,0.9082638999249585,0.8895087419737646,0.8562959580138539,1.0,0.8720538710413864,0.8410974234702157,0.7628832866224382,4.123105625617661,0.7545252437137973,0.7714285689239332,0.906719377981098,1.0,0.8723810249624876,0.943871722394347
Exp1_ReLU,relu,BraTS20_Training_058.npy,0.7324591562888306,5.0990195135927845,0.6765073037519429,0.7985007107666406,0.3785366214488268,17.832554500127006,0.5942408373506453,0.27772491224335255,0.5677178134659725,14.628738838327793,0.8601669635358274,0.42367280973370086,0.22672690517574398,21.18962010041709,0.36386185807683474,0.16466626363670397,0.5800507317247887,7.681145747868608,0.4488210219002831,0.8197294831556013
Exp1_ReLU,relu,BraTS20_Training_059.npy,0.7816473619974514,4.242640687119285,0.7720117290022334,0.7915265632376571,0.8323548579422595,2.0,0.9232995613926697,0.7577197119646883,0.759720834962709,2.8284271247461903,0.9752559643749491,0.6222101218170379,0.43773584630354817,3.3166247903554,0.3862375095867091,0.5050798185039214,0.7484441390728263,4.58257569495584,0.7313063532265438,0.7664044298481939
Exp1_ReLU,relu,BraTS20_Training_060.npy,0.9327923015798659,1.0,0.9432645247466085,0.922550052583621,0.9259641497927805,1.0,0.9873732982949975,0.8717463562076843,0.819095624411952,1.0,0.8641479094334975,0.7785081606715458,0.8809879290227021,1.4142135623730951,0.948196970831138,0.8226759294755537,0.8601635979049183,1.0,0.8387806588313483,0.8826652824811032
Exp1_ReLU,relu,BraTS20_Training_061.npy,0.8800198928558945,1.4142135623730951,0.8476646702526157,0.9149431225879301,0.9131742221791427,1.0,0.894481729385174,0.9326646443257409,0.7783018862188223,1.0,0.808328229013582,0.7504263775576657,0.8325592373198778,1.7320508075688772,0.768828146599552,0.9078111572398092,0.653901319095022,10.677078252031311,0.610716677011766,0.7036579708231857
Exp1_ReLU,relu,BraTS20_Training_062.npy,0.948265687463177,1.0,0.9668064683428704,0.9304226515152461,0.9471691325223479,1.0,0.9975673464143152,0.9016183677729205,0.8898136365706438,1.0,0.9860332412214998,0.8107031801836497,0.8895297932508807,1.0,0.863254697689297,0.917454583598505,0.8971053059850592,1.0,0.89817845675622,0.8960347164745284
Exp1_ReLU,relu,BraTS20_Training_063.npy,0.833245347488041,1.7320508075688772,0.9657361369286913,0.7327221025168443,0.6380973742000254,5.916079783099616,0.9414101259801054,0.48260648144814783,0.671443925705045,6.164414002968976,0.8314108215110433,0.5631009598464514,0.31152460890898975,5.744562646538029,0.6766623119079229,0.202339180497703,0.7022529677936558,3.0,0.7471653065972098,0.6624338618497057
Exp1_ReLU,relu,BraTS20_Training_064.npy,0.8465415679416135,3.0,0.8729322130279255,0.8216997906628712,0.9163476300636966,1.0,0.8701180061731028,0.9677652821278581,0.7818387788007037,1.4142135623730951,0.742735768693646,0.8252879347897011,0.8459803237417793,2.0,0.8030089009656713,0.8938108308226077,0.49955284098602837,10.04987562112089,0.7200075448189087,0.3824521557788811
Exp1_ReLU,relu,BraTS20_Training_065.npy,0.6829978891275978,15.297058540778355,0.9224283301524017,0.5422488669415009,0.8911295151948991,1.0,0.9730013080655273,0.8219663400753624,0.8778737960576002,1.0,0.9638381633947791,0.805988021538958,0.6442220170872519,5.0990195135927845,0.6927592887205549,0.6020408112071359,0.6291501958452826,19.131126469708992,0.8791427618988465,0.48985522548614197
Exp1_ReLU,relu,BraTS20_Training_066.npy,0.9371576966475372,1.0,0.9508977583989159,0.9238090548050002,0.9043989041004524,1.0,0.8862945469980632,0.923258320358942,0.8049485484998563,1.0,0.8034622033428018,0.80644040217023,0.8785851588784428,1.0,0.8406415526182438,0.9201159592202997,0.8957134428371071,1.0,0.9198253392803654,0.8728333729151933
Exp1_ReLU,relu,BraTS20_Training_067.npy,0.9569995332123961,0.0,0.9422599167394133,0.9722076165240547,0.9580863613896002,0.0,0.9802368122554127,0.9369148582065989,0.8805013757948493,1.0,0.9864968263102594,0.7950736411539311,0.7696290713756218,3.1622776601683795,0.6543140702302593,0.9342857132179592,0.9248242366905037,1.0,0.8941312616863801,0.9576993216849462
Exp1_ReLU,relu,BraTS20_Training_068.npy,0.9298416482569695,1.0,0.9624061455501935,0.8994087644317628,0.8965080703364567,1.4142135623730951,0.8769090156032463,0.917003236960998,0.8252568751652288,1.0,0.8629787227922137,0.790694651510368,0.8252495657483588,3.605551275463989,0.7675345641499977,0.8923501109396046,0.7911808753168437,2.23606797749979,0.8835210428979926,0.7163159518326471
Exp1_ReLU,relu,BraTS20_Training_069.npy,0.7834574129289389,12.884098726725126,0.6655160510439873,0.9522052313370976,0.9090660632378696,1.0,0.8570528784514149,0.9678003359085089,0.8102745566300356,1.0,0.8203569823937323,0.8004369533080918,0.8387605960716864,2.23606797749979,0.743444916186421,0.9621110508569535,0.697460934459316,15.524174696260024,0.5732978113029628,0.8902737590643911
Exp1_ReLU,relu,BraTS20_Training_070.npy,0.8885862020328475,1.4142135623730951,0.8872622057439166,0.8899141554773721,0.8281410854102629,2.0,0.7409170773845385,0.9386421567017406,0.7304260216139803,1.4142135623730951,0.7965157335034798,0.6744634190481338,0.6722494127727248,4.242640687119285,0.5270372175278192,0.9279131514152505,0.6431462828502357,4.358898943540674,0.7472360909650339,0.564510153718213
Exp1_ReLU,relu,BraTS20_Training_071.npy,0.9280767793732594,1.0,0.9589540913316693,0.899125872988727,0.671718322506917,17.4928556845359,0.6357165962279109,0.7120425167821944,0.7881462795946017,4.47213595499958,0.6961018291996008,0.9082416432341275,0.2649612401046812,23.853720883753127,0.28597724182400064,0.24682264551296557,0.8884917566786468,1.4142135623730951,0.9288130750489556,0.8515256152532911
Exp1_ReLU,relu,BraTS20_Training_072.npy,0.7667742448181977,4.123105625617661,0.9254635305211281,0.6545401986146796,0.9455215349248663,1.0,0.9334326655564589,0.9579276380207488,0.8906782370435871,1.0,0.9140810090731364,0.86844388976828,0.7177233267126012,3.0,0.6159358787214183,0.8598130829803698,0.5595869755544922,6.4031242374328485,0.8352753480427123,0.42072409482102485
Exp1_ReLU,relu,BraTS20_Training_073.npy,0.9267217505254013,1.0,0.9208203236998089,0.9326993081241582,0.9393930436631915,1.0,0.9389213769632457,0.9398651839286511,0.8270196730708352,1.0,0.8354122612733486,0.8187940314765914,0.8633308433272247,1.0,0.8512518398028494,0.8757575745512981,0.8561230091788169,1.0,0.8475897061081589,0.8648298813369713
Exp2_Leaky,leaky_relu,BraTS20_Training_001.npy,0.9117117301018185,1.0,0.8454933588185026,0.9891838250236069,0.9476563923778433,1.0,0.9625564429865563,0.9332106052728351,0.8875979841672036,1.0,0.9142815943643999,0.8624277453714969,0.8843537412073673,1.0,0.8754775620828352,0.8934117485670973,0.8770263728665408,1.4142135623730951,0.7933904484537564,0.9803732468818513
Exp2_Leaky,leaky_relu,BraTS20_Training_002.npy,0.8845947396063288,1.4142135623730951,0.9591976836463604,0.8207590538871177,0.9566957900058155,0.0,0.958431471794238,0.9549663827508776,0.8593052290476764,1.0,0.8668498994245688,0.8518907550241736,0.9587120792034213,0.0,0.9556768548518811,0.9617666436368199,0.8443152170306911,1.7320508075688772,0.93685790573779,0.768411627263533
Exp2_Leaky,leaky_relu,BraTS20_Training_003.npy,0.7252812666341327,4.123105625617661,0.8175260842025276,0.6517424909326961,0.9188302802421013,1.0,0.9010988986837338,0.9372734849811165,0.8626743218003703,1.0,0.8769179423718547,0.8488860159868065,0.7080948429428059,2.23606797749979,0.5907230478755382,0.8836734513536031,0.6874311098087058,4.898979485566356,0.7892698263578503,0.6088692974945655
Exp2_Leaky,leaky_relu,BraTS20_Training_004.npy,0.9560176589018847,0.0,0.9658003875366483,0.9464311241757958,0.9287429236483749,1.0,0.8850917331184803,0.9769230764703786,0.8942432647626556,1.0,0.9145771959806185,0.8747938421696029,0.7743383738336848,4.47213595499958,0.6620202013514948,0.932555490989534,0.9480864932659862,1.0,0.9757023852723326,0.9219908315753778
Exp2_Leaky,leaky_relu,BraTS20_Training_005.npy,0.6645022248972816,66.82813778641449,0.6111826182303545,0.7280142274451035,0.8273827863405755,8.660254037844387,0.7116243841638589,0.9881177697285828,0.7364636907602103,8.774964387392123,0.6748428941061799,0.8104686539130023,0.5399223121710783,30.768486471837047,0.3746630716541986,0.9660231585635277,0.3314891652593444,71.35439336683528,0.3468961075154453,0.31739258340583787
Exp2_Leaky,leaky_relu,BraTS20_Training_006.npy,0.9374159041004335,1.0,0.9047492283022104,0.9725298520561986,0.921227836461183,1.0,0.880835380638634,0.965502888804842,0.8115419919961996,1.0,0.9391485605150531,0.7144643345081075,0.5504179070379102,5.744562646538029,0.3870056495222934,0.952688437907999,0.9166798955054615,1.0,0.8886553951997266,0.9465295047539533
Exp2_Leaky,leaky_relu,BraTS20_Training_007.npy,0.9207515114024944,1.0,0.9290846293067071,0.9125665467593,0.9266630606129459,1.0,0.8964110067004175,0.9590283208787325,0.8873366744290109,1.0,0.8766033432755264,0.8983361049944492,0.8492327149988409,15.84297951775486,0.7898763955565733,0.9182346872451772,0.8843442381851881,1.0,0.9040518097296407,0.8654775528216083
Exp2_Leaky,leaky_relu,BraTS20_Training_008.npy,0.8233161090403258,1.4142135623730951,0.9504829109378694,0.7261616483012377,0.6824480349813855,4.0,0.8640350814032524,0.5639312950194117,0.8766404161126841,1.0,0.82741535237477,0.9320930145851812,0.12224108554973612,11.244898840013615,0.4585986969045416,0.07051909823193832,0.8029503883499043,1.4142135623730951,0.9231488695485116,0.710446758311232
Exp2_Leaky,leaky_relu,BraTS20_Training_009.npy,0.8944659182403856,1.4142135623730951,0.8361899053218578,0.961473215405315,0.8136096448526265,3.7416573867739413,0.711515008364935,0.9499115879217227,0.7388519979276824,3.3166247903554,0.6142511933725759,0.9268668659986165,0.7310738170918153,10.099504938362077,0.7026739230546325,0.7618660733935405,0.8206961527966137,2.23606797749979,0.8060476449135782,0.835886937611459
Exp2_Leaky,leaky_relu,BraTS20_Training_010.npy,0.8323282336875168,2.0,0.8899119927400031,0.781743744503499,0.7565432094095412,19.949937343260004,0.8761795812465262,0.6656528343844744,0.8893163413566432,1.0,0.857098716426543,0.9240506313723341,0.1933924249438828,31.44041077660109,0.6909788734936877,0.11242973106674037,0.7844173752158613,2.449489742783178,0.8255704569501516,0.7471722894730918
Exp2_Leaky,leaky_relu,BraTS20_Training_011.npy,0.9085343800195356,1.0,0.9722841066019173,0.8526300102894699,0.9241846266812013,1.0,0.9338922608327145,0.9146767334453264,0.7630979493748506,1.4142135623730951,0.9863179754306929,0.6222683559634306,0.45153820633222264,5.385164807134504,0.29654573040072624,0.9459459393905341,0.8841362439920626,1.0,0.9590269785721601,0.8200947713396324
Exp2_Leaky,leaky_relu,BraTS20_Training_012.npy,0.8712854867220606,2.0,0.8287120277503195,0.9184700902288326,0.9229037698224825,1.0,0.8913043467496324,0.956826136449078,0.8557427778062734,1.0,0.833249621909845,0.8794840062210921,0.791561566632512,3.605551275463989,0.7481577774245436,0.8403115830559318,0.8015165532708545,4.123105625617661,0.7582084450885067,0.8500718042843122
Exp2_Leaky,leaky_relu,BraTS20_Training_013.npy,0.9107811878403507,1.0,0.9154491894698958,0.9061605500691757,0.8838267090881267,1.4142135623730951,0.8154798755999451,0.9646781142958589,0.6966887408829756,1.4142135623730951,0.7162664008015192,0.6781528347910154,0.8515418259698969,2.0,0.7511432919672797,0.982919834206558,0.8432859446045912,1.4142135623730951,0.8793862404479355,0.8100327277753546
Exp2_Leaky,leaky_relu,BraTS20_Training_014.npy,0.9010062550459965,1.0,0.9568651579781419,0.8513093800720261,0.9113139378377421,1.0,0.8914143289593727,0.932122296198801,0.8386543356550986,1.0,0.8845849350347292,0.7972580394489281,0.5982335619246101,4.123105625617661,0.49706457871595505,0.751108919416611,0.8437607247542933,1.4142135623730951,0.9321163176880276,0.7707053290328048
Exp2_Leaky,leaky_relu,BraTS20_Training_015.npy,0.9466650700137044,1.0,0.9464988385908755,0.9468313597608783,0.7067011621518415,5.0990195135927845,0.5485659328231227,0.9929346702918957,0.844846586134884,1.0,0.809042434115705,0.8839664997160256,0.2707312289053801,11.832159566199232,0.15919308338997917,0.904387682355025,0.9263202248034929,1.0,0.9601802805538351,0.89476692320594
Exp2_Leaky,leaky_relu,BraTS20_Training_016.npy,0.9122753935821564,1.0,0.9493844263870569,0.8779582298390521,0.8035765133544654,3.605551275463989,0.6869188450691497,0.9679632294134721,0.6206979195137815,2.23606797749979,0.9937073125671804,0.45129474072028203,0.0281986531887631,12.96148139681572,0.014331039886517044,0.8720173346633985,0.8198443639462204,2.0,0.9260185679635597,0.7355129045588481
Exp2_Leaky,leaky_relu,BraTS20_Training_017.npy,0.9333320464174321,1.0,0.97462230767936,0.8953981480652409,0.86986460314512,1.4142135623730951,0.8053724922597618,0.9455845240154882,0.8534347136513931,1.0,0.9368254411615694,0.7836764165358416,0.5997734561074444,6.4031242374328485,0.4531450571200327,0.8866871312121486,0.9075872106947865,1.0,0.9653299866333576,0.8563625012114907
Exp2_Leaky,leaky_relu,BraTS20_Training_018.npy,0.7616439923713824,3.3166247903554,0.9109102939433352,0.6544092331336936,0.5719775338871157,21.79449471770337,0.9503929226405062,0.40909090822602345,0.671874998581345,15.427248620541512,0.9386430623088905,0.5231831617126499,0.18226600895435463,24.362879463346662,0.542521978225162,0.10953226696546911,0.7409537795515692,3.605551275463989,0.8693550315018893,0.6456004406409439
Exp2_Leaky,leaky_relu,BraTS20_Training_019.npy,0.8969067215933254,1.4142135623730951,0.8533689520164922,0.9451258058047475,0.8861543430216612,1.0,0.8008468385648285,0.9918027840444803,0.7983841347785604,1.0,0.8861714043756533,0.7264221863449819,0.5741826230466441,5.0990195135927845,0.41065772274021084,0.9541125520473754,0.7448705738150656,2.8284271247461903,0.7401290319397295,0.7496732592360054
Exp2_Leaky,leaky_relu,BraTS20_Training_020.npy,0.8916719729350854,1.7320508075688772,0.843429663471163,0.9457677970110421,0.8045597855470406,4.0,0.6820030177674907,0.9808130837627427,0.705080222490793,1.4142135623730951,0.7986507904306961,0.6311358404080939,0.668369537483654,6.082762530298219,0.5092485804971113,0.9721204934541119,0.7117468912556248,7.615773105863909,0.8213556810335839,0.6279480805539978
Exp2_Leaky,leaky_relu,BraTS20_Training_021.npy,0.8100855368689431,2.449489742783178,0.7862607844195938,0.8353992502636496,0.8886430670274308,1.0,0.8502381357378054,0.9306815969672108,0.7032829850164986,1.4142135623730951,0.9380619349381887,0.5624999988767971,0.0845964043546126,12.657004020628712,0.04501125264436889,0.7017543449266465,0.769423393612945,3.1622776601683795,0.7487255119597532,0.7912981597399958
Exp2_Leaky,leaky_relu,BraTS20_Training_022.npy,0.9468045886592499,1.0,0.9614198888749786,0.9326269917926792,0.9253552881720832,1.0,0.8841270356483575,0.9706166908049534,0.8732148218581647,1.0,0.8775039784438263,0.868967390832083,0.8132098705408887,3.605551275463989,0.7179445870506246,0.9376249069763071,0.8879253084920201,1.0,0.9451722203395927,0.8372169965408098
Exp2_Leaky,leaky_relu,BraTS20_Training_023.npy,0.9061136477795391,1.0,0.8685893536783333,0.9470265395055208,0.9431432144516528,1.0,0.9029441966775396,0.9870883227375946,0.8524605253176538,1.0,0.8465758426930824,0.8584275905262122,0.8789184614457808,1.0,0.7893458782981547,0.9914220339469653,0.8367121591721407,1.4142135623730951,0.8028139166831318,0.8735992617599265
Exp2_Leaky,leaky_relu,BraTS20_Training_024.npy,0.8964356685334646,1.0,0.9200778117283568,0.873978094734923,0.8551938518143524,1.4142135623730951,0.755223425059012,0.9856687893184372,0.8366201001392594,1.4142135623730951,0.7310956237941044,0.9777453709245845,0.6945765929859641,6.708203932499369,0.639727360000531,0.7597132267351684,0.8333672430680517,1.4142135623730951,0.9087930091294386,0.7695020086173731
Exp2_Leaky,leaky_relu,BraTS20_Training_025.npy,0.904488153089123,1.0,0.9608916484931449,0.8543391930778319,0.9665191327449899,0.0,0.9850984851973505,0.9486276349017355,0.8973136095445494,1.0,0.9551425451986792,0.8460873979440613,0.9560906513072891,0.0,0.9357670974862564,0.9773166017925158,0.8101886230988924,2.8284271247461903,0.8960249669031907,0.7393602600661063
Exp2_Leaky,leaky_relu,BraTS20_Training_026.npy,0.9423728247731681,1.0,0.9491718153431675,0.9356705447884489,0.7922808377490467,4.58257569495584,0.8190358889757293,0.7672184806505812,0.7333933090500673,2.23606797749979,0.7402855208902325,0.7266282489421548,0.4551605361646941,12.727922061357855,0.49390406648224255,0.42205323161821046,0.8909121271059876,1.0,0.8915883294414325,0.8902369496280115
Exp2_Leaky,leaky_relu,BraTS20_Training_027.npy,0.7298916002172454,6.4031242374328485,0.9956337773083012,0.5761206469429219,0.9257483837044757,1.0,0.9157124302854003,0.9360067569238167,0.8469784950395703,1.0,0.7919451069260471,0.9102317919968237,0.8283948656692575,3.0,0.9062752792022706,0.7628404661840074,0.6130807588928272,8.94427190999916,0.9779556199883701,0.44649401547366563
Exp2_Leaky,leaky_relu,BraTS20_Training_028.npy,0.8609792353951519,1.4142135623730951,0.8767457755265428,0.8457697376833571,0.7870406950946299,1.7320508075688772,0.7306922764234413,0.8528061019282276,0.6360891775220104,2.23606797749979,0.5921521991220925,0.6870688565319593,0.8083262684295693,1.4142135623730951,0.7471704670952979,0.8803857183414328,0.35759105635947275,4.58257569495584,0.45204230406265083,0.29578809176018606
Exp2_Leaky,leaky_relu,BraTS20_Training_029.npy,0.9400030296723884,1.0,0.9454379238592102,0.9346302636772846,0.9404786819199786,1.0,0.9114146593029285,0.9714574009349036,0.8860411891203285,1.0,0.8489738627451783,0.9264931069554114,0.8238402794367577,1.0,0.8287064333803519,0.819030935090304,0.9277715766276805,1.0,0.9377149406012492,0.9180368752261446
Exp2_Leaky,leaky_relu,BraTS20_Training_030.npy,0.8520474475949051,1.4142135623730951,0.8875869496484173,0.8192444204170698,0.7985480938741172,6.4031242374328485,0.8079017338129648,0.789408561260321,0.8012057266004479,1.4142135623730951,0.8645308166132204,0.746524363507198,0.16242155717083218,30.675723300355934,0.1258581228497819,0.2289281974096962,0.8384593634696544,1.7320508075688772,0.8756042080361754,0.8043377801972658
Exp2_Leaky,leaky_relu,BraTS20_Training_031.npy,0.9189225261834059,1.0,0.9293532947687626,0.908723302026791,0.8861502961375093,1.0,0.8892748128655669,0.883047658555237,0.8677483472316025,1.0,0.8577956493978269,0.8779347110289334,0.7033928694473905,5.385164807134504,0.7407463351854565,0.6696257843900222,0.8513050183649122,1.4142135623730951,0.8645516823249945,0.8384581593018415
Exp2_Leaky,leaky_relu,BraTS20_Training_032.npy,0.8975656188373555,1.0,0.9607169807695408,0.8422045053285903,0.900669513765246,1.0,0.8952954670709722,0.9061084653895549,0.7830663185622828,1.0,0.8791174308489832,0.7059366859468161,0.7681335350772887,4.242640687119285,0.6434473107366884,0.9527573857467394,0.6507224710555227,2.23606797749979,0.7919514875502189,0.5522411005210724
Exp2_Leaky,leaky_relu,BraTS20_Training_033.npy,0.9494195721577992,1.0,0.951459794409439,0.9473880808344995,0.946076432644663,1.0,0.9051529456353303,0.9908755838768089,0.9147083088608293,1.0,0.9348491467706608,0.8954170151397529,0.7265129677762875,5.661239669344599,0.6041217342390106,0.9110950471429435,0.9262115642924318,1.0,0.9386251461925786,0.9141220427443164
Exp2_Leaky,leaky_relu,BraTS20_Training_034.npy,0.9399798187501698,1.0,0.9511428039977785,0.9290758201850625,0.9131756557411613,1.0,0.8647104588496808,0.9673961698663526,0.8243658806079767,1.4142135623730951,0.7735980348859607,0.8822650665784674,0.868696624423369,1.4142135623730951,0.8313792260611145,0.9095215280698699,0.8648702633816521,1.4142135623730951,0.9293809562699877,0.8087339831878788
Exp2_Leaky,leaky_relu,BraTS20_Training_035.npy,0.8694243656907797,1.7320508075688772,0.846564323531023,0.8935532648622347,0.8420551422952504,2.23606797749979,0.7703700629002717,0.9284499997678874,0.7773596960034503,1.0,0.902604896174015,0.6826371568944398,0.47555388173113855,8.246211251235321,0.3164202788288565,0.9566919179839749,0.7120198801327541,3.1622776601683795,0.7657483136871329,0.6653367825124407
Exp2_Leaky,leaky_relu,BraTS20_Training_036.npy,0.8685241751153926,1.4142135623730951,0.9494063674113556,0.8003411994311395,0.8740674149446586,1.0,0.8458594278951646,0.9042216832727884,0.8438955245556838,1.0,0.8072825860792513,0.8839872727805148,0.7778668742753257,3.4641016151377544,0.8290598148878664,0.7326283877246468,0.7636722417009622,3.3166247903554,0.8954385181848408,0.6657110086290048
Exp2_Leaky,leaky_relu,BraTS20_Training_037.npy,0.887625374158081,1.4142135623730951,0.8062625594701436,0.9872525285367434,0.933494611626678,1.0,0.9018782930044712,0.9674081498006162,0.852308452841037,1.0,0.8390013207879538,0.8660445076338518,0.8303711900061936,1.4142135623730951,0.7784332997067265,0.8897352636242067,0.8613646240467786,2.0,0.7751367256128515,0.9691781086978757
Exp2_Leaky,leaky_relu,BraTS20_Training_038.npy,0.8951278817939973,1.0,0.8771759513649006,0.9138299582924782,0.8373265691526608,2.0,0.7947959270168549,0.8846663004473003,0.7659875311682439,2.23606797749979,0.7416303668360795,0.7919989363849022,0.7468428620734039,3.1622776601683795,0.6759259252739912,0.8343850448453566,0.7790768133328215,2.23606797749979,0.7781476403549232,0.7800082078439754
Exp2_Leaky,leaky_relu,BraTS20_Training_039.npy,0.8937046132397738,1.0,0.97546911442434,0.8245871438638778,0.9076011063344483,1.0,0.9056683137524092,0.9095421656494999,0.8674853576922406,1.0,0.8949789483120388,0.8416306174634279,0.858833767746881,1.7320508075688772,0.7968346240361198,0.9312948264792472,0.8329722616152564,1.7320508075688772,0.9543474947603631,0.7389868878551582
Exp2_Leaky,leaky_relu,BraTS20_Training_040.npy,0.9451229923034409,1.0,0.9261641654947304,0.9648742242374921,0.9495958959311818,1.0,0.9143502875383046,0.9876676815272776,0.8749118163856013,1.0,0.8270673554405354,0.9286315982176003,0.9369838032454725,1.0,0.9230728583911487,0.9513204459834901,0.9158268886896244,1.0,0.9047785483146984,0.9271483893037015
Exp2_Leaky,leaky_relu,BraTS20_Training_041.npy,0.9486539033032365,1.0,0.9705386846505927,0.9277343220115659,0.8484087461145665,1.7320508075688772,0.8539178934420658,0.8429702281509464,0.806133493201363,2.0,0.877241197647898,0.7456891748295815,0.6703789626134896,5.0990195135927845,0.5655010423656027,0.8230155684655693,0.927153844810584,1.0,0.9515229368595511,0.9040017984159812
Exp2_Leaky,leaky_relu,BraTS20_Training_042.npy,0.9535131882638159,0.0,0.9684176836286325,0.9390605161603808,0.95936375083373,0.0,0.942907502249749,0.9764046130101564,0.8678097050146029,1.0,0.8502618339553784,0.8860971519500205,0.9423091654257707,1.0,0.9289526682130148,0.9560553448950327,0.9070835990894889,1.0,0.9606001213216868,0.8592153778458516
Exp2_Leaky,leaky_relu,BraTS20_Training_043.npy,0.8090293585147337,2.23606797749979,0.7358732531630892,0.8983365946189379,0.676347483833307,2.8284271247461903,0.5137555145162789,0.9895026218707758,0.4718437773118897,3.7416573867739413,0.3959603643446632,0.5837078618892817,0.6044091460983032,4.123105625617661,0.43427784251421125,0.9936965286191061,0.7685076796196467,3.1622776601683795,0.72889681366992,0.8126711426487598
Exp2_Leaky,leaky_relu,BraTS20_Training_044.npy,0.7590476188350006,4.898979485566356,0.7075195818759689,0.8186706943693833,0.7335556206924655,3.0,0.6670341749336595,0.8148148093278464,0.742339830284332,2.0,0.7549575017354285,0.7301369813004317,0.0,29.941585367770735,0.0,0.0,0.7194839663221864,5.0990195135927845,0.6723580983661986,0.7737139058919921
Exp2_Leaky,leaky_relu,BraTS20_Training_045.npy,0.9476701290891413,1.0,0.9434885538752152,0.9518889349933475,0.959090303295066,0.0,0.9626221554742452,0.9555842728751466,0.8908461703767218,1.0,0.9378858412767215,0.8482996931556822,0.825069011067352,1.4142135623730951,0.7313315606988089,0.946368539640084,0.8566907536187707,1.0,0.8428208186282962,0.8710248294977677
Exp2_Leaky,leaky_relu,BraTS20_Training_046.npy,0.4849386687140682,17.233687939614086,0.33179241639651297,0.9006573043765631,0.4757495580340618,12.0,0.7098684163824447,0.35775861950345283,0.758648755561055,1.4142135623730951,0.6868091327427478,0.8472727195702481,0.045214044996565436,17.029386365926403,0.28834354059242084,0.024530271270718836,0.39713236261514084,18.411952639521967,0.2577106426231375,0.8652140369598785
Exp2_Leaky,leaky_relu,BraTS20_Training_047.npy,0.8888200706201864,1.4142135623730951,0.8220078383462461,0.9674540728120911,0.9321952057114637,1.0,0.9149503581089627,0.9501025973090932,0.8541192932111656,1.0,0.9155338892798557,0.8004261943555374,0.8322478303942805,2.449489742783178,0.7372458255125655,0.9553556122727697,0.7641368563945224,3.0,0.6684271799601857,0.891835574750552
Exp2_Leaky,leaky_relu,BraTS20_Training_048.npy,0.6779638429622964,7.3484692283495345,0.5220082764383158,0.9668081326618052,0.798235192943772,1.7320508075688772,0.6795723759619405,0.9671052591813105,0.6962962942331962,2.23606797749979,0.5756981843424881,0.8808095885996283,0.7895154853474364,2.8284271247461903,0.6999999950704225,0.9052823232670099,0.6015383434437588,7.810249675906654,0.456590891280708,0.881317857820054
Exp2_Leaky,leaky_relu,BraTS20_Training_049.npy,0.9299299929785897,1.0,0.9373876081344544,0.9225901028098916,0.9518174123501507,0.0,0.9677696584276544,0.9363825344357952,0.853372077910919,1.0,0.9657440368162673,0.7644251610316157,0.33029045369053567,6.0,0.19800994827850799,0.9949999502500024,0.9206993350484413,1.0,0.9273398279871942,0.9141532682169241
Exp2_Leaky,leaky_relu,BraTS20_Training_050.npy,0.9222653079034394,1.0,0.9142678346767301,0.9304039300100847,0.9185124086494333,1.0,0.8618842381913552,0.9831051254162084,0.8294799440455306,1.0,0.8854699744492227,0.7801495346212688,0.7699101250679844,3.3166247903554,0.6347801254612278,0.9781317371504679,0.6246398376896939,17.46424919657298,0.7949709858196559,0.5144198172023886
Exp2_Leaky,leaky_relu,BraTS20_Training_051.npy,0.9409065667545872,1.0,0.9547256723735522,0.9274818004548884,0.9369218330877699,1.0,0.8914207582935965,0.9873178112263753,0.8794625105830236,1.0,0.844028995922145,0.9180014931380185,0.8604679344642163,1.0,0.7977073481732809,0.9339473659632963,0.9240253529673512,1.0,0.9474600060618116,0.9017219923780586
Exp2_Leaky,leaky_relu,BraTS20_Training_052.npy,0.8974224928519158,1.0,0.9884093523786087,0.8217749654868719,0.9494232472358805,1.0,0.9347490081750225,0.9645655634390364,0.8609753556925365,1.0,0.8886027034893725,0.8350141177541205,0.862137464380078,1.0,0.7801545914431879,0.9633740267183707,0.8326120291646597,1.4142135623730951,0.974785557161466,0.7266319700441243
Exp2_Leaky,leaky_relu,BraTS20_Training_053.npy,0.9603347428762752,0.0,0.9634669995086315,0.9572227862804049,0.8613864014503316,2.23606797749979,0.7678461461949476,0.9808786149214096,0.8564660273196587,1.0,0.878118789050432,0.8358554005508035,0.7004144149921763,6.164414002968976,0.5538869986278213,0.9523537789552728,0.9390001804359989,1.0,0.9598476036928135,0.9190390980086905
Exp2_Leaky,leaky_relu,BraTS20_Training_054.npy,0.8979808858404354,1.0,0.8233764609258858,0.9874518385998453,0.9357123967020122,1.0,0.8982203930904712,0.9764705879516424,0.8963608265158081,1.0,0.8576349394411871,0.9387493772004164,0.845548525809637,1.0,0.8239362489491261,0.8683251451935904,0.7723015670520245,1.7320508075688772,0.6789363649717093,0.895439618038466
Exp2_Leaky,leaky_relu,BraTS20_Training_055.npy,0.9373211046623523,1.0,0.9703589669712613,0.9064588527924805,0.9478935316404505,1.0,0.9396423242516988,0.9562909335013506,0.856182651842429,1.0,0.9720203476598591,0.7650142986034182,0.7579127452163171,5.744562646538029,0.6128189354245022,0.993026149456971,0.9251515404316801,1.0,0.9639096048840446,0.8893898576596824
Exp2_Leaky,leaky_relu,BraTS20_Training_056.npy,0.8675823642998803,1.7320508075688772,0.7775956809452239,0.9811219770882299,0.9161203107610475,1.0,0.8710517011435842,0.9661071310573766,0.859743332834317,1.0,0.8359661928244763,0.8849126418638285,0.8081670162761508,3.3166247903554,0.7222482976739635,0.9172876290353389,0.6508241837617045,4.242640687119285,0.5300809870178939,0.8427991102607503
Exp2_Leaky,leaky_relu,BraTS20_Training_057.npy,0.9314146440935154,1.0,0.9049473834631743,0.9594767406629345,0.9162655561700422,1.0,0.8982315925027788,0.9350384981546699,0.8639328979124342,1.0,0.861024032438147,0.8668614834987008,0.8111318499726254,3.3166247903554,0.7589710995269257,0.8709912504701485,0.908899013346298,1.0,0.8818837536564663,0.9376217267721243
Exp2_Leaky,leaky_relu,BraTS20_Training_058.npy,0.7550812951258961,4.58257569495584,0.7442456362383384,0.7662371336550616,0.5948797185190932,11.180339887498949,0.6495055260910381,0.548729542169003,0.5650624777612975,12.806248474865697,0.8392963613009894,0.4259021102761918,0.5713798974608859,8.06225774829855,0.47996565495137794,0.70580807981789,0.6830425444827533,5.830951894845301,0.6564236765962845,0.7119115193387495
Exp2_Leaky,leaky_relu,BraTS20_Training_059.npy,0.8032200705751928,3.1622776601683795,0.7930395860818583,0.8136653335918351,0.8430834195499822,1.4142135623730951,0.9628557599476325,0.7498121684830497,0.7518945609492765,2.23606797749979,0.9735494797478713,0.6124530294554319,0.48235293833910037,3.605551275463989,0.45504993945560557,0.5131414203611837,0.7687968304261482,3.4641016151377544,0.7487104211580162,0.7899907072038627
Exp2_Leaky,leaky_relu,BraTS20_Training_060.npy,0.9320461901712593,1.0,0.9306681030945857,0.9334283643985528,0.9418038035054431,1.0,0.9795250503968939,0.9068800941369368,0.842803422603025,1.0,0.8800395740291618,0.8085904205394067,0.9021627727374548,1.0,0.9350147069751527,0.8715409998113527,0.8610291962834655,1.0,0.8363336303590239,0.8872275771462322
Exp2_Leaky,leaky_relu,BraTS20_Training_061.npy,0.9169673291405689,1.0,0.882682634307697,0.954022988011793,0.9122709381435501,1.0,0.8557046973484678,0.9768451511221204,0.7574732476648441,1.0,0.839865277342521,0.6898025893501791,0.7091454266218652,4.123105625617661,0.5501599294123874,0.9973642567280857,0.6716338473445757,2.23606797749979,0.6762223701591127,0.6671071750137344
Exp2_Leaky,leaky_relu,BraTS20_Training_062.npy,0.9551867907006658,0.0,0.9737519878841322,0.9373162635685622,0.9624136999110566,0.0,0.9950948134643187,0.9318109675799968,0.8998067398085808,1.0,0.9885545562855208,0.8256809551869874,0.9062866899065303,1.0,0.8487604953774688,0.9721776958025088,0.9126045541040809,1.0,0.9231145668073389,0.9023311682520668
Exp2_Leaky,leaky_relu,BraTS20_Training_063.npy,0.8632748214264692,1.4142135623730951,0.9629063090149856,0.782327719640634,0.7240054859753011,4.898979485566356,0.8735518011467996,0.6181775576992796,0.734850008586974,3.0,0.8096716911727077,0.6726870598131697,0.38054240042814286,6.557438524302,0.576271178927364,0.28406169483250837,0.7753908031925264,2.23606797749979,0.8436443198292776,0.7173545325462157
Exp2_Leaky,leaky_relu,BraTS20_Training_064.npy,0.8311091378741162,3.4641016151377544,0.8303501538558316,0.8318695105780145,0.8773813767852108,1.7320508075688772,0.7852360750353222,0.9940278172236435,0.7400627037102291,2.0,0.6651656752576703,0.8339665515627005,0.8320345884027909,3.605551275463989,0.7421358263845798,0.9467150985479749,0.5099756287930158,13.638181696985855,0.776282695688957,0.3797133541306166
Exp2_Leaky,leaky_relu,BraTS20_Training_065.npy,0.7435160291613936,9.486832980505138,0.9605315984258687,0.6064900492821675,0.9293814421013126,1.0,0.9452162491606388,0.9140684387476085,0.8861680991294373,1.0,0.9588256320844051,0.8237465369924745,0.7494172450500161,3.7416573867739413,0.6291585065640068,0.9265129549493811,0.7030446536192955,12.825740526765413,0.9431985202488272,0.5603661970252489
Exp2_Leaky,leaky_relu,BraTS20_Training_066.npy,0.9404303281344792,1.0,0.9442426902447101,0.9366486267552487,0.8901381411270222,1.0,0.8397904399199337,0.9469078172790929,0.7843489719070352,1.4142135623730951,0.7553375640446192,0.8156779650851471,0.8844921492434379,1.0,0.8123896397698799,0.9706399420347399,0.9049078727826616,1.0,0.9279639703424708,0.88296969809598
Exp2_Leaky,leaky_relu,BraTS20_Training_067.npy,0.9580625834850426,0.0,0.9459090535953636,0.9705324879347035,0.9665843339626686,0.0,0.9808418077897951,0.9527354131935817,0.8836534974661403,1.0,0.9876220907468956,0.7994898885773402,0.7797344107102895,3.0,0.6485513041071304,0.9774427008716011,0.9309149469830963,1.0,0.9073133096241834,0.9557772607466052
Exp2_Leaky,leaky_relu,BraTS20_Training_068.npy,0.9319991483132213,1.0,0.9510567295343686,0.9136903269525805,0.901666955106854,1.0,0.8444188923744268,0.9672419030200797,0.8382557812627975,1.0,0.853475176699663,0.8235696682017728,0.8225866671963159,4.58257569495584,0.7225754361072886,0.9547303147178277,0.7867003115654778,2.449489742783178,0.8976204585919128,0.7001783470836322
Exp2_Leaky,leaky_relu,BraTS20_Training_069.npy,0.8070309969584821,6.082762530298219,0.706000351651611,0.9418061129696601,0.9117318091973383,1.0,0.8518136789338905,0.9807172519675927,0.8168466657692673,1.0,0.8201650560935545,0.8135550191562667,0.8408406633092742,2.23606797749979,0.7380557566908199,0.976886144734646,0.7374466494533444,7.874007874011811,0.6322125922645084,0.8847097686544703
Exp2_Leaky,leaky_relu,BraTS20_Training_070.npy,0.8778767181742996,2.0,0.879656259593254,0.876104362079634,0.7788009139704931,3.0,0.6567477184558329,0.9565755795605648,0.70897072683325,1.7320508075688772,0.7364827742788332,0.683440139321701,0.6058056117063275,5.385164807134504,0.44390719937723144,0.9535925281555245,0.6321094054930536,9.433981132056603,0.7912357343120383,0.5262705329638052
Exp2_Leaky,leaky_relu,BraTS20_Training_071.npy,0.9334448628271638,1.0,0.9682176270458152,0.9010831787428567,0.5868190782998283,15.0996688705415,0.6255796394772029,0.5525814438214034,0.818120472887615,3.0,0.7233890209042252,0.9414018004540824,0.16253682194735933,19.949937343260004,0.23544176667429426,0.12410690647957405,0.8693292199018703,1.4142135623730951,0.8982227701255321,0.8422366027406113
Exp2_Leaky,leaky_relu,BraTS20_Training_072.npy,0.7812997159053593,3.605551275463989,0.9215125279082583,0.6781202719081536,0.936982813388085,1.0,0.9031070597083335,0.9734989841339933,0.8861863695162194,1.0,0.8902463389118127,0.8821632627475919,0.7223833073384597,3.605551275463989,0.5990570479971173,0.9096506287089768,0.585903728438842,5.916079783099616,0.8553032674695012,0.4455624813823742
Exp2_Leaky,leaky_relu,BraTS20_Training_073.npy,0.9218732255772213,1.0,0.911768008959822,0.9322049466200755,0.9474413001362307,1.0,0.9295882799163635,0.9659934927469195,0.7952022200658196,1.0,0.8479915424439836,0.748600223265584,0.80297454706917,1.4142135623730951,0.7011648136281098,0.9393721956244445,0.8557674773247205,1.0,0.8505255524282256,0.8610744162406155
Exp3_PReLU,prelu,BraTS20_Training_001.npy,0.9108716893833133,1.0,0.8437021697628475,0.9896614398951881,0.9390813697002485,1.0,0.9750376285805169,0.9056826979037935,0.8893668887772698,1.0,0.8942397805153774,0.8845468156298414,0.8408038003951712,2.23606797749979,0.9225539073220528,0.7723625714125759,0.8711533035410302,1.4142135623730951,0.7818025832430651,0.9835628142602846
Exp3_PReLU,prelu,BraTS20_Training_002.npy,0.8852515293009049,1.4142135623730951,0.9621227948299969,0.8197550957084858,0.9413392012130339,1.0,0.9530842186306676,0.9298801310913111,0.8443517323135817,1.0,0.8034814463223676,0.8896027034833429,0.9224645916869303,1.0,0.9741266364911282,0.8760062822737029,0.8414515235691238,1.4142135623730951,0.933680332001154,0.7658053786630096
Exp3_PReLU,prelu,BraTS20_Training_003.npy,0.7419271754383427,4.242640687119285,0.773140537198262,0.7131363141843923,0.9175371070402184,1.0,0.8946663069025292,0.9416078957923613,0.8643869877157849,1.0,0.864242825669637,0.8645311949798758,0.7369242721551579,2.0,0.6439290498781849,0.8613138528957327,0.7041534477073709,5.0,0.7405276880117627,0.6711852621928449
Exp3_PReLU,prelu,BraTS20_Training_004.npy,0.9546575206303508,0.0,0.954254631749343,0.9550607497569942,0.9144963571708553,1.0,0.8800957215331896,0.951695645820268,0.8945175196961563,1.0,0.8867734744688746,0.9023980107454321,0.755986628990089,4.0,0.696767676063871,0.8262067303554836,0.9419677407662774,1.0,0.953137344456022,0.9310568928306944
Exp3_PReLU,prelu,BraTS20_Training_005.npy,0.7022455524117023,15.937377450509228,0.557895278505949,0.9473684202243675,0.8059540885913047,26.68332812825267,0.6806512679434674,0.9878008561514443,0.7151036295001124,26.645825188948457,0.6329819575988426,0.8217105252345914,0.587846216230165,30.75303495542368,0.4258760095062114,0.9486324152859745,0.3573682361138621,64.60804636554465,0.2458990024993583,0.6536981588127483
Exp3_PReLU,prelu,BraTS20_Training_006.npy,0.9250960062556747,1.0,0.8717830650278232,0.9853542704389364,0.8911865110806482,1.4142135623730951,0.8134241677879329,0.9853884241184651,0.8094889550495488,1.0,0.8645073354988746,0.7610544515082562,0.5643369425663279,6.082762530298219,0.4048627923704284,0.9310904861588277,0.9026659638304066,1.0,0.8633531801972646,0.9457297648120387
Exp3_PReLU,prelu,BraTS20_Training_007.npy,0.9186132283050207,1.0,0.8947487833981019,0.943785565882097,0.9303280898706404,1.0,0.9004917851831205,0.962209301249766,0.8827191646620233,1.0,0.8517616482354902,0.9160118719818198,0.8429327273727397,14.078202256959983,0.8204826344305984,0.8666459407315947,0.8827673040082408,1.0,0.8615410159875321,0.9050659406513621
Exp3_PReLU,prelu,BraTS20_Training_008.npy,0.8252940309585219,1.4142135623730951,0.9221660733420547,0.7468397344052792,0.3607807252809077,11.445523142259598,0.8647660755499557,0.22793834252805714,0.8404494344249462,1.0,0.7720891761181736,0.9220907206894406,0.057696745770374466,12.24744871391589,0.7961782932370514,0.029932950119892363,0.7885125917381433,2.23606797749979,0.8380358532071596,0.7445158429136616
Exp3_PReLU,prelu,BraTS20_Training_009.npy,0.9015380095566659,1.0,0.8489320992145523,0.9610942922879471,0.8041911697462703,3.7416573867739413,0.7558650352418971,0.8591188217881239,0.7040228133243936,2.449489742783178,0.5674741163105883,0.9271087428016727,0.6246492200246934,7.615773105863909,0.7549692377524179,0.5326970167707321,0.7947360673803685,2.8284271247461903,0.7494473632031906,0.8458503526682777
Exp3_PReLU,prelu,BraTS20_Training_010.npy,0.8358807612811647,2.23606797749979,0.7967919276041736,0.8790026703074842,0.8888210133713951,1.0,0.8321418346695141,0.9537856424880603,0.8704156471879136,1.0,0.7974663976556985,0.9580549351186806,0.6202429099575473,3.1622776601683795,0.7351247459668955,0.5364145583135216,0.8070870565942945,2.23606797749979,0.7719246376294985,0.8456057703972896
Exp3_PReLU,prelu,BraTS20_Training_011.npy,0.9253996282531549,1.0,0.944889174008819,0.9066978276162295,0.9116574293441062,1.0,0.9273393071915397,0.8964971111454285,0.7777624684639278,1.0,0.9776584673057526,0.6457332410824373,0.46156178853440216,4.358898943540674,0.33065392063729326,0.7640562210639747,0.9057804529584867,1.0,0.9257085160661888,0.8866923057628382
Exp3_PReLU,prelu,BraTS20_Training_012.npy,0.861959703657317,2.449489742783178,0.7894703634618875,0.9491069054764659,0.9185194536896668,1.0,0.8781400955578018,0.9627913122844395,0.8420673502232421,1.0,0.7828561848604451,0.910968242916485,0.7723233161821343,2.8284271247461903,0.7910706511006906,0.7544439819989913,0.7847909463552273,5.0990195135927845,0.7076555225192539,0.8807992767812088
Exp3_PReLU,prelu,BraTS20_Training_013.npy,0.8995456838992663,1.0,0.8844817538392106,0.9151316228112774,0.9082595229681503,1.0,0.8677674572633179,0.9527154611732642,0.6984168171575178,1.7320508075688772,0.6662540216235354,0.733842375964433,0.894558500650509,1.0,0.855182926014498,0.9377350596137327,0.8379214545968681,1.4142135623730951,0.8345491130566756,0.8413211611381637
Exp3_PReLU,prelu,BraTS20_Training_014.npy,0.899221169131837,1.0,0.9627043723833156,0.8435925085451272,0.8854438640692188,1.0,0.9083029533113969,0.8637071097050912,0.8381834929718247,1.0,0.87463243560584,0.8046509204012845,0.5743724648830579,3.3166247903554,0.569689062220386,0.579133509527925,0.8390950068620756,1.4142135623730951,0.9174818014639289,0.7730481726340007
Exp3_PReLU,prelu,BraTS20_Training_015.npy,0.9365696726841447,1.0,0.9062233112049755,0.9690188446530607,0.6458841460953185,7.14142842854285,0.47937998502043333,0.9896064451832227,0.7723061297294669,2.449489742783178,0.6759608968274151,0.9006808749249839,0.2942186602802722,12.68857754044952,0.1777521611783837,0.8533480860357051,0.9207964294373288,1.0,0.9250534336097896,0.9165784263232283
Exp3_PReLU,prelu,BraTS20_Training_016.npy,0.906560854839846,1.0,0.9082307376721377,0.9048971011964411,0.7911122705175649,3.7416573867739413,0.6643055351092192,0.9777515043788508,0.6485296349019259,2.23606797749979,0.9832706615123393,0.48381980875134245,0.08324287649822155,11.916375287812984,0.04374175607153337,0.8586424012691225,0.8049648065274938,2.23606797749979,0.8688251854632913,0.7498493854175186
Exp3_PReLU,prelu,BraTS20_Training_017.npy,0.9300150754551064,1.0,0.9481662147178352,0.912545831870667,0.8671045593572503,1.4142135623730951,0.8132521484145758,0.9285947972120114,0.8593856649423989,1.0,0.9058857376516251,0.8174263072101983,0.6464979189957543,3.605551275463989,0.5318784759208695,0.8240883959688655,0.905631667646689,1.0,0.9354100936025369,0.8776907161071344
Exp3_PReLU,prelu,BraTS20_Training_018.npy,0.757308770444817,4.69041575982343,0.8199036989525789,0.7035934591787734,0.5075246490561435,13.416407864998739,0.9607072644366048,0.34485190348227807,0.6711550585500631,13.638181696985855,0.9410029443008676,0.5215827321073161,0.1367174276253217,15.066519173319364,0.5923753491972039,0.07727620475410786,0.7341072288038143,5.0990195135927845,0.7658011246222803,0.7049324784206964
Exp3_PReLU,prelu,BraTS20_Training_019.npy,0.895981374033422,1.4142135623730951,0.8435280953390578,0.9553906227325788,0.8930474122846765,1.0,0.8117486733772576,0.9924431744659984,0.8093328820784828,1.0,0.8536635067220386,0.7693791322838178,0.6530146525023933,3.7416573867739413,0.5065213336067437,0.9187225398467007,0.7475893864855829,2.8284271247461903,0.7252903222686924,0.7713031144987865
Exp3_PReLU,prelu,BraTS20_Training_020.npy,0.9016791841942455,1.4142135623730951,0.8552035674491688,0.9534964808579134,0.8300440545630078,3.0,0.7163670152752813,0.9866037358098688,0.7235638839138478,1.4142135623730951,0.7714822867359155,0.681249999778239,0.7291483726825777,4.58257569495584,0.5847232078840575,0.9683213044334892,0.7294185376503695,5.0,0.8238120178402636,0.6544327588483818
Exp3_PReLU,prelu,BraTS20_Training_021.npy,0.7667777620105497,3.3166247903554,0.6647674858470976,0.9057705811593765,0.8589004971595543,1.0,0.7757981993723793,0.9619422551138621,0.7061367927735377,1.7320508075688772,0.8697968669004432,0.5943117165089609,0.12170242658564041,9.9498743710662,0.06489122256229848,0.9774010747231031,0.7224044121781313,3.7416573867739413,0.6215332326712837,0.862360424902193
Exp3_PReLU,prelu,BraTS20_Training_022.npy,0.9426461081900046,1.0,0.9526997268045597,0.9328024606613671,0.9029978801347535,1.0,0.8759996080308126,0.9317132439049772,0.8620522884520917,1.0,0.8315130888362258,0.8949202593650796,0.7794656453915172,3.605551275463989,0.7624838911384634,0.797221051960235,0.8832287498711479,1.0,0.9219337795357824,0.8476426431713577
Exp3_PReLU,prelu,BraTS20_Training_023.npy,0.877210307757969,1.0,0.7992121195439992,0.9720792662016919,0.9291851313107277,1.0,0.8793221494469233,0.9850431441450668,0.8399999996018958,1.0,0.8102770404953122,0.8719866172665683,0.8870847478360661,1.0,0.8125663973098097,0.9766508555697723,0.791485081942559,1.7320508075688772,0.7003856419458466,0.9098265890945078
Exp3_PReLU,prelu,BraTS20_Training_024.npy,0.8735529623930408,1.4142135623730951,0.8887644422437203,0.8588534189100584,0.7893568145502762,8.602325267042627,0.7861064508212191,0.7926341685404298,0.8310494787256777,1.4142135623730951,0.720238941487584,0.9821567099934337,0.46265705691520054,16.24807680927192,0.7063291125485315,0.34398710134295607,0.8089303221489165,2.23606797749979,0.8308130801422015,0.788170719732494
Exp3_PReLU,prelu,BraTS20_Training_025.npy,0.9165067433687493,1.0,0.9364625460004544,0.8973837018467562,0.9565618344987507,0.0,0.9555122054362046,0.9576137718698778,0.8918652189787494,1.0,0.9071875174053877,0.8770519072332232,0.9452863709904665,1.0,0.9287841441113246,0.9623856134484009,0.8383834412997467,1.4142135623730951,0.8760129213545736,0.8038535933871295
Exp3_PReLU,prelu,BraTS20_Training_026.npy,0.9386935930188504,1.0,0.9248332147160404,0.9529757403447614,0.7281034771160585,7.483314773547883,0.6207429895395001,0.8803672255431746,0.669854238076814,3.7416573867739413,0.6094779520993927,0.7435078314388356,0.2872430984511473,11.832159566199232,0.21019845135694717,0.4534459580467538,0.8855408493968895,1.4142135623730951,0.9010305688391457,0.8705747002118914
Exp3_PReLU,prelu,BraTS20_Training_027.npy,0.7442281218854205,5.477225575051661,0.993683231155671,0.5948871342446228,0.9167013494823906,1.0,0.9100460390705364,0.9234547193246068,0.827002002552122,1.0,0.7514319804585728,0.9194714164273408,0.7903999996048,3.605551275463989,0.9134404242303936,0.6965717804736302,0.6313304787848515,7.874007874011811,0.976185279258837,0.4665229534825489
Exp3_PReLU,prelu,BraTS20_Training_028.npy,0.8704250911211463,1.4142135623730951,0.9134192787804379,0.8312963864578035,0.8528853079017209,1.0,0.8684140317004042,0.8379021873629973,0.6818663243871641,1.7320508075688772,0.6611177162889226,0.7039594835359583,0.8252481136758649,1.0,0.9049277365402617,0.7584646807377924,0.3434310965500755,5.196152422706632,0.3896790656643343,0.30699612080592426
Exp3_PReLU,prelu,BraTS20_Training_029.npy,0.9336501043760578,1.0,0.9139067535542482,0.954265331253263,0.9265157459640679,1.0,0.8773329714940047,0.9815403223157205,0.8639969407779825,1.0,0.7928433594231831,0.9491810143864322,0.8384180767276325,1.0,0.8765504968898375,0.8034650741555762,0.9203605336824822,1.0,0.9048528848181573,0.9364090008593523
Exp3_PReLU,prelu,BraTS20_Training_030.npy,0.8248712572903544,3.0,0.750591409139352,0.9154675374575842,0.8299055024806105,10.317432772297668,0.7562365445659914,0.9194765189846398,0.8118843849411559,1.4142135623730951,0.8176939326432039,0.8061568048642668,0.21734795504811588,21.95449840010015,0.12471395809660207,0.8449612075596432,0.8132335706714005,3.0,0.739911637897256,0.9026856829075973
Exp3_PReLU,prelu,BraTS20_Training_031.npy,0.9208656985724912,1.0,0.9187016810751378,0.9230399347870047,0.9062065430530983,1.0,0.8687857415469299,0.9469960606726849,0.862990527531657,1.0,0.8159842803801937,0.9157435892739777,0.7876092849053291,2.0,0.7893941671107506,0.7858324548265417,0.8590856453880137,1.4142135623730951,0.8750636947034057,0.8436806286903307
Exp3_PReLU,prelu,BraTS20_Training_032.npy,0.9038727150435213,1.0,0.9507547166223567,0.8613969705421051,0.8880966525512557,1.0,0.9004016059091213,0.8761234852475166,0.7889188291074936,1.0,0.8725295400266344,0.719930974357264,0.7781536287680383,3.0,0.7017922960444994,0.8731614726029393,0.6569636378236972,2.23606797749979,0.7390297676526684,0.5913020460556616
Exp3_PReLU,prelu,BraTS20_Training_033.npy,0.9493965892881875,1.0,0.9318789756212789,0.9675854184370561,0.9327153238167046,1.0,0.8799425165756755,0.9922218616638632,0.9149486158139624,1.0,0.9064900987528952,0.9235664730327967,0.7296233834108886,4.69041575982343,0.6220944157415595,0.8820931007779594,0.9231930416806654,1.0,0.9148832238421734,0.9316551980463796
Exp3_PReLU,prelu,BraTS20_Training_034.npy,0.939516635742531,1.0,0.938813842405642,0.9402204819830022,0.9063473565475579,1.0,0.8471935087590988,0.9743819188059258,0.8020742104627623,2.0,0.712279983335129,0.9177742611193174,0.8716222853317228,1.4142135623730951,0.8630990022558507,0.880315585332052,0.8692056494354312,1.4142135623730951,0.9227054175060733,0.8215698639562773
Exp3_PReLU,prelu,BraTS20_Training_035.npy,0.8536903598336149,2.23606797749979,0.8556595340865807,0.8517302281871223,0.8292924182735578,2.8284271247461903,0.7652049450785751,0.9050960568969512,0.7896528496915054,1.0,0.8939493855024526,0.7071500763890483,0.4945933237850865,7.211102550927978,0.3514574457732158,0.8344239531683284,0.6822229913644738,5.196152422706632,0.7776940734762182,0.6076293512507345
Exp3_PReLU,prelu,BraTS20_Training_036.npy,0.8867209020559683,1.0,0.9227603879366161,0.8533907287707339,0.8500093853482172,1.4142135623730951,0.7877522602857476,0.9229514860926387,0.8094929872605254,1.4142135623730951,0.726709276144278,0.9135622086351055,0.7095375671276187,4.0,0.8393162249689534,0.6145181399935151,0.7794445265708974,3.1622776601683795,0.867342440648587,0.7077227360354916
Exp3_PReLU,prelu,BraTS20_Training_037.npy,0.8675714015821423,2.23606797749979,0.7718298568000482,0.9904290588928828,0.8976300398281255,1.4142135623730951,0.929500254576959,0.8678728719327569,0.8278884459152885,1.0,0.7948396962272483,0.8638047004279309,0.7661065085130857,3.1622776601683795,0.8840817208739411,0.6759104571701383,0.8292065670513117,2.449489742783178,0.7200305420779799,0.9774079378969067
Exp3_PReLU,prelu,BraTS20_Training_038.npy,0.8791085700438068,1.4142135623730951,0.8311527853468116,0.9329370974575363,0.815606189402224,3.0,0.7507324570676377,0.8927524230250259,0.7304331787052047,4.123105625617661,0.6572080478501522,0.8220215852936792,0.7655464273011967,4.123105625617661,0.7415123449638191,0.7911906959028603,0.7434505501960712,3.0,0.7142958860896281,0.775086438203804
Exp3_PReLU,prelu,BraTS20_Training_039.npy,0.9110515039954769,1.0,0.9759898171801072,0.8542155454714802,0.9168452409666948,1.0,0.9223893149004158,0.9113674143228557,0.875919298039124,1.0,0.8682363941460811,0.8837393850617099,0.8657995164219959,2.23606797749979,0.8976098176718188,0.8361666904826739,0.8482535148220214,1.4142135623730951,0.9407644279151013,0.7723079229011406
Exp3_PReLU,prelu,BraTS20_Training_040.npy,0.9420561320086701,1.0,0.9144369914693966,0.9713956188159006,0.957290344101697,0.0,0.93114937418599,0.9849414661774635,0.882440113936334,1.0,0.8314438142583178,0.9401008525660489,0.9343050437702621,1.0,0.9448935378322536,0.923951229115545,0.9110373994947859,1.0,0.8834689529918116,0.9403817982025737
Exp3_PReLU,prelu,BraTS20_Training_041.npy,0.9543945946412151,0.0,0.9668861044854694,0.9422217315625211,0.870850622030234,1.4142135623730951,0.8780615350143279,0.8637571800876642,0.8136260217588231,1.4142135623730951,0.865855253414664,0.7673393635266303,0.7001309461659669,3.605551275463989,0.6278705620358284,0.7911871069017195,0.9301317685897059,1.0,0.9431729824983649,0.9174462766285582
Exp3_PReLU,prelu,BraTS20_Training_042.npy,0.9536054704491769,0.0,0.965653685432907,0.9418541955018794,0.9543730604458781,0.0,0.9545559044231854,0.9541902862585694,0.8541557211163823,1.0,0.8429512102229734,0.8656621048582812,0.9340722146730766,1.0,0.946324269412727,0.9221333590490489,0.9157117056450974,1.0,0.9423531793801605,0.8905351893950264
Exp3_PReLU,prelu,BraTS20_Training_043.npy,0.7763683271736027,3.1622776601683795,0.6753319616673349,0.9129555383707315,0.6766905450077222,3.3166247903554,0.557747209242477,0.8601160679205202,0.4182804017085453,5.0990195135927845,0.30868902321383757,0.6485188098597373,0.6962627398683321,3.1622776601683795,0.6048799673260922,0.8201707555491708,0.7530956059082488,4.123105625617661,0.6639975774100872,0.8698104888189465
Exp3_PReLU,prelu,BraTS20_Training_044.npy,0.6272484780017616,12.727922061357855,0.47890339400579457,0.9087395948189263,0.7360838220822402,3.605551275463989,0.6196251344011845,0.9064516055931322,0.7623012840185417,3.0,0.713172799481779,0.818699180335779,0.024271844071071746,10.04987562112089,0.012437810635875358,0.49999950000050003,0.5728577972457394,13.290962258670023,0.43268343306836443,0.8473791224046779
Exp3_PReLU,prelu,BraTS20_Training_045.npy,0.9457239663243201,1.0,0.9321904921968134,0.959656185294347,0.9508588125444677,0.0,0.9516727296968983,0.9500462862369069,0.8901416060707488,1.0,0.9168859424863662,0.864913243546406,0.8227737223608196,1.4142135623730951,0.7661309806874511,0.8884607294272677,0.8550080774293204,1.0,0.8239063876228772,0.888550002549513
Exp3_PReLU,prelu,BraTS20_Training_046.npy,0.2267056903783932,26.324893162176366,0.13001485880523503,0.8845001855400596,0.3823685587765876,20.990454496036673,0.23684210370498615,0.9917355098695453,0.3140794204929036,21.212024268837457,0.19233603395478235,0.8557376768610598,0.5158370807313538,33.37663853655727,0.34969323008016995,0.9827584512485429,0.2152709730370415,26.68332812825267,0.12302567338951648,0.8604137359702476
Exp3_PReLU,prelu,BraTS20_Training_047.npy,0.880962263040237,1.7320508075688772,0.8158727765438746,0.957337672589867,0.9228427940213504,1.0,0.9254891879115944,0.9202114913150788,0.8649691241361569,1.0,0.9038780035299279,0.8292717887530757,0.8224192656599469,2.449489742783178,0.7881302692054455,0.8598275796775863,0.7510855629832442,3.3166247903554,0.644646051531271,0.8996255273524151
Exp3_PReLU,prelu,BraTS20_Training_048.npy,0.6240554007383535,9.797958971132712,0.45613735064258787,0.987633293107499,0.8358208941515157,1.4142135623730951,0.7362034072921022,0.9666160813102576,0.6450992932572092,2.23606797749979,0.4933855928790515,0.9315448572475037,0.7905882326366781,1.4142135623730951,0.828169008252331,0.7562700915995493,0.5386672486659752,10.295630140987,0.38288463015637964,0.9081707757561918
Exp3_PReLU,prelu,BraTS20_Training_049.npy,0.9307019881303874,1.0,0.9195865800374935,0.942089396527208,0.9495952499194871,1.0,0.945208420831095,0.9540229864367318,0.8484396358965067,1.0,0.9350506962591101,0.7765134256337883,0.33387888433814333,5.830951894845301,0.2029850726071137,0.9400921225763998,0.9215682333338455,1.0,0.9099386890791605,0.9334988904403894
Exp3_PReLU,prelu,BraTS20_Training_050.npy,0.9283714418437049,1.0,0.9146892798504904,0.942469142176689,0.9317011031227856,1.0,0.8824323912826004,0.9867967753946887,0.8413162762154183,1.0,0.861631145668967,0.8219372776697244,0.8286781421194092,2.23606797749979,0.7285836662682513,0.9606551201202352,0.6431455030555533,14.8121326190225,0.7639426170503364,0.5553342313226702
Exp3_PReLU,prelu,BraTS20_Training_051.npy,0.9327947055072399,1.0,0.9135971044736697,0.9528164300951549,0.9254669645996895,1.0,0.8721658876198212,0.9857069269986435,0.8676714207169294,1.0,0.8193056079211709,0.9221058047731829,0.8511454949608427,1.0,0.7974825785626375,0.9125514379821208,0.9130455985899515,1.0,0.8999576987290457,0.9265197853270661
Exp3_PReLU,prelu,BraTS20_Training_052.npy,0.9150733658333442,1.0,0.9788714762482171,0.8590825202436324,0.9441733288532955,1.0,0.9166050662478294,0.9734513267389014,0.8568834770602993,1.0,0.8610216775477338,0.8527848630391318,0.8682993991656345,1.0,0.7934567665046616,0.9587315357108351,0.8565822268633735,1.0,0.9666068218764784,0.7690452003653361
Exp3_PReLU,prelu,BraTS20_Training_053.npy,0.9567326489114227,0.0,0.9483489497655229,0.9652658990745534,0.8518857798696872,2.23606797749979,0.7708777410966426,0.9519185768882086,0.8483470152827008,1.0,0.8442260975444623,0.8525083602536139,0.7012240444515466,5.656854249492381,0.5869907901875129,0.8706620712888727,0.9334396554789108,1.0,0.9389051533235288,0.9280374201507878
Exp3_PReLU,prelu,BraTS20_Training_054.npy,0.8637862493476494,1.4142135623730951,0.7646227888287239,0.9925034073809789,0.9195461282758087,1.0,0.861853355904806,0.9855169882102429,0.8763341596109907,1.0,0.8097683031196932,0.9548241240881201,0.8487312695966183,1.0,0.8473913684447582,0.8500754134991322,0.6987449454046053,2.449489742783178,0.5865495288843228,0.8640138405314831
Exp3_PReLU,prelu,BraTS20_Training_055.npy,0.942898257546238,1.0,0.9416522806117165,0.9441475360726486,0.940066592348756,1.0,0.9180327862633567,0.9631840789174243,0.8773316994947761,1.0,0.9542151151232859,0.8119138402433126,0.7583923473205257,5.0,0.6337227165174873,0.9441264004027333,0.9298307492866613,1.0,0.9317120143284182,0.9279570659489285
Exp3_PReLU,prelu,BraTS20_Training_056.npy,0.844510158168281,2.23606797749979,0.7433529353623151,0.9775354967095498,0.9101102659411389,1.0,0.8632756014063573,0.9623182172926721,0.8545201667003893,1.0,0.8156113098740603,0.8973272961894128,0.8098622549783872,3.605551275463989,0.7554564647319215,0.8727124835668802,0.584702163086623,6.0,0.4547338987395228,0.8186946703535023
Exp3_PReLU,prelu,BraTS20_Training_057.npy,0.9286648950046021,1.0,0.891336822554654,0.9692561306079878,0.9097498140375716,1.0,0.8857337180022669,0.9351045678708334,0.8553728848848148,1.0,0.8336235912764152,0.8782874606993426,0.7921504484183967,3.605551275463989,0.7691330556712193,0.8165879945496021,0.9049105422646068,1.0,0.8666692107943531,0.9466824149313301
Exp3_PReLU,prelu,BraTS20_Training_058.npy,0.7312383011445225,5.196152422706632,0.6887277982645225,0.7793417921318222,0.44451280465190474,21.840329667841555,0.6724840019357278,0.3319740393050445,0.5452871679306055,19.131126469708992,0.7947227179565851,0.4150253013507004,0.34603653829568487,26.019223662515376,0.5357756148294451,0.25553988248826504,0.6156281766614204,7.211102550927978,0.4983273079778871,0.8051523471502653
Exp3_PReLU,prelu,BraTS20_Training_059.npy,0.7877835071505086,3.7416573867739413,0.7250173621710714,0.8624472182566334,0.8604371826556878,1.0,0.8639652635602254,0.8569377949428812,0.8457098851646406,1.0,0.937713302579238,0.7701471564810991,0.5038363139140901,3.1622776601683795,0.43729189303782584,0.5942684676580925,0.7555749487275624,4.123105625617661,0.6898720902957132,0.8351101630444157
Exp3_PReLU,prelu,BraTS20_Training_060.npy,0.9342564978499651,1.0,0.9209944180406209,0.9479060987439063,0.9400829040265624,1.0,0.9753258033665433,0.9072981489513999,0.8389524852316286,1.0,0.8270467469533473,0.8512060072225508,0.8824061963377914,1.4142135623730951,0.9556596573942371,0.8195832940205628,0.8618284711400218,1.0,0.8204184606824328,0.9076409727167024
Exp3_PReLU,prelu,BraTS20_Training_061.npy,0.8954890139764026,1.0,0.8824910175413216,0.9088756224239599,0.9080245686910939,1.0,0.8543624154702741,0.9688794917810745,0.7963090057223298,1.0,0.7992957734242258,0.7933444753178173,0.8218115815692034,3.0,0.7241930783306294,0.9498474428874001,0.6479351306506159,4.242640687119285,0.6904219682646725,0.6103742294997937
Exp3_PReLU,prelu,BraTS20_Training_062.npy,0.9526862390913382,0.0,0.9547309754018317,0.950650242372919,0.9597513686305312,0.0,0.9944567404449648,0.9273866635190251,0.9084667486286226,1.0,0.978900573606177,0.8474882957039698,0.9006646306293041,1.0,0.8770991598974914,0.9255313533434253,0.9072877335824334,1.0,0.8924038931115867,0.9226764711458908
Exp3_PReLU,prelu,BraTS20_Training_063.npy,0.7020742253269118,3.3166247903554,0.577284894395958,0.895692416167447,0.3098591544161406,6.48074069840786,0.3095001644836141,0.3102189770729297,0.37044673412217616,8.366600265340756,0.23913043372169282,0.8216463289383182,0.138239999557632,6.693213062141635,0.2816166847246847,0.09160305304663675,0.5869270055040234,4.123105625617661,0.45146210418593385,0.8385368541686
Exp3_PReLU,prelu,BraTS20_Training_064.npy,0.8540205015725949,2.23606797749979,0.8486458278089395,0.8594636872961913,0.902860237558619,1.4142135623730951,0.8344658431461919,0.9834670519462764,0.7540636264698527,1.4142135623730951,0.6753044461412334,0.8536192450584882,0.8512507250001479,2.0,0.8061030019941026,0.901755705818471,0.5551991382249176,9.055385138137417,0.7454728365533999,0.44230553984618337
Exp3_PReLU,prelu,BraTS20_Training_065.npy,0.7768060379645713,4.0,0.911186059218186,0.6769680515834,0.9087893852420087,1.0,0.933682828483138,0.8851888645994312,0.88747637710449,1.0,0.9248120267640099,0.8530383062977598,0.7036669935398068,4.69041575982343,0.6947162358638334,0.7128513984653474,0.7360743228432349,5.0,0.8827936082296745,0.631173937885632
Exp3_PReLU,prelu,BraTS20_Training_066.npy,0.9392141247793663,1.0,0.9263719742367157,0.9524173379840898,0.9014181464610291,1.0,0.846905115550802,0.9634316820223444,0.7936213605330235,1.4142135623730951,0.7409117129360512,0.8544051093233895,0.895051657814766,1.0,0.8477045308303347,0.9480006566595349,0.9059782297935854,1.0,0.9085775682619501,0.9033937215231073
Exp3_PReLU,prelu,BraTS20_Training_067.npy,0.9483090147726356,1.0,0.9155420468913592,0.9835084802792405,0.936510049109468,1.0,0.9121604099818038,0.9621953440216995,0.8968941472856762,1.0,0.9553495067041682,0.845179787024577,0.7278552764194532,4.47213595499958,0.5909236428758415,0.9473886809349562,0.912393561399739,1.0,0.8772646251726216,0.9504532417313329
Exp3_PReLU,prelu,BraTS20_Training_068.npy,0.9316170828632157,1.0,0.9497358174100152,0.9141767322056116,0.8960911951199395,1.4142135623730951,0.8644672442760577,0.9301167361597142,0.8324668432069083,1.0,0.8346808504718576,0.8302645496788257,0.8254634485362112,3.605551275463989,0.7740437981763832,0.8842008179813241,0.796367702476215,2.23606797749979,0.8744601571367346,0.7310796457589098
Exp3_PReLU,prelu,BraTS20_Training_069.npy,0.7280169750281285,18.894443627691185,0.5832253273989862,0.9684427957035003,0.8845429063192539,1.4142135623730951,0.7995934607920084,0.9896881640716909,0.7836760165099421,1.4142135623730951,0.722986372770145,0.8554882658171928,0.8439431034033044,2.23606797749979,0.7501813655559222,0.9644903391309192,0.6264717623619034,21.563858652847824,0.4829022358207515,0.8915280089511528
Exp3_PReLU,prelu,BraTS20_Training_070.npy,0.8791780346124063,1.4142135623730951,0.8346616305425236,0.9287105043223429,0.7278077314853917,4.47213595499958,0.5853029528466521,0.9620365190227145,0.7065593558524912,2.0,0.6889272536381329,0.7251176999049165,0.558801404037487,7.483314773547883,0.3954220820674169,0.9522486903618752,0.5923879098752033,4.58257569495584,0.697664051044194,0.5147179738481441
Exp3_PReLU,prelu,BraTS20_Training_071.npy,0.9313741774442159,1.0,0.9619033794116004,0.9027232534828467,0.5221793881978464,19.339079605813716,0.5477731044172474,0.49887055563795396,0.7831444289220033,4.0,0.6623707234189573,0.9577821224458966,0.12036040113313289,23.08679276123039,0.17771084307611976,0.09099477329192462,0.862177639946665,1.7320508075688772,0.8884870992295298,0.837381495540594
Exp3_PReLU,prelu,BraTS20_Training_072.npy,0.7965885426295958,3.1622776601683795,0.8930752175660988,0.7189176254044031,0.9298018405178272,1.0,0.8888207193810375,0.974744683173196,0.8826337543106139,1.0,0.8655267887804279,0.9004305862211044,0.7407926660874669,2.8284271247461903,0.6477133421520855,0.8651133490363812,0.6017870851529272,5.656854249492381,0.803937209537068,0.48087180265479407
Exp3_PReLU,prelu,BraTS20_Training_073.npy,0.9114869723542972,1.0,0.8824546820722714,0.9424945419133712,0.9366980322202438,1.0,0.9055466944854706,0.9700689736315453,0.8164756680415902,1.0,0.7794925995988451,0.857142856146527,0.8826777552098455,1.0,0.8667827006737412,0.8991666654178241,0.8413689918007539,1.0,0.8152953965874247,0.8691653783349438
Exp4_ELU,elu,BraTS20_Training_001.npy,0.9161978809127678,1.0,0.8543403164029162,0.9877120802364611,0.9390886753474326,1.0,0.9735556325174121,0.9069787507481438,0.8850528096053721,1.0,0.9046571981455349,0.8662800728776087,0.8603283879549369,1.4142135623730951,0.914394870870689,0.8122986649722166,0.8775778705760097,1.4142135623730951,0.7947964824844624,0.979608171345728
Exp4_ELU,elu,BraTS20_Training_002.npy,0.8960019121576457,1.0,0.9510342355981503,0.8469901775925421,0.9492191150131802,1.0,0.9691896358971357,0.9300549780512798,0.8496682168792097,1.0,0.8505115271789411,0.848826575969481,0.9381062837736681,1.0,0.9712882085466287,0.907116638553103,0.8566500852495688,1.4142135623730951,0.9198588609626569,0.8015696398998471
Exp4_ELU,elu,BraTS20_Training_003.npy,0.745542850002222,3.605551275463989,0.8137014792452439,0.6879201291409024,0.9030056426000713,1.0,0.9220048219726485,0.8847736602757879,0.8584664523027693,1.0,0.8962641731278713,0.8237277718463281,0.6872700464512874,3.4641016151377544,0.6371077675701533,0.7460063778593231,0.7090956565916797,4.242640687119285,0.7810630461799881,0.6492715736398127
Exp4_ELU,elu,BraTS20_Training_004.npy,0.9576881470685784,0.0,0.9686555654118484,0.946966301195248,0.9281789135403239,1.0,0.9147739195957958,0.9419826203181952,0.8973190997957791,1.0,0.9270062497830259,0.8694743929450981,0.7662030670297383,3.605551275463989,0.7039393932283441,0.8405499929555542,0.9419350454584907,1.0,0.9607745296463089,0.9238201856617994
Exp4_ELU,elu,BraTS20_Training_005.npy,0.7501657560855727,28.404219802735508,0.611645986401871,0.9697959175756768,0.8440564248907378,25.98076211353316,0.7431276026178512,0.9767094645399528,0.7567011421688953,25.80697580112788,0.7081897418323639,0.8123474005204658,0.575130615307982,30.62678566222711,0.41209942973315533,0.9515905881632739,0.427740172868139,34.48187929913333,0.28964297155091195,0.817521557796089
Exp4_ELU,elu,BraTS20_Training_006.npy,0.9279720809905176,1.0,0.8800282032016442,0.9814409165618403,0.9103256012354116,1.0,0.8533616258982886,0.9754385066572782,0.8249913197695683,1.0,0.9048745286198692,0.7580683074997252,0.5886218934111652,5.744562646538029,0.4337167068030081,0.9156549511015389,0.9103587985001165,1.0,0.8680442787841305,0.957010133046616
Exp4_ELU,elu,BraTS20_Training_007.npy,0.913720402091654,1.0,0.923210729088862,0.9044232049333374,0.9310109643087924,1.0,0.9284294224877793,0.9336069013745719,0.887112247451941,1.0,0.9007955822360845,0.8738383983716517,0.8502975723328284,14.373425555886145,0.8198940529137902,0.883042786424587,0.8765078480323898,1.0,0.8892726665927357,0.8641043015251221
Exp4_ELU,elu,BraTS20_Training_008.npy,0.8389333703489614,1.4142135623730951,0.9007565108092106,0.7850515999205014,0.7635412746972683,2.449489742783178,0.7470760179307309,0.7807486571371378,0.8197034872324079,1.4142135623730951,0.7076795977895987,0.9738636252970043,0.2593856611026338,4.47213595499958,0.4840764022881272,0.17715617302666264,0.8264919435293916,1.4142135623730951,0.8907560402522974,0.7708766152845488
Exp4_ELU,elu,BraTS20_Training_009.npy,0.8858273832551646,1.4142135623730951,0.8215286021725973,0.9610457903456499,0.7950292070696113,4.242640687119285,0.7005258532724175,0.9190063306979414,0.6683137273736093,4.123105625617661,0.5234671223505496,0.9239865447432165,0.6763408786069974,8.54400374531753,0.7288215804035252,0.6309105183739337,0.8186876203146956,2.23606797749979,0.7889698850732596,0.850731707222757
Exp4_ELU,elu,BraTS20_Training_010.npy,0.7931629570345959,3.1622776601683795,0.7070654508479297,0.9031353847989783,0.8451571330480656,2.23606797749979,0.8440091494938389,0.8463082425142534,0.8645311971433673,1.0,0.800556155104965,0.9396192186044983,0.39575971531671017,5.916079783099616,0.7523992178042377,0.26849314884593733,0.7415210449679163,3.7416573867739413,0.6460881015276458,0.8700325729750154
Exp4_ELU,elu,BraTS20_Training_011.npy,0.9089381028629343,1.0,0.9596911224257653,0.8632835718035896,0.9150435907461308,1.0,0.9507564797622083,0.8819165094467538,0.7589511508325895,1.4142135623730951,0.9875303065681845,0.6162991778898625,0.4499847041144315,5.0,0.3195741900508925,0.7602067144175364,0.8818936011340015,1.4142135623730951,0.9347484089941654,0.8346961880247628
Exp4_ELU,elu,BraTS20_Training_012.npy,0.855439998487723,3.1622776601683795,0.7900697136399263,0.9326035146959326,0.9269442256771139,1.0,0.9263285012967047,0.9275607680160107,0.8448349391411457,1.0,0.8290641204937819,0.8612173898065785,0.7546622446028549,2.449489742783178,0.7893367976188261,0.7229059121758399,0.780137116553957,6.0,0.6996285381923792,0.8815839022534115
Exp4_ELU,elu,BraTS20_Training_013.npy,0.8982452303177997,1.0,0.8864887026292132,0.9103177766896428,0.9068336466965276,1.0,0.8618507046014099,0.9567707928230575,0.7077464779832162,1.4142135623730951,0.6967071039942879,0.7191413219546605,0.8901199426254727,1.0,0.8343178345709624,0.9539215675883208,0.8303648353101861,1.7320508075688772,0.8333542947951974,0.8273967468462533
Exp4_ELU,elu,BraTS20_Training_014.npy,0.9070949427311971,1.0,0.9670618076491119,0.8541308518068241,0.8989955055777192,1.0,0.9338590875180942,0.8666413502031134,0.8440594710845697,1.0,0.9036982578015731,0.791804984000493,0.5849182512596384,3.3166247903554,0.5717547286673682,0.5987021851107671,0.8506862778766906,1.4142135623730951,0.9187708521157926,0.791996208773123
Exp4_ELU,elu,BraTS20_Training_015.npy,0.9447861133926077,1.0,0.9392434968560789,0.9503945337917737,0.7108551556699427,5.477225575051661,0.555128132287646,0.9880185249818582,0.8278573100047775,1.4142135623730951,0.783714729189386,0.8772693348952135,0.3015617602446174,11.575836902790225,0.18363112370762982,0.8428571383975813,0.9274701460110851,1.0,0.9545116623961981,0.9019186020194127
Exp4_ELU,elu,BraTS20_Training_016.npy,0.9148496197062531,1.0,0.9402925154333974,0.8907473415093924,0.8216910991414722,3.0,0.714254417819421,0.9671709677421236,0.6166249253150566,2.23606797749979,0.9919422906976116,0.44735931319742533,0.08245185785108088,10.770329614269007,0.04334961318906648,0.841522485525796,0.8285393506734484,2.0,0.9143728039516051,0.7574376222008387
Exp4_ELU,elu,BraTS20_Training_017.npy,0.9296019196362749,1.0,0.9604821558984002,0.9006454782587541,0.8780059933930247,1.4142135623730951,0.8604584521056888,0.8962841360272465,0.8547739338937855,1.0,0.9494891337609884,0.7772411346716444,0.6452532701733871,4.358898943540674,0.548709170519599,0.7830246269427548,0.9041717321297577,1.0,0.9420837192922809,0.8691930613380232
Exp4_ELU,elu,BraTS20_Training_018.npy,0.81060498644901,2.23606797749979,0.9133064053962012,0.7286663630899105,0.6589174173162432,12.449899597988733,0.9327111938471946,0.5093884106507821,0.7356702966942912,12.569805089976535,0.916224183385108,0.6145627201639781,0.24643320203350713,13.369679050160281,0.5571847343934095,0.1582014974337927,0.8001333590587282,2.8284271247461903,0.8902476963287668,0.726585541979689
Exp4_ELU,elu,BraTS20_Training_019.npy,0.8962743077607954,1.4142135623730951,0.8445098977453912,0.9547989052210235,0.9130582483829256,1.0,0.850245777558648,0.9858916472991582,0.7966535609414586,1.0,0.8879038001753757,0.7224110764261578,0.636247178285703,4.123105625617661,0.4858393884052177,0.9215409066592315,0.7530496067694384,2.449489742783178,0.7169032254981061,0.793034541443984
Exp4_ELU,elu,BraTS20_Training_020.npy,0.8952851181064259,1.4142135623730951,0.8411594370277895,0.9568554336884122,0.8246061752885435,3.605551275463989,0.7093083722744253,0.9846627217769629,0.7366153218537329,1.4142135623730951,0.8003465179340338,0.6822852830890653,0.7124846872204345,5.477225575051661,0.5643519339331583,0.9660585810349364,0.7326816621093697,5.830951894845301,0.8115845177070123,0.6677613979867203
Exp4_ELU,elu,BraTS20_Training_021.npy,0.7843694811601111,3.0,0.7109718376713408,0.8746662213368938,0.8567530687422013,1.0,0.7754454034654341,0.9571086415042268,0.7354382134792621,1.4142135623730951,0.8997668967706729,0.6218642103064115,0.14550446072235942,10.295630140987,0.07951987967171838,0.854838675208118,0.7344578823229263,3.7416573867739413,0.6659078519138453,0.8187408835026843
Exp4_ELU,elu,BraTS20_Training_022.npy,0.9377274218426542,1.0,0.9647229805683192,0.9122015545652135,0.9147136503435669,1.0,0.8930378297832563,0.9374678770130314,0.8755952052773259,1.0,0.8779979140124045,0.8732056105708174,0.7901202745746906,3.7416573867739413,0.7407377571353594,0.8465574366287211,0.8822943635627496,1.0,0.9455457429242693,0.8269746818744662
Exp4_ELU,elu,BraTS20_Training_023.npy,0.8914013148264275,1.0,0.8407217370229015,0.9485828735016372,0.9467298798708059,1.0,0.9172087179520663,0.9782145676515459,0.8643688651612103,1.0,0.8655938549276824,0.8631473369227322,0.8855151809478056,1.0,0.8099863396418481,0.9765782232816501,0.8120886930333886,1.4142135623730951,0.7504343769333244,0.8847806531004394
Exp4_ELU,elu,BraTS20_Training_024.npy,0.8792736252532302,1.4142135623730951,0.9150789906961708,0.846164747858215,0.8684021283991694,1.4142135623730951,0.805741954855215,0.9416299064556298,0.8512453995276427,1.0,0.7566491249435124,0.9728741231497262,0.6401145613173592,13.92838827718412,0.6963972722562858,0.5922490881214821,0.8137194334545134,2.0,0.8879710539172632,0.7509273290393408
Exp4_ELU,elu,BraTS20_Training_025.npy,0.9128562586943191,1.0,0.9540694743856544,0.875056202118817,0.9630895600207883,0.0,0.9847733612439313,0.9423400998308729,0.8929234242736697,1.0,0.9521596965799577,0.8406259491336848,0.9539698699893031,0.0,0.9380262882840285,0.9704648069213998,0.8211727009521086,2.0,0.8770258429486897,0.7720076148222744
Exp4_ELU,elu,BraTS20_Training_026.npy,0.9408066346065364,1.0,0.9404614530934131,0.9411520695467761,0.7515281948988135,5.656854249492381,0.7201329015781706,0.7857857229698132,0.6922036558849518,3.1622776601683795,0.6701300892591104,0.7157809254192092,0.3687283427309402,9.1104335791443,0.34564385481387927,0.3951169884078159,0.8831334523808771,1.4142135623730951,0.8916997422956828,0.8747301838250547
Exp4_ELU,elu,BraTS20_Training_027.npy,0.7630796584387493,4.358898943540674,0.9916726681983445,0.6201315455558664,0.9231073959269683,1.0,0.9169322783941557,0.9293662501777346,0.8380958500729337,1.0,0.7778639613497231,0.9084384357128852,0.8127999995804903,3.1622776601683795,0.9099734185716244,0.7343779138832514,0.6519418938535663,6.708203932499369,0.9702922272413502,0.49088410663130516
Exp4_ELU,elu,BraTS20_Training_028.npy,0.8718129595707413,1.4142135623730951,0.8449067287601784,0.900489226136937,0.765928397767776,2.23606797749979,0.6734693873059427,0.8878143125656636,0.5628937204071708,3.0,0.44914063295952805,0.7538098680083276,0.7782852212164711,1.7320508075688772,0.7863485969243451,0.7703855326332557,0.4013809663754271,3.7416573867739413,0.4876002908687085,0.3410714281363885
Exp4_ELU,elu,BraTS20_Training_029.npy,0.9368962886901931,1.0,0.945806803267661,0.928152100204896,0.9321190886640147,1.0,0.8997836071141688,0.9668652798040034,0.8748831112073283,1.0,0.8205577954384182,0.9369116744704353,0.8159731895672349,1.0,0.8629651455229466,0.7738347416640109,0.9251072902865162,1.0,0.9394071727096808,0.9112362325417896
Exp4_ELU,elu,BraTS20_Training_030.npy,0.8254444414024957,3.0,0.7700500306254291,0.8894263189906022,0.8274209006797556,3.0,0.7649740398062884,0.900969424457913,0.8084119616116968,1.4142135623730951,0.8220848905153929,0.795186407432458,0.23950381565122222,22.47220505424423,0.14359267652406935,0.721264347090105,0.8126365355644076,3.1622776601683795,0.7586885675336619,0.8748439488941068
Exp4_ELU,elu,BraTS20_Training_031.npy,0.9217761534611971,1.0,0.9378328628128809,0.9062600053473585,0.9119789592317444,1.0,0.9245693432534928,0.8997268689314691,0.8791447807855369,1.0,0.8680771335824908,0.8904982886183386,0.7486278809353542,3.0,0.8242936987093312,0.6856855590226397,0.8554051801552028,1.0,0.8719685959061715,0.8394592923491597
Exp4_ELU,elu,BraTS20_Training_032.npy,0.9023159948468991,1.0,0.9416603770031471,0.8661275204379829,0.8890688724974489,1.0,0.8816982209514067,0.896563793888009,0.7861116435900097,1.0,0.8570532250788945,0.7260164755726668,0.7822727598350662,4.123105625617661,0.68208974109306,0.9169514680161459,0.6465766631405127,2.449489742783178,0.7392502748189083,0.5745501280423735
Exp4_ELU,elu,BraTS20_Training_033.npy,0.9483070317883675,1.0,0.9475452617070995,0.9490700276133512,0.9540546260948434,0.0,0.9250667210326148,0.98491803235632,0.9111280252972664,1.0,0.9346617521802351,0.8887502964547693,0.7396593668824057,4.898979485566356,0.6374311039570679,0.8809405516129483,0.9264204071053763,1.0,0.9324683253516035,0.920450435878124
Exp4_ELU,elu,BraTS20_Training_034.npy,0.9348752281897609,1.0,0.9309294223263485,0.9388546254472627,0.8963699531692381,1.4142135623730951,0.8316105366607511,0.9720670388535618,0.7943106718816604,2.23606797749979,0.7109291851367462,0.8998497482514638,0.8629306220934269,1.4142135623730951,0.8341522739799795,0.893765637565802,0.8659797983007613,1.4142135623730951,0.9192066624626068,0.818579757083326
Exp4_ELU,elu,BraTS20_Training_035.npy,0.8218228481407412,4.242640687119285,0.858564218382503,0.7880970476928714,0.8032100271152972,4.123105625617661,0.8055509457339962,0.8008826742558347,0.7853043672893346,1.0,0.9334350008517702,0.6777495134886279,0.4810866221217102,9.055385138137417,0.3919652549937504,0.6226615360072565,0.6559077623637621,8.18535277187245,0.7326373939113799,0.5937263792680602
Exp4_ELU,elu,BraTS20_Training_036.npy,0.8823361186863029,1.0,0.9365893139931265,0.8340241479942188,0.8643400674675588,1.0,0.8596033387967931,0.8691292860701332,0.839311042715997,1.0,0.8022467542083155,0.8799660062035989,0.6423544424673421,4.69041575982343,0.8581196434509463,0.5132924282894434,0.7751272578225735,3.1622776601683795,0.8556632868492031,0.7084473629735017
Exp4_ELU,elu,BraTS20_Training_037.npy,0.8760279735199433,2.0,0.786719820562844,0.9882091196649697,0.9447703042032858,1.0,0.9377443477232091,0.951902337610257,0.8447395298246244,1.0,0.8052020301792878,0.8883603154389931,0.8443684587895718,1.0,0.8903091872715949,0.8029362490856871,0.8482791301455577,2.23606797749979,0.7500884603697281,0.9760493068454514
Exp4_ELU,elu,BraTS20_Training_038.npy,0.8941435154347708,1.0,0.8657804742563948,0.9244278494535356,0.8336386789946469,2.23606797749979,0.8117657294660268,0.8567229975334549,0.7689264441787769,2.449489742783178,0.7417963075122189,0.7981164074280859,0.7489819658963632,4.123105625617661,0.7450810177998833,0.7529239758743431,0.7718887207346152,2.8284271247461903,0.744806593313134,0.8010146451993845
Exp4_ELU,elu,BraTS20_Training_039.npy,0.9090485992205273,1.0,0.9793840277362189,0.8481386841611739,0.9249451041231393,1.0,0.919181827258817,0.9307811080715718,0.874535493669488,1.0,0.8899111173476446,0.8596821564663085,0.9129616955258536,1.0,0.8622416006746745,0.9700218005631872,0.8529574872715157,1.4142135623730951,0.9602558242849837,0.7672279538720975
Exp4_ELU,elu,BraTS20_Training_040.npy,0.9439102866702744,1.0,0.9282537887674753,0.9601039895271931,0.959318287046824,0.0,0.94035275730088,0.9790645769300216,0.8897252864179698,1.0,0.85720240044298,0.9248133820825554,0.9382501118571785,1.0,0.9396629149153786,0.9368415502861138,0.9113481862136478,1.0,0.8975916115015464,0.9255329931045339
Exp4_ELU,elu,BraTS20_Training_041.npy,0.9480669358840941,1.0,0.976937778583289,0.9208535168313579,0.8569018333006696,2.0,0.8411052027881939,0.8733031666304949,0.8122541110530448,2.0,0.8241067912261395,0.800737537130293,0.6927899676648761,4.58257569495584,0.634394570369534,0.7630257352070755,0.9242009280104511,1.0,0.9611067913591314,0.8900245745002857
Exp4_ELU,elu,BraTS20_Training_042.npy,0.9497181285625117,1.0,0.971719934104578,0.9286905985417386,0.9601430303352093,0.0,0.9602779265434699,0.9600081717758802,0.8662294909758094,1.0,0.8663866848828814,0.8660723536508385,0.9384251331843657,1.0,0.9385196369896679,0.938330647936805,0.9018953848654797,1.0,0.9502601875548219,0.8582153317693434
Exp4_ELU,elu,BraTS20_Training_043.npy,0.7902665120431138,2.8284271247461903,0.674183119860487,0.9546400329305641,0.6393830508812698,3.7416573867739413,0.4733973520978493,0.9846153819578531,0.4747327490895706,5.024754878398197,0.3723323156542213,0.6548257328765031,0.5984921170685509,5.0990195135927845,0.4295552923464083,0.9864437370698429,0.7293664561725484,4.0,0.6435420379357595,0.8416050682675092
Exp4_ELU,elu,BraTS20_Training_044.npy,0.7426082118384132,5.0990195135927845,0.6275718012388659,0.9092834978366623,0.7287349188718375,3.605551275463989,0.6493936017122734,0.8301620801257077,0.7470567222723626,3.0,0.7415014111791685,0.7526958968174271,0.023255813412655504,9.273618495495704,0.012437810635875358,0.17857136479594116,0.7013798308844031,5.656854249492381,0.589351637869548,0.8659942355772213
Exp4_ELU,elu,BraTS20_Training_045.npy,0.9472666975968872,1.0,0.9479274555636424,0.9466068600584056,0.9517668120077375,0.0,0.9764961835764862,0.9282590267963622,0.8939542443529972,1.0,0.9461339942955839,0.8472291447625109,0.8251178191233226,1.4142135623730951,0.7827452871056396,0.8723404249445594,0.8503943365117501,1.0,0.8197031807327841,0.8834731541153598
Exp4_ELU,elu,BraTS20_Training_046.npy,0.3590717204531791,20.024984394500787,0.22117660001618605,0.9536125270451863,0.6885106353680398,3.0,0.532236838603705,0.974698783437364,0.6549001362986524,3.0,0.5195283675790098,0.8856783808331862,0.3451776474529113,33.52858609835209,0.20858894425834698,0.9999997058824394,0.3293180263715334,20.248456731316587,0.2005915799780048,0.9191998935133572
Exp4_ELU,elu,BraTS20_Training_047.npy,0.8774382882544544,2.0,0.8134986432911141,0.95228642254464,0.9275493439896233,1.0,0.9388073127688835,0.9165581817029411,0.8560405321526889,1.0,0.9186900406491391,0.8013902137654653,0.8332955317212527,2.8284271247461903,0.7895850551199918,0.8821291367899937,0.746225628999648,3.4641016151377544,0.6357866938359618,0.9030976483476993
Exp4_ELU,elu,BraTS20_Training_048.npy,0.6164042301724079,9.055385138137417,0.448510550823041,0.9852002096122003,0.8334134987439258,1.4142135623730951,0.7509390327912769,0.9362391897109539,0.6711368464762668,2.23606797749979,0.5394414476264505,0.8879032186459418,0.7841677916638436,1.4142135623730951,0.8161971773507242,0.7545572867541843,0.5251012032811662,9.486832980505138,0.36985025976807734,0.9049833878452934
Exp4_ELU,elu,BraTS20_Training_049.npy,0.9270340446637564,1.0,0.9306123188689785,0.9234831823563424,0.94660803921,1.0,0.9714224302290021,0.9230298062004292,0.8488344137841451,1.0,0.9679364182846357,0.7558313700923789,0.3349593468702492,5.1524426136053965,0.204975122338556,0.9155555148641993,0.9179928499076052,1.0,0.9196412625409945,0.9163503359200572
Exp4_ELU,elu,BraTS20_Training_050.npy,0.9386938795839406,1.0,0.9350974431131902,0.942318086929253,0.9487033408813454,1.0,0.9224208576012352,0.9765274808449902,0.8516347649583852,1.0,0.9035758240255309,0.8053406464187814,0.848027082565826,1.4142135623730951,0.7582238718565893,0.9619606561018873,0.7173359167770711,10.168478800538235,0.805528690517788,0.6465489354767133
Exp4_ELU,elu,BraTS20_Training_051.npy,0.9395564773847418,1.0,0.9538619724476547,0.9256737338810209,0.9456540977914515,1.0,0.9129543118873452,0.9807833531329355,0.8898491511274949,1.0,0.864250285490843,0.9170107676163787,0.8582602502272336,1.0,0.8138907601396027,0.9077463000557876,0.9229671092979053,1.0,0.9447777264127848,0.9021407849941119
Exp4_ELU,elu,BraTS20_Training_052.npy,0.9080646835753702,1.0,0.9847293844227883,0.8424749950006478,0.9473896253324191,1.0,0.948121765373213,0.9466586145017052,0.8644681172004343,1.0,0.9100665369069902,0.8232210457011736,0.8660240007219909,1.0,0.7912996570352334,0.9563328243399244,0.8486948566719386,1.4142135623730951,0.9624975060991432,0.7589580643788473
Exp4_ELU,elu,BraTS20_Training_053.npy,0.9580147588296032,0.0,0.9621842974659992,0.9538812008463582,0.8530338446861891,2.23606797749979,0.7951305003102029,0.9200328852178499,0.846796064426059,1.0,0.8790019862232259,0.8168667273859991,0.6863899563591115,5.830951894845301,0.5851655184724421,0.8299599896093669,0.9365919087544986,1.0,0.9521235210786345,0.921558885108178
Exp4_ELU,elu,BraTS20_Training_054.npy,0.8822596615990292,1.4142135623730951,0.7963497717611914,0.9889468453506974,0.9360136134065641,1.0,0.9039119279329008,0.9704793869321858,0.8975444537006698,1.0,0.8611445095177122,0.9371574067485386,0.8483107846358471,1.0,0.8437828885223533,0.8528875366977393,0.7367253568921772,2.23606797749979,0.6241337998580879,0.8988802053862174
Exp4_ELU,elu,BraTS20_Training_055.npy,0.9409661352006018,1.0,0.962439267386638,0.9204302721607708,0.9512880558878261,0.0,0.9630808826967343,0.939780538775925,0.8503747178605028,1.0,0.9826792623756307,0.7494688214785508,0.7554815424595416,5.656854249492381,0.6275745456077858,0.948872877181332,0.9270231755330373,1.0,0.9496394032792125,0.9054591272716612
Exp4_ELU,elu,BraTS20_Training_056.npy,0.8624495404038425,1.7320508075688772,0.7744336256098653,0.9730371372918343,0.9132337708540921,1.0,0.8783136785841349,0.9510455443613495,0.8636270326246773,1.0,0.8377361826462515,0.8911692709041756,0.796179536303028,3.7416573867739413,0.748298520595754,0.8506069082958425,0.643951685402334,4.242640687119285,0.5165831081196572,0.8546817667453488
Exp4_ELU,elu,BraTS20_Training_057.npy,0.9322185760632206,1.0,0.9037633753190998,0.9625238644068018,0.9058246678054677,1.0,0.9109845256665665,0.9007229313208449,0.8533272190902005,1.0,0.8642749322369965,0.8426533836963399,0.7873128308045197,3.7416573867739413,0.7764369616499303,0.7984977113047103,0.9077041835684745,1.0,0.8750779171755043,0.942857534342655
Exp4_ELU,elu,BraTS20_Training_058.npy,0.7202179026420567,6.782329983125268,0.6369987516001622,0.8284485458388947,0.49518185344247245,17.320508075688775,0.6292611980050836,0.4082040830189048,0.6333831958156425,5.744562646538029,0.7574537853943742,0.5442373601711253,0.3622354854902386,22.02271554554524,0.4776760155717649,0.29173221447781145,0.6097529931345722,8.54400374531753,0.4846759833156159,0.8218394746398957
Exp4_ELU,elu,BraTS20_Training_059.npy,0.7223382044175515,6.164414002968976,0.5740412066617636,0.9739460585402291,0.8982630250663448,1.0,0.8731307242010095,0.9248850233782063,0.8034557206499073,1.0,0.9522184219093992,0.6948941426220788,0.46166133816564425,3.7416573867739413,0.32075471342114636,0.8233617999042223,0.6825960605202356,6.4031242374328485,0.5319354160067371,0.9523237473141198
Exp4_ELU,elu,BraTS20_Training_060.npy,0.9305636189980167,1.0,0.9185645350649805,0.9428803368421379,0.9278325088133081,1.0,0.9805386617490475,0.8805034715417512,0.8376230357530039,1.0,0.8472050452342289,0.8282553495174372,0.866075641097103,2.3641210366695122,0.9498856079366568,0.7958559623952097,0.8457903909042029,1.4142135623730951,0.7962706525795719,0.9018777928622641
Exp4_ELU,elu,BraTS20_Training_061.npy,0.896362849926401,1.0,0.8937005983742752,0.8990410096385519,0.8836008259639279,1.0,0.8293064870773256,0.9455024647632184,0.7615038032635322,1.4142135623730951,0.7891916705615559,0.7356928775000815,0.780710048327422,3.0,0.6602209935152356,0.9549947403680448,0.6331591098619429,4.242640687119285,0.6977896842628404,0.5794860378468283
Exp4_ELU,elu,BraTS20_Training_062.npy,0.9531476580452579,0.0,0.964385740154224,0.9421684758421962,0.9567131888885653,0.0,0.996430778848591,0.9200405042953068,0.8933929427368289,1.0,0.9877915267266724,0.8154629855625495,0.9097593226898282,1.0,0.859606157107354,0.9661274008728641,0.9059460285583082,1.0,0.9019411667770169,0.9099866141943356
Exp4_ELU,elu,BraTS20_Training_063.npy,0.8429820559268236,2.23606797749979,0.7778967489270389,0.9199529658828212,0.6771237210484249,3.4641016151377544,0.63588215612088,0.7240859377154695,0.6494730985871516,5.196152422706632,0.5195208495141045,0.8661242539487851,0.3868471934871992,3.4641016151377544,0.5215123791197864,0.3074558008650592,0.7705477592400999,2.449489742783178,0.7072806836012725,0.8462453875446324
Exp4_ELU,elu,BraTS20_Training_064.npy,0.83606463587241,3.605551275463989,0.8388874392486679,0.8332607658110696,0.8939187795716403,1.4142135623730951,0.8139805532637583,0.9912677729024721,0.7537033254129497,1.7320508075688772,0.6794109315549671,0.846237962239854,0.8472108559994124,2.8284271247461903,0.7775834620798673,0.9305339412582414,0.5119472906257199,19.39326536900721,0.7523893355430148,0.3879648541361201
Exp4_ELU,elu,BraTS20_Training_065.npy,0.7918668379471095,3.0,0.9397735481651918,0.6841859103524741,0.9175699509483616,1.0,0.9541284378659804,0.8837096361162671,0.8819834696165563,1.0,0.9552452525769951,0.8191587325171669,0.74522292598077,4.242640687119285,0.6868884472907197,0.8143851413644415,0.7524520337711593,4.123105625617661,0.9129960642392508,0.6399255589246201
Exp4_ELU,elu,BraTS20_Training_066.npy,0.9402289534207756,1.0,0.9405942264850439,0.939863963790129,0.9093449546194667,1.0,0.8839661077006882,0.9362241396518536,0.8039355139853394,1.0,0.782688977746464,0.826367733853579,0.8899673914537292,1.0,0.8634490864281209,0.9181661697415645,0.9069496452313023,1.0,0.9163732794759331,0.8977178560619654
Exp4_ELU,elu,BraTS20_Training_067.npy,0.954172831190661,0.0,0.9331598248293133,0.9761539851901346,0.9548325652365047,0.0,0.9820517988585601,0.9290814933417602,0.8871303958861123,1.0,0.9864968263102594,0.8059498415805142,0.7782628463946053,4.58257569495584,0.6848887460501931,0.9011162585287319,0.9173662539333158,1.0,0.875761525861853,0.9631211689809503
Exp4_ELU,elu,BraTS20_Training_068.npy,0.9324883073838806,1.0,0.9564098997225372,0.9097341619974648,0.9083823663922271,1.0,0.8693614007696912,0.9510708292636205,0.8406879536656544,1.0,0.8701418433545094,0.8131627778279674,0.8299658586136548,3.605551275463989,0.7482591579633368,0.9317039451296155,0.7949983049988704,2.23606797749979,0.8937251245263252,0.7159137156709016
Exp4_ELU,elu,BraTS20_Training_069.npy,0.8335411607405386,2.449489742783178,0.744465647563552,0.9468295712613932,0.9162309218211505,1.0,0.8653554350638851,0.9734621574964695,0.8291843302109507,1.0,0.8321284621379769,0.8262609574220169,0.8506039412672357,2.23606797749979,0.7626697063101515,0.961458060516424,0.7735192306397654,4.123105625617661,0.6791639968401878,0.8983217172123421
Exp4_ELU,elu,BraTS20_Training_070.npy,0.8840895686970272,1.4142135623730951,0.8571156310237507,0.9128164438495799,0.8119429297704882,2.449489742783178,0.7047837667333265,0.9575311870639415,0.7285399556464891,2.0,0.7136467074365168,0.7440680733561872,0.706968285700557,4.123105625617661,0.5690901829529831,0.9330181811396232,0.6495183195180199,4.0,0.7333719682893314,0.5828727322197872
Exp4_ELU,elu,BraTS20_Training_071.npy,0.9329371139672756,1.0,0.9652749369257945,0.9026957653281815,0.35923111056817497,18.466185312619388,0.6983176961618044,0.2418126143168504,0.8058207855279926,3.0,0.6982498005582738,0.95257217174672,0.0761923688242861,22.0,0.3207831319933348,0.04323020024282198,0.7479081013407235,5.744562646538029,0.6790160581675125,0.8323580097103189
Exp4_ELU,elu,BraTS20_Training_072.npy,0.7983973440033743,3.1622776601683795,0.9144155859108466,0.7085044719292442,0.9421813995461419,1.0,0.9147859238102488,0.971268378705735,0.8941956123037311,1.0,0.8935575026707511,0.8948346337092774,0.7591099641195798,2.23606797749979,0.665912304888343,0.8826396689380832,0.609295999770632,5.656854249492381,0.8359875784632951,0.4793204834238287
Exp4_ELU,elu,BraTS20_Training_073.npy,0.9190720655357526,1.0,0.9108245915427514,0.9274702651126554,0.9413762284952706,1.0,0.9333687749226955,0.9495222637164099,0.833333332892696,1.0,0.8329809716353267,0.8336859915005438,0.8694228401764069,1.0,0.853126254045888,0.8863541509440059,0.8462199782607657,1.0,0.8383834719686903,0.8542043646906443
Exp5_GELU,gelu,BraTS20_Training_001.npy,0.9195530301838865,1.0,0.8608132376992786,0.986896431777408,0.9378437411438987,1.0,0.9693875185899299,0.9082881317187484,0.8854843536574419,1.0,0.9062792873959054,0.8656223099102694,0.8603176554850044,1.4142135623730951,0.9049407492683152,0.8198885298797955,0.8828107118045053,1.4142135623730951,0.8042693388777782,0.9783522487731479
Exp5_GELU,gelu,BraTS20_Training_002.npy,0.8812480838722453,1.4142135623730951,0.9652419184900991,0.810702064351433,0.9463176571978965,1.0,0.9504742498246392,0.9421972607167305,0.845149690576761,1.0,0.8254695360734928,0.8657911581265356,0.9419602403976122,1.0,0.9647379902131682,0.9202332594811692,0.8385562661449326,1.4142135623730951,0.9418289566754724,0.7556935492780308
Exp5_GELU,gelu,BraTS20_Training_003.npy,0.739728562501584,4.0,0.8045761060138302,0.6845545626453473,0.8949171888993187,1.0,0.8399892767622908,0.9575313139091618,0.8364389219523138,1.0,0.8085390233204168,0.8663330919716472,0.7251655569108811,3.605551275463989,0.5975443301835699,0.9221052437451528,0.7060654262559538,4.47213595499958,0.783018867624245,0.6428841307799483
Exp5_GELU,gelu,BraTS20_Training_004.npy,0.9531765794026245,0.0,0.9553070878274277,0.9510555525752316,0.9203059895239729,1.0,0.876317225376247,0.9689443872579406,0.8901012128023469,1.0,0.8908685962419222,0.8893351496167717,0.7657580428791599,4.47213595499958,0.6767676760840731,0.8816949587028623,0.9431428570786978,1.0,0.960829972007037,0.9260951463633929
Exp5_GELU,gelu,BraTS20_Training_005.npy,0.6759640581941957,51.407189742364146,0.5577408224487768,0.8577876309622396,0.7728031142135692,9.273618495495704,0.6313517602185901,0.9959383574292936,0.6790636091478224,9.797958971132712,0.5718629631341344,0.8357280390523951,0.6102036688642798,30.03996674048462,0.45312967818769184,0.9339506115188234,0.38297059909987535,63.99413812164829,0.32261177175520783,0.47111319757840964
Exp5_GELU,gelu,BraTS20_Training_006.npy,0.9363300910393387,1.0,0.902785072349808,0.9724641948530237,0.9204065748979545,1.0,0.8717444715497554,0.9748226593628677,0.8097789446102652,1.0,0.914856088785835,0.7263526413983601,0.5600562585935105,5.385164807134504,0.4017352701766872,0.9243268327247832,0.9135833464736579,1.0,0.8882520880813988,0.9404018157062787
Exp5_GELU,gelu,BraTS20_Training_007.npy,0.9066391606195577,1.0,0.9085133736081595,0.9047726642803914,0.9243093014417147,1.0,0.8874123669693289,0.9644075495060183,0.870332653708136,1.0,0.832602693890887,0.9116444428237432,0.8451347634458128,15.601254302100518,0.8166568545713453,0.8756705557725762,0.8704924197637672,1.0,0.8838923942597501,0.857492669762705
Exp5_GELU,gelu,BraTS20_Training_008.npy,0.8214165391425329,1.4142135623730951,0.9477618631857901,0.724794767847798,0.7979002589768142,1.4142135623730951,0.6666666617933724,0.9934640414655334,0.8070004822216796,1.0828427124745437,0.685383974522015,0.9810874588523941,0.3668122110562353,5.05941170815567,0.2675159065276493,0.583333252314826,0.8099027880555092,1.4142135623730951,0.9454715507574524,0.7083362528418152
Exp5_GELU,gelu,BraTS20_Training_009.npy,0.9048359663927518,1.0,0.860002996757685,0.9546004106270607,0.8119179517284086,3.605551275463989,0.711121601858043,0.9460077105270122,0.7062931974407307,3.3166247903554,0.5721695053982889,0.9225506031478505,0.719819995946034,8.12403840463596,0.7254693166408466,0.714257979065676,0.8250034392556339,2.23606797749979,0.8323788568046412,0.817757575674974
Exp5_GELU,gelu,BraTS20_Training_010.npy,0.838249491630425,2.0,0.8348453653005937,0.8416814924406547,0.8688706098790964,1.4142135623730951,0.7853874738556085,0.9722123876598011,0.8472353999420035,1.4142135623730951,0.7586899416674032,0.9591796856266023,0.6374881004996374,4.123105625617661,0.6429942295010704,0.6320754597721612,0.8143078819594015,2.23606797749979,0.8250866770163983,0.8038070798062926
Exp5_GELU,gelu,BraTS20_Training_011.npy,0.9079124984661399,1.0,0.958728240577214,0.8622124117731195,0.9161271474876468,1.0,0.9068131435802128,0.9256344669234365,0.7904300843398372,1.0,0.975580185355767,0.6643472099724647,0.47186009463933215,5.0990195135927845,0.32239843510232796,0.8796680445781384,0.88326507360178,1.4142135623730951,0.9469346542659055,0.827618050682834
Exp5_GELU,gelu,BraTS20_Training_012.npy,0.8525239528637769,4.123105625617661,0.7943282543786226,0.9199210897892371,0.912850071478698,1.0,0.8798309168117985,0.9484442117583073,0.8305582754602812,1.0,0.7808471441807348,0.88702928701592,0.7632135290418319,3.0,0.782401383691368,0.7449442808710512,0.7763783543765503,7.0710678118654755,0.7145723919924117,0.8498882790727766
Exp5_GELU,gelu,BraTS20_Training_013.npy,0.8974609688829057,1.0,0.9012279071837485,0.8937253892968401,0.8620846605742358,1.4142135623730951,0.7818369447665381,0.9606898292664724,0.6691361282323903,2.449489742783178,0.6261450838669347,0.7184659070498127,0.8513693162183625,1.4142135623730951,0.7626714931758084,0.963413165286541,0.8233212897735752,1.7320508075688772,0.8633819642612935,0.7868133755159707
Exp5_GELU,gelu,BraTS20_Training_014.npy,0.8959944767019674,1.0,0.9615114146016134,0.838836546796797,0.8918414486017109,1.0,0.8976638639618838,0.8860940767135115,0.8316782927556617,1.0,0.8595905898780872,0.8055216995360491,0.6037585417974041,3.605551275463989,0.576320938708066,0.6339392482253776,0.836736615824045,1.4142135623730951,0.9263155897546413,0.762955329560642
Exp5_GELU,gelu,BraTS20_Training_015.npy,0.9454520806458572,1.0,0.9463312234352861,0.944574569714422,0.6753343791842882,5.830951894845301,0.5112858513824259,0.9943888205584897,0.8123129537578251,1.4142135623730951,0.7387247270176353,0.9021842342936044,0.2834600208953526,12.529964086141668,0.1697982706976389,0.8573923116566222,0.9191353367946432,1.0,0.9568069881092085,0.8843177503513396
Exp5_GELU,gelu,BraTS20_Training_016.npy,0.9109720700846637,1.0,0.9363644950300415,0.8869204729501693,0.7798517301872635,3.7416573867739413,0.6478262984645766,0.9794641539159928,0.6555107044464997,2.23606797749979,0.9844985028129088,0.4913254948139384,0.06663918656683182,12.24744871391589,0.03457987236298889,0.9142318481222258,0.8100984965883827,2.23606797749979,0.9090211042058518,0.7305930094879104
Exp5_GELU,gelu,BraTS20_Training_017.npy,0.9234054422764154,1.0,0.9675371140214736,0.883124051250345,0.8562103484336755,2.0,0.8362464177390785,0.877150799551318,0.8550561046045707,1.0,0.9266081437234017,0.7937623264376698,0.6146788985790638,22.045407685048602,0.5351590350375709,0.7219549726342988,0.8931511095117737,1.0,0.9462356762240373,0.845706318834573
Exp5_GELU,gelu,BraTS20_Training_018.npy,0.790652539777141,3.0,0.9110700347068597,0.6983505045219698,0.7584187392628765,12.409673645990857,0.8904715083965054,0.6604735859363439,0.7319382144196855,12.649110640673518,0.8666666615535891,0.6334626967077934,0.4902216363725993,10.677078252031311,0.5513196319261106,0.441314543631114,0.7852279931414703,3.0,0.9039846832825212,0.6940504188052972
Exp5_GELU,gelu,BraTS20_Training_019.npy,0.8957368974540083,1.4142135623730951,0.8637806240464458,0.9301485048853882,0.9033521176539534,1.0,0.8308755532044213,0.9896811588465617,0.8157496687390103,1.0,0.8793437268120414,0.7607334913508477,0.6464755719929839,4.123105625617661,0.5011179425180567,0.9106145235980794,0.7547137468386369,2.449489742783178,0.7575053760182773,0.7519426177303635
Exp5_GELU,gelu,BraTS20_Training_020.npy,0.9018905615624235,1.4142135623730951,0.8706897549736092,0.9354106132329904,0.8225467451459091,3.605551275463989,0.7072879635893977,0.9826836749241749,0.7111602427548903,1.4142135623730951,0.7944483353137286,0.6436785040340256,0.7024744196095296,5.385164807134504,0.5496806244954665,0.9729135587318611,0.7273528227244702,6.6332495807108,0.8648111689517562,0.6275985004551342
Exp5_GELU,gelu,BraTS20_Training_021.npy,0.8108600160659374,2.23606797749979,0.7612729934447683,0.8673570321893795,0.8526440870938363,1.0,0.7593931896994299,0.9720027072205855,0.7306586324378219,1.4142135623730951,0.8884448854863639,0.6204651148361277,0.09230769197743222,10.862780491200215,0.048387096592696556,0.9999999224806262,0.7702250040990991,2.449489742783178,0.7298727112988962,0.8153003113014218
Exp5_GELU,gelu,BraTS20_Training_022.npy,0.9397978849791658,1.0,0.9413224109719424,0.9382782889801902,0.9033790081259118,1.0,0.8381695332969386,0.9795910578394785,0.8558618492794937,1.0,0.8119203112826298,0.9048318037279316,0.8110412922751161,3.605551275463989,0.7276900767334971,0.9159570144809844,0.8796070646836159,1.0,0.9340999437223926,0.8311216615237693
Exp5_GELU,gelu,BraTS20_Training_023.npy,0.9002802546623846,1.0,0.8592758308345023,0.9453942261429771,0.9282779453388887,1.0,0.8765833613622143,0.9864517779719714,0.8358166591760955,1.0,0.8078083562148594,0.8658369258468867,0.8840204023045235,1.0,0.802246166637963,0.9843575400663733,0.8308370042222826,1.4142135623730951,0.7992541421370284,0.8650185750286573
Exp5_GELU,gelu,BraTS20_Training_024.npy,0.8673097457589999,1.4142135623730951,0.8570384342304835,0.8778302398379647,0.8010267884769242,3.0,0.6960118954186321,0.9433620996623626,0.785957930419,2.23606797749979,0.6554307112997532,0.9814012912746495,0.5833253191813392,11.704699910719626,0.5906523844388464,0.5761778104555892,0.8077540719686892,2.23606797749979,0.8413093936303062,0.7767727701265722
Exp5_GELU,gelu,BraTS20_Training_025.npy,0.9086206895953791,1.0,0.9400846983209983,0.8791946307605166,0.953525160104524,0.0,0.9472215446240153,0.9599132366052789,0.886579354770714,1.0,0.9028279694241794,0.8709052673357098,0.9454064769476783,1.0,0.9180529878219075,0.9744400234484495,0.8305481367378166,1.7320508075688772,0.8939169949370572,0.7755688564021735
Exp5_GELU,gelu,BraTS20_Training_026.npy,0.940538189577998,1.0,0.9448530440926463,0.9362625650980921,0.8048271423497282,3.1622776601683795,0.7344828571779901,0.8900728910482218,0.6948668776044983,2.8284271247461903,0.6580925829286651,0.7359943312536635,0.4552630182469338,7.3484692283495345,0.3823974366980534,0.5624345542376511,0.8994206013371455,1.0,0.9236613048587382,0.8764197130592848
Exp5_GELU,gelu,BraTS20_Training_027.npy,0.720275316966287,6.0,0.9954687310953864,0.5642818261750457,0.9097571967097616,1.0,0.9133907838848657,0.9061524043932884,0.8280624755298623,1.0,0.7655131260348967,0.9017430412554519,0.7864876998221209,4.0,0.9107823865586706,0.6920442565050542,0.6033409662071895,8.12403840463596,0.9744391897721743,0.43693997385418226
Exp5_GELU,gelu,BraTS20_Training_028.npy,0.8433066154221063,1.7320508075688772,0.8605820876742933,0.8267110752794901,0.8217054260696608,1.7320508075688772,0.7847138850308698,0.8623570794031391,0.627809660074241,2.23606797749979,0.5676143113527031,0.7022870125688284,0.8426532318701484,1.0,0.8737593576984862,0.8136857453969747,0.35357604290219957,5.0,0.4241429605686671,0.3031408832228061
Exp5_GELU,gelu,BraTS20_Training_029.npy,0.9391200969596902,1.0,0.9375310739302447,0.9407145154585267,0.9228567332740398,1.0,0.872058424571195,0.9799392082371745,0.8631819471930097,1.0,0.7951236611206391,0.9439816723365647,0.8262748463662493,1.0,0.847017124353118,0.8065241799408089,0.9259389957268167,1.0,0.9310187963442292,0.9209143266881004
Exp5_GELU,gelu,BraTS20_Training_030.npy,0.8417564372277574,1.7320508075688772,0.8566021400601372,0.827416547472612,0.6971948616455304,30.512292604784715,0.7663669738301039,0.6394759080309849,0.8102678564969166,1.4142135623730951,0.826475848387582,0.7946833451216836,0.09134315945330464,33.97057550292606,0.1258581228497819,0.0716845875800437,0.81508053734072,2.0,0.8237133920054556,0.8066267575357814
Exp5_GELU,gelu,BraTS20_Training_031.npy,0.914214908262677,1.0,0.9189716528507826,0.9095071533302355,0.8920800852051726,1.0,0.8652422548976451,0.9206361053753038,0.858185134312961,1.0,0.8169895810560275,0.9037557494294315,0.7413388133137561,3.4641016151377544,0.7629551280209169,0.7209136320900591,0.8541971861342954,1.4142135623730951,0.8748560966133474,0.834491448994691
Exp5_GELU,gelu,BraTS20_Training_032.npy,0.9050455186090312,1.0,0.9547547166208473,0.8602563663730386,0.8876132385901236,1.0,0.8516351113874727,0.9267653112775394,0.7876467073862907,1.0,0.8280874193996786,0.7509720239440758,0.776220105872839,4.358898943540674,0.6580653353780789,0.9460891795575856,0.6554487176569406,2.23606797749979,0.8116868789286804,0.549649096200053
Exp5_GELU,gelu,BraTS20_Training_033.npy,0.9508115120910489,0.0,0.9502609687693475,0.9513626936305816,0.9418634716122514,1.0,0.8973516727992807,0.9910216292608618,0.909987592769855,1.0,0.9162970823185101,0.903764400897194,0.7284020322357411,5.385164807134504,0.6182602436876824,0.8862933684536356,0.9267904775818214,1.0,0.9369765429260696,0.9168235000331766
Exp5_GELU,gelu,BraTS20_Training_034.npy,0.9423523439775398,1.0,0.9528900439045471,0.9320451607083832,0.9237149531631174,1.0,0.8788485048618765,0.9734088388591877,0.8277373540747485,1.4142135623730951,0.7729840357048776,0.8908387579531849,0.8834684276785078,1.0,0.8590124053227864,0.9093577787972613,0.8688274393167432,1.4142135623730951,0.9286726193593473,0.8162283513533886
Exp5_GELU,gelu,BraTS20_Training_035.npy,0.8601731041945374,2.0,0.8751642919831811,0.8456868521583917,0.8476502586593785,2.23606797749979,0.796755725025565,0.9054904639653243,0.7932099860092314,1.0,0.9206166017143613,0.6967806336733278,0.5261593166439827,7.0710678118654755,0.37693142889128395,0.8709833051519992,0.694717492453271,4.242640687119285,0.7998995548859594,0.6139824323005802
Exp5_GELU,gelu,BraTS20_Training_036.npy,0.8701700151869645,1.4142135623730951,0.9494738255872411,0.8030925477558527,0.8423603982079236,1.4142135623730951,0.7860125247285795,0.9074111249097989,0.8019406999439993,1.7320508075688772,0.7203176433850134,0.9044260678394308,0.6914600503342971,4.5218338379799015,0.8581196434509463,0.5790080671394687,0.7515145905972739,3.605551275463989,0.8952181567923996,0.647565154501024
Exp5_GELU,gelu,BraTS20_Training_037.npy,0.8860599521048801,1.7320508075688772,0.8050925950566246,0.9851338811648241,0.9298070301934565,1.0,0.8896821345870806,0.9737221520051522,0.8363703838053923,1.0,0.7836428118898096,0.8967053947981017,0.8358027416874155,1.0,0.8258494473660555,0.8459988798589828,0.8590412712980761,2.0,0.7744911197676756,0.9643141467344535
Exp5_GELU,gelu,BraTS20_Training_038.npy,0.8976560107448344,1.0,0.8732266959875095,0.9234915300616581,0.8039476491774722,3.605551275463989,0.7100919558175697,0.9263926729766906,0.7179754265481462,4.47213595499958,0.6290811032445214,0.836127039680124,0.7655445965021738,3.605551275463989,0.6887538573603841,0.8616071418175589,0.7756540715884216,2.23606797749979,0.7971589795116936,0.7552789582481145
Exp5_GELU,gelu,BraTS20_Training_039.npy,0.8939212282005331,1.0,0.9633965246054429,0.8337923320758779,0.9025697704054794,1.0,0.8587653797146044,0.9510831580764715,0.8647998070830459,1.0,0.8403243405268016,0.8907438009167407,0.8583096583289155,1.4142135623730951,0.780684753261168,0.9530757079000873,0.8401608975282946,1.7320508075688772,0.9668950811734748,0.7427996535544793
Exp5_GELU,gelu,BraTS20_Training_040.npy,0.9456725052841071,1.0,0.9286330442369058,0.963348967741279,0.9471399819418612,1.0,0.9101097413942286,0.9873113765418923,0.8674580065246454,1.0,0.8071857282397525,0.9374576430741323,0.936508775392126,1.0,0.9359644946711235,0.9370536890044677,0.9174430128335292,1.0,0.9099776089880424,0.9250319212874
Exp5_GELU,gelu,BraTS20_Training_041.npy,0.944678200626666,1.0,0.9662773411246156,0.9240235563630916,0.8258276586870966,2.23606797749979,0.7664080878877294,0.8952351854049734,0.7885372804641197,2.23606797749979,0.7598481864155894,0.8194777687798479,0.6777287248017526,5.796396195522345,0.580897702033148,0.813299229765074,0.9228034575769811,1.0,0.9608701529764256,0.8876379930847027
Exp5_GELU,gelu,BraTS20_Training_042.npy,0.9506643525087017,0.0,0.9721418075133993,0.9301153839506012,0.9605926694878356,0.0,0.9439803813973023,0.9778001214569364,0.8633952252351736,1.0,0.8438326329424832,0.8838863841395284,0.9421508662226934,1.0,0.9307653570338543,0.953818368960878,0.8956762190649076,1.0,0.9631682094467905,0.8370235505852399
Exp5_GELU,gelu,BraTS20_Training_043.npy,0.7935985732392081,2.449489742783178,0.689598973873307,0.9345378178302843,0.362171331252999,5.385164807134504,0.22164547077388339,0.9895712573025999,0.3275609030596979,6.164414002968976,0.21265243821397697,0.7126436690594679,0.31170124429593155,8.306623862918075,0.1847697753152897,0.9957582078922778,0.7274525315147704,4.242640687119285,0.68058405925358,0.7812536203679552
Exp5_GELU,gelu,BraTS20_Training_044.npy,0.6991983904723708,7.681145747868608,0.598955613264253,0.8397393653710086,0.6944169121426597,4.358898943540674,0.5793825767398976,0.8664468189081054,0.755832034386345,3.7416573867739413,0.6883852642465633,0.8379310272592153,0.004395604298997708,11.575836902790225,0.0024875621271750717,0.018867920968316798,0.6542878246409617,8.602325267042627,0.562009690492611,0.7828217895044016
Exp5_GELU,gelu,BraTS20_Training_045.npy,0.9439771330434199,1.0,0.9458876745496747,0.9420742938556358,0.9588011661371284,0.0,0.964708609571883,0.9529656312729287,0.892970801310128,1.0,0.9335593561042507,0.8557645474277513,0.8311370105187944,1.4142135623730951,0.7582769449261256,0.9194871788135626,0.8469052827905978,1.0,0.8435213531099783,0.8503164720274319
Exp5_GELU,gelu,BraTS20_Training_046.npy,0.48021973507149185,18.384776310850235,0.3223267843480472,0.9413371898574918,0.5783227825224573,4.242640687119285,0.4809210494676247,0.7251984055039841,0.6056603745016019,4.242640687119285,0.4731024283485451,0.8414154542409509,0.12254901660419078,8.102415174917866,0.1533742237193728,0.1020408121615995,0.4536296423421614,18.601075237738275,0.30130377339001096,0.9174536543219188
Exp5_GELU,gelu,BraTS20_Training_047.npy,0.8784260112960195,1.7320508075688772,0.8039041301775773,0.9681758767547586,0.9300385587354336,1.0,0.9009253605210092,0.9610961625801476,0.8585322721944979,1.0,0.8799412515609071,0.8381403098972704,0.8454642978988919,3.0,0.7686890392565089,0.9392776337510998,0.7508854587821251,3.1622776601683795,0.651659709706724,0.885756189643614
Exp5_GELU,gelu,BraTS20_Training_048.npy,0.6655832428978008,6.4031242374328485,0.5042580113874421,0.9786923325730552,0.7467567073986908,2.0,0.6070499837993355,0.9699907619113999,0.6132812480036417,3.0,0.4615384592771266,0.9136760338149754,0.7483365919830269,2.23606797749979,0.6732394318785956,0.8422907414776146,0.5825167410650989,6.811504632554891,0.4370005429292418,0.8733235127736076
Exp5_GELU,gelu,BraTS20_Training_049.npy,0.928967400588932,1.0,0.929903910607977,0.9280327748299556,0.9484109697992915,1.0,0.9361839257924712,0.960961621171236,0.8541353372755196,1.0,0.933954505524926,0.786885244084772,0.3311258250734617,6.082762530298219,0.19900497314422913,0.9852216263437622,0.9189440654743742,1.0,0.921050020650995,0.9168477185627398
Exp5_GELU,gelu,BraTS20_Training_050.npy,0.9298319029576422,1.0,0.9222497508464343,0.9375397596965219,0.9315311711975421,1.0,0.8837982212517379,0.9847144956993094,0.8277815825870459,1.0,0.8612424691127673,0.7968234939176435,0.8224901711071556,2.23606797749979,0.7138777839195094,0.9700826506654446,0.6558827411013196,12.68857754044952,0.8006125074140776,0.5554685749522095
Exp5_GELU,gelu,BraTS20_Training_051.npy,0.942639677407116,1.0,0.9423295220085276,0.9429500369624702,0.9317494858748187,1.0,0.8780334961387527,0.9924661938232671,0.8721853228283715,1.0,0.8216711172669431,0.9293173375944443,0.8579599608460916,1.0,0.8091705983160922,0.913010395858457,0.9248866536687581,1.0,0.9335294569168657,0.9164024159195543
Exp5_GELU,gelu,BraTS20_Training_052.npy,0.9048678145386848,1.0,0.98793371026187,0.8346869710586533,0.9462038442310179,1.0,0.9195618567841127,0.9744356612017121,0.8596209439663663,1.0,0.8615582733831743,0.8576923067759697,0.8719500284287038,1.0,0.802983999994636,0.953875718654974,0.8410003085930156,1.4142135623730951,0.9780969475451439,0.7376116975847363
Exp5_GELU,gelu,BraTS20_Training_053.npy,0.9590266165620793,0.0,0.9599344243644841,0.958120524095376,0.8411658440936218,2.449489742783178,0.7389038886178277,0.9762798842306423,0.8500727797278733,1.0,0.8381541169815035,0.8623353011559117,0.6962084564954447,6.4031242374328485,0.5552974358621942,0.9329523265501083,0.9361945995652285,1.0,0.9565029074829354,0.9167307277669251
Exp5_GELU,gelu,BraTS20_Training_054.npy,0.8822800495052177,1.4142135623730951,0.7965997873871367,0.9886127399254377,0.9115148382826022,1.0,0.84862654958085,0.9844699314989244,0.8652737237728209,1.0,0.7899457313911722,0.9564823919116733,0.8409899223169903,1.0,0.8532551483186662,0.8290723143475934,0.7320681029929424,2.23606797749979,0.6428789550062532,0.8499906823871077
Exp5_GELU,gelu,BraTS20_Training_055.npy,0.9380435585320803,1.0,0.9602680239050109,0.9168245498486168,0.9321034219422182,1.0,0.9206747047008029,0.9438194437890143,0.8597594012898236,1.0,0.9608769368206432,0.7778976262228892,0.7654090392553147,5.71386470757202,0.6298801096989239,0.9752498786881251,0.9263334975325215,1.0,0.9533170790696897,0.9008354064353566
Exp5_GELU,gelu,BraTS20_Training_056.npy,0.8641518365363181,1.7320508075688772,0.7742793790081405,0.9776273824822582,0.9137173415346055,1.0,0.8619260303775823,0.9721306124842785,0.8551654129896263,1.0,0.8201247839195872,0.893333975565945,0.8135085887470662,3.0,0.7335132589374405,0.9130879332265733,0.6408788124807528,4.123105625617661,0.5287311991280702,0.8134084835260987
Exp5_GELU,gelu,BraTS20_Training_057.npy,0.9269240954439874,1.0,0.9101592323964369,0.944318155617056,0.9115101965858546,1.0,0.8910899499310577,0.9328882946747767,0.8523022427082041,1.0,0.8381516302819556,0.8669388725027755,0.8030378061696586,3.0,0.772308666966311,0.8363136147306959,0.9033636292431599,1.0,0.8876082890142848,0.9196884019508234
Exp5_GELU,gelu,BraTS20_Training_058.npy,0.7404927825765472,5.744562646538029,0.7254878341773627,0.7561315208961171,0.45835836493817533,16.64331697709324,0.5991855726589962,0.3711310487618884,0.5721189197541134,10.677078252031311,0.8118664269352022,0.44168694205864806,0.3353792702816525,21.18962010041709,0.4144247277099554,0.28165726494089527,0.6435074626385443,7.0710678118654755,0.5815976905274918,0.720167702158053
Exp5_GELU,gelu,BraTS20_Training_059.npy,0.810354177796013,3.0,0.7494791261866351,0.8819923715573954,0.8615832907683748,1.0,0.8557645882500502,0.8674816583497229,0.8284112118564066,1.0,0.9453924834010881,0.7371922771976562,0.465696462469186,3.605551275463989,0.3729189747733743,0.6199261878242401,0.7805312155940737,3.3166247903554,0.7172572863421022,0.8560488508653843
Exp5_GELU,gelu,BraTS20_Training_060.npy,0.9240408468860533,1.0,0.9178768323360257,0.9302882101076533,0.944901584460328,1.0,0.9627570225998386,0.9276963859557146,0.8279220776684875,1.0,0.8357036848653824,0.8202840490287181,0.9149190017989449,1.0,0.9398627296329324,0.8912650442216721,0.8563492448058709,1.0,0.8362956919330964,0.8773881545778164
Exp5_GELU,gelu,BraTS20_Training_061.npy,0.8630680539884035,2.0,0.828359281040307,0.9008126688368344,0.8369049143090359,1.4142135623730951,0.7295302007982624,0.9813421597137706,0.7278165497442535,2.0,0.6705450081589942,0.7957848822751001,0.7662875775665278,3.605551275463989,0.6318697286538678,0.9733482620977643,0.5829139704152205,5.385164807134504,0.651707969656118,0.5272569626885695
Exp5_GELU,gelu,BraTS20_Training_062.npy,0.9553096759026445,0.0,0.9648220341882242,0.9459830545243431,0.9649110892439041,0.0,0.9916452312034365,0.9395805779445341,0.9093651867327496,1.0,0.979929004750712,0.8482812093712755,0.909935199278554,1.0,0.8667532982473244,0.9576453691768484,0.9139002288031757,1.0,0.9141536620179268,0.9136469359700837
Exp5_GELU,gelu,BraTS20_Training_063.npy,0.8612293056598029,1.4142135623730951,0.921070744993445,0.8086892285732681,0.7511620688702169,2.8284271247461903,0.8023833141265033,0.70608796764903,0.7734168052650692,1.4142135623730951,0.7125110882319827,0.8457082630557754,0.4085180338612862,4.47213595499958,0.6127770454657491,0.3063885247301921,0.77469437048543,2.23606797749979,0.8288243476936301,0.7272013258336667
Exp5_GELU,gelu,BraTS20_Training_064.npy,0.8271093103412425,3.3166247903554,0.8245368678365039,0.8296978543326754,0.8810878794215194,1.7320508075688772,0.7933826380856974,0.9905940437813514,0.727780883058727,2.23606797749979,0.6452846217373874,0.8344625523404275,0.8454328518726865,3.1622776601683795,0.770520840167144,0.9364798209836008,0.5048704398240974,10.04987562112089,0.7479250498315361,0.38104238063201384
Exp5_GELU,gelu,BraTS20_Training_065.npy,0.7197536159720896,6.782329983125268,0.9430257765425898,0.5819664005694121,0.9330362980827726,1.0,0.9331585820887062,0.9329140436768499,0.8947098084322722,1.0,0.93555316528624,0.8572834617543192,0.7798882637995069,3.7416573867739413,0.6829745530041629,0.9088541548326282,0.6765221313003795,8.06225774829855,0.924327911941431,0.5334957034279744
Exp5_GELU,gelu,BraTS20_Training_066.npy,0.9365763082496319,1.0,0.9457122103701312,0.9276152289791552,0.8910781565587894,1.0,0.8336459473296385,0.957009206298627,0.7854180845544234,1.4142135623730951,0.7322562022709104,0.8469033624574168,0.8892890691439954,1.0,0.8356386097180126,0.9503012032290811,0.899196751599965,1.0,0.9315531980861521,0.8690125824548917
Exp5_GELU,gelu,BraTS20_Training_067.npy,0.9566197390830369,0.0,0.9423691178423346,0.9713079772104012,0.9592623924978473,0.0,0.9636426490266362,0.9549217765916062,0.890168923567586,1.0,0.9807804829721473,0.8148840685060269,0.7723991912364551,3.1622776601683795,0.6423883458921176,0.968388029719609,0.9254795079940396,1.0,0.9033759875357982,0.9486918014515635
Exp5_GELU,gelu,BraTS20_Training_068.npy,0.93460609853896,1.0,0.9452864292016674,0.9241644150610585,0.8890630998193614,1.4142135623730951,0.8191815552747267,0.9719792902217942,0.8189658306397272,1.0,0.7980851058169609,0.8409685368500347,0.8246009762657107,4.58257569495584,0.7286305375271821,0.9496876021376602,0.7929773767620627,2.23606797749979,0.9045643149696992,0.7058979016336039
Exp5_GELU,gelu,BraTS20_Training_069.npy,0.8483135113751032,2.0,0.7651181117248737,0.9518087906865053,0.8644559851513731,1.4142135623730951,0.7672421195089346,0.9898792150888786,0.7769273584828391,1.7320508075688772,0.7143496892621396,0.8515213903366725,0.8133982798684832,3.0,0.7009016474759552,0.9689111740910379,0.789918311866642,3.0,0.7157960408124139,0.8811648952921408
Exp5_GELU,gelu,BraTS20_Training_070.npy,0.8586016191762798,2.23606797749979,0.8580512143771352,0.8591527304040051,0.7342480209790241,3.7416573867739413,0.5914810404717221,0.9678631047264593,0.6788354702481787,2.8284271247461903,0.6376834335418007,0.7256652967265,0.6003221001548749,5.830951894845301,0.4381848021833009,0.9529230166381217,0.6021670767360255,7.031980515339257,0.7853512835300681,0.4882760530797461
Exp5_GELU,gelu,BraTS20_Training_071.npy,0.9328149468505211,1.0,0.9648592654514417,0.9028306836917531,0.49683781299474955,16.61324772583615,0.6438585136181071,0.4044780162575442,0.7898342742385731,3.4641016151377544,0.6786793948459193,0.9445305569701832,0.12922239850025602,20.904544960366874,0.2861445778344301,0.08345534402954839,0.8437369334708106,2.23606797749979,0.8419513441358971,0.8455301125043956
Exp5_GELU,gelu,BraTS20_Training_072.npy,0.8044726766008706,3.0,0.9160380979556301,0.7171322466410235,0.9280933742933126,1.0,0.8781278757004847,0.9840880068303486,0.8770126456034651,1.0,0.8621299914759997,0.8924181536188339,0.7197026018188718,3.605551275463989,0.5933050442307355,0.9145348823916645,0.6067275150644316,5.385164807134504,0.8427395228504203,0.47398612372029897
Exp5_GELU,gelu,BraTS20_Training_073.npy,0.9226231352746835,1.0,0.9204160019496358,0.9248408791304019,0.9440129544054897,1.0,0.9297654906197853,0.9587038610313656,0.8316136576791758,1.0,0.8264270604371807,0.8368657666057956,0.8710897209549057,1.0,0.8481724449750001,0.8952798178416057,0.8548613863414576,1.0,0.8594780714536143,0.850294032971065
Exp6_Swish,swish,BraTS20_Training_001.npy,0.9245338515181838,1.0,0.8713376580500994,0.9846477605658617,0.9298098371215175,1.0,0.9748523790726288,0.8887458040303265,0.8816225452754312,1.0,0.911145555147017,0.8539527024142052,0.8450560035995857,2.449489742783178,0.9086964962062446,0.7897461867354684,0.8871616101160652,1.4142135623730951,0.811925075019546,0.9777656604669452
Exp6_Swish,swish,BraTS20_Training_002.npy,0.8823713992230355,1.4142135623730951,0.9442437989218512,0.8281088437851774,0.9493461499487076,1.0,0.968171111485027,0.9312392842693857,0.8618912049996991,1.0,0.8552450742781417,0.8686414378588068,0.9334173488062291,1.0,0.9703056757966095,0.8992310796244122,0.8379426764566175,1.4142135623730951,0.9096048500088494,0.7767475153107576
Exp6_Swish,swish,BraTS20_Training_003.npy,0.7344799609387506,5.0,0.7593182806859736,0.7112151586238836,0.9156725614758363,1.0,0.8949343315600795,0.9373947194346021,0.866252725513924,1.0,0.8609072686427376,0.8716649751041371,0.7406296796054747,2.23606797749979,0.673942692033524,0.8219633806661667,0.6935605571353661,5.477225575051661,0.7226184994927832,0.6667492301522419
Exp6_Swish,swish,BraTS20_Training_004.npy,0.9556682512956831,0.0,0.973000854367901,0.9389423511077315,0.9282978263550036,1.0,0.9055375956566029,0.9522316891297374,0.8993133404921128,1.0,0.9221208413520219,0.8776068370067646,0.7632489117688002,4.123105625617661,0.6910101003121111,0.8523548456860767,0.9390035113473609,1.0,0.9692572108376983,0.9105812801564428
Exp6_Swish,swish,BraTS20_Training_005.npy,0.7445478890624448,17.88854381999832,0.6011429745141621,0.9778075529873482,0.836490008324722,26.0,0.7291177578726863,0.980947528292463,0.7528428089449036,25.98172400785649,0.6844719230848653,0.8363884061971905,0.6334645656821564,29.44740866261264,0.4818808011923306,0.9241814995739144,0.4134707569349584,22.20360331117452,0.27742039196297785,0.811382874828867
Exp6_Swish,swish,BraTS20_Training_006.npy,0.9326464199741225,1.0,0.892841982510174,0.9761655666399611,0.9221102298592506,1.0,0.8817511724633121,0.9663410930047388,0.8270487772286567,1.0,0.9104465642145247,0.7576475295200829,0.6260342691295738,4.58257569495584,0.4847154961235293,0.8836674628621782,0.9129348409717095,1.0,0.8744441259512801,0.9549700958603817
Exp6_Swish,swish,BraTS20_Training_007.npy,0.9204786963717642,1.0,0.9171603597657598,0.9238211317833926,0.9330261460924635,1.0,0.911059955099864,0.9560777413461319,0.8886871846780369,1.0,0.8743302469973531,0.9035234884169069,0.8516424738706762,15.646080544361462,0.8201883436721944,0.8856053356034148,0.8875861153803016,1.0,0.8900033208601782,0.8851820040677869
Exp6_Swish,swish,BraTS20_Training_008.npy,0.8146389547232789,1.7320508075688772,0.8772538346209209,0.7603669913019989,0.643762506191586,10.198039027185569,0.7054093515686451,0.5920245362452482,0.8050072180789252,9.391461442128799,0.690338557470367,0.965357956520116,0.13246471083100206,15.937377450509228,0.3885350070996811,0.07984293089210824,0.7947674164778908,1.7320508075688772,0.8552143411207438,0.7423012391778152
Exp6_Swish,swish,BraTS20_Training_009.npy,0.9032983439448102,1.0,0.8542571951697082,0.9583131298797939,0.8262436913607611,3.4641016151377544,0.7514064281637873,0.9176368846920172,0.7011747429391612,3.0,0.5628573111406736,0.9296213371849764,0.6653211652044013,7.0710678118654755,0.7475548190773171,0.5993865416774011,0.8254149185558767,2.23606797749979,0.8040838567561424,0.8479085802580492
Exp6_Swish,swish,BraTS20_Training_010.npy,0.7405957989590027,8.306623862918075,0.6293749008779496,0.8995634596929464,0.8970610392637068,1.0,0.8510151546310908,0.9483747594831505,0.8801313621673799,1.0,0.8280549964034374,0.9391974751372044,0.6605504526555005,3.7416573867739413,0.6909788734936877,0.6326889168244478,0.6853983444313569,9.219544457292887,0.5697315019835698,0.8599943199075036
Exp6_Swish,swish,BraTS20_Training_011.npy,0.9154097535628627,1.0,0.962523127862681,0.8726933477913154,0.9053440115660418,1.0,0.9313867197346182,0.8807180600686003,0.7719920830055333,1.4142135623730951,0.9795635590932394,0.6370086714303315,0.47088683118709046,5.0,0.3426026497010588,0.7527446264785459,0.8922061909641791,1.0,0.9430604144396297,0.8465559394556622
Exp6_Swish,swish,BraTS20_Training_012.npy,0.8605405403951789,2.23606797749979,0.8035077755264793,0.9262882283260161,0.9211731215683869,1.0,0.8990338153393311,0.9444303464292941,0.8419838516174396,1.0,0.7944081687687793,0.8956209873619838,0.7622163141234588,2.8284271247461903,0.8079757225488698,0.7213622263105176,0.7852595379001673,4.898979485566356,0.7214892614655697,0.8613957277558262
Exp6_Swish,swish,BraTS20_Training_013.npy,0.8945153286267814,1.0,0.8714473767514518,0.9188377435393665,0.8812570142606596,1.4142135623730951,0.8103199168831648,0.965805657264612,0.6881582318415641,2.23606797749979,0.6632829891971206,0.7149719756739472,0.8678209454878479,1.4142135623730951,0.7831554870587315,0.9730113624845983,0.8247899555013074,2.23606797749979,0.8241416171474841,0.8254393144720541
Exp6_Swish,swish,BraTS20_Training_014.npy,0.8863175250462602,1.0,0.9517668331426568,0.8292904424936495,0.9180500458878287,1.0,0.9082657536982867,0.9280474358858005,0.8444361041083998,1.0,0.8906356023011561,0.802793210253941,0.6353222553906582,3.4641016151377544,0.5487062398905129,0.7544095653895223,0.8240805172504556,1.7320508075688772,0.9204200786850887,0.7459976030565716
Exp6_Swish,swish,BraTS20_Training_015.npy,0.9493792620710321,1.0,0.9534029866663418,0.9453893579731228,0.7379391015072351,4.58257569495584,0.5888442605708863,0.9881336614883865,0.867850098130262,1.0,0.8553654733888408,0.8807045626435954,0.3000191092107595,12.206555615733702,0.1809798268807149,0.8766052435700433,0.9253933086751531,1.0,0.9606727998363839,0.8926132192813873
Exp6_Swish,swish,BraTS20_Training_016.npy,0.9156507227826804,1.0,0.9610346672627417,0.8743599108441399,0.811922671239097,3.1622776601683795,0.7028382258159684,0.9610891052953803,0.6283859086523269,2.23606797749979,0.9951653741116067,0.45915802129407,0.10900807339485843,12.041594578792296,0.05800149725214734,0.9038888838672839,0.8308172240548831,1.7320508075688772,0.9450287361908661,0.7412351942090015
Exp6_Swish,swish,BraTS20_Training_017.npy,0.9290020905540329,1.0,0.9651384282596286,0.8954740975411002,0.8744664630813771,1.4142135623730951,0.8218481369471002,0.9342833868613327,0.8555177818674701,1.0,0.9415743258863516,0.7838744449696006,0.6165935666880541,4.58257569495584,0.4812437591196067,0.8578693087773472,0.903496534539965,1.0,0.9532963487464026,0.8586414535327866
Exp6_Swish,swish,BraTS20_Training_018.npy,0.7617522521331624,3.605551275463989,0.8847128087253342,0.6688000274860613,0.6748768461033131,14.560219778561036,0.9420432173769979,0.5257675424184004,0.7335055160049179,13.038404810405298,0.9215339178670565,0.6092043657987348,0.28070175241612805,18.05547008526779,0.5865102467299048,0.18450184331640365,0.7529264865768767,3.7416573867739413,0.8658609546808995,0.666053019023186
Exp6_Swish,swish,BraTS20_Training_019.npy,0.9077211926499141,1.0,0.8886225081880899,0.9276588642494973,0.9179725883325646,1.0,0.8638244021687719,0.9793632395412663,0.8015501800518731,1.0,0.9168450005942679,0.7120132947831487,0.6317736263906211,3.7416573867739413,0.4773616541108984,0.933843628697205,0.7834582951119435,2.0,0.7932473114867754,0.7739079347178431
Exp6_Swish,swish,BraTS20_Training_020.npy,0.8994703242406832,1.4142135623730951,0.8625007238742978,0.9397511294492699,0.8299573009061874,3.3166247903554,0.7183192245110254,0.982681407764481,0.7349659175738507,1.4142135623730951,0.8048807458233934,0.6762264616339735,0.7206093264324179,5.0990195135927845,0.573899928964037,0.9680870962310435,0.7329445653892797,5.0990195135927845,0.8478696695056857,0.6454557953189254
Exp6_Swish,swish,BraTS20_Training_021.npy,0.792830381358874,4.104639781773937,0.7578544682951178,0.8311908585278845,0.8905425764030308,1.0,0.833833126064856,0.9555286012623235,0.7314108357281639,1.4142135623730951,0.9417249385889945,0.5978858338311082,0.14568158118043156,9.486832980505138,0.07876969212764556,0.9677418908874704,0.7464576926970896,5.0,0.7161819870094642,0.7794061199695014
Exp6_Swish,swish,BraTS20_Training_022.npy,0.9418558255934584,1.0,0.9529933349550789,0.9309756341076201,0.9195868555836537,1.0,0.8805366057771529,0.9622614585474366,0.8783062837989817,1.0,0.8583502547289664,0.8992123262811406,0.8066614620493272,3.1622776601683795,0.7490335045513583,0.8738958834111108,0.8812125038356535,1.0,0.930738240460303,0.8366911304176401
Exp6_Swish,swish,BraTS20_Training_023.npy,0.8882409339889619,1.0,0.8222649123793825,0.965727994240667,0.9285002262714089,1.0,0.8769257098728028,0.9865203151765066,0.8459205772101466,1.0,0.8034195841607209,0.8931693424545951,0.906731548331929,1.0,0.8483836684650423,0.9736979603314789,0.8198085144032793,1.4142135623730951,0.7475102764133109,0.9075894000990021
Exp6_Swish,swish,BraTS20_Training_024.npy,0.8549863554697352,2.0,0.8440344257434527,0.8662262392021215,0.8218267247009404,2.23606797749979,0.7068781452238531,0.9814197231584249,0.8034758231805252,1.7320508075688772,0.6794671214718309,0.982855574692871,0.6094875046489967,27.21855905360818,0.5604673796290801,0.6679043846184628,0.7682512177748512,3.1622776601683795,0.8021060894316449,0.7371384652837163
Exp6_Swish,swish,BraTS20_Training_025.npy,0.9186869378024741,1.0,0.9590124867629379,0.8816158428619478,0.9600648098914877,0.0,0.9793004413613751,0.941570282134633,0.8952056298396729,1.0,0.9339757925004442,0.8595259458060889,0.9486395516691144,1.0,0.9478845754015791,0.9493957310622805,0.8339997948280017,1.4142135623730951,0.8907139725989065,0.7840755733603056
Exp6_Swish,swish,BraTS20_Training_026.npy,0.9364307846475836,1.0,0.9615511726241689,0.9125895130322227,0.7428950038424925,5.0990195135927845,0.7547045510970971,0.731449351599964,0.7291789720848073,2.23606797749979,0.7299797259967986,0.728379972720676,0.3616352199721081,8.774964387392123,0.37865978430305264,0.3460756402227933,0.8741646600175128,1.4142135623730951,0.8999373302068145,0.8498270623726097
Exp6_Swish,swish,BraTS20_Training_027.npy,0.7368304178216504,5.477225575051661,0.9957238025153456,0.5847836239273915,0.9244247119250738,1.0,0.9176405772960137,0.9313099037814258,0.840243863244839,1.0,0.785322195235488,0.9034250800305957,0.8241999577367706,3.0,0.9107823865586706,0.7526501759596503,0.6213235860653832,7.874007874011811,0.9769855702735575,0.4555024139326456
Exp6_Swish,swish,BraTS20_Training_028.npy,0.8592207032010456,1.4142135623730951,0.862535403426831,0.8559313816360092,0.8049241045809703,1.4142135623730951,0.7391623311063343,0.8835299737854513,0.6393483393611813,2.0,0.555723704944629,0.7525984471488824,0.7950418987473448,1.4142135623730951,0.7929653477399176,0.7971293527093832,0.38081909223569604,4.58257569495584,0.47137126099312315,0.3194513095409648
Exp6_Swish,swish,BraTS20_Training_029.npy,0.940533498487478,1.0,0.9494635208818681,0.9317698904648194,0.935393257770089,1.0,0.9007303206644167,0.9728308487104429,0.8783859509822661,1.0,0.8247675831875678,0.9394605375834955,0.8126768511242873,1.4142135623730951,0.8481984592545868,0.780010859424167,0.9287748776553773,1.0,0.9434103024285513,0.9145866039417547
Exp6_Swish,swish,BraTS20_Training_030.npy,0.8541276911981454,1.4142135623730951,0.8318585851647531,0.8776218947867307,0.6720775679964716,30.166206257996713,0.7811827266288683,0.5897141759012388,0.8118858573918042,1.4142135623730951,0.8398113500734895,0.7857577589991513,0.10537519938730673,33.436506994600975,0.16990846584720556,0.07636924639658203,0.8216055726377981,2.0,0.7868156863600079,0.8596143275992718
Exp6_Swish,swish,BraTS20_Training_031.npy,0.9145230438885729,1.0,0.921413670275934,0.9077347130119521,0.9029124465446559,1.0,0.8804687222817006,0.92653031051963,0.864485870416068,1.0,0.8338512151188763,0.8974573349247739,0.7749027813528995,3.0,0.7827466372824496,0.7672145701655345,0.8533866081575611,1.4142135623730951,0.8746862436305723,0.8330996547251402
Exp6_Swish,swish,BraTS20_Training_032.npy,0.8964956613892774,1.0,0.9571698109595586,0.8430551398135224,0.891734844065874,1.0,0.8848537000086898,0.898723850067756,0.7932465022705034,1.0,0.8597720371643083,0.7362765283995016,0.7845032820254648,4.123105625617661,0.6911147823933967,0.907073738893771,0.6490270955405405,2.449489742783178,0.7869900763098235,0.5522203306883643
Exp6_Swish,swish,BraTS20_Training_033.npy,0.9495669645004268,1.0,0.9558473331466443,0.9433685870363188,0.9488966812887237,1.0,0.9110654892584416,0.9900057997635275,0.9144087341490362,1.0,0.9286026604231353,0.9006421901728813,0.732337051334921,5.0,0.6253294984120183,0.8835280161104995,0.9272741810885248,1.0,0.9440899607241551,0.9110469511719601
Exp6_Swish,swish,BraTS20_Training_034.npy,0.9378490029526143,1.0,0.9445469733497267,0.9312453568618722,0.9134970913410545,1.0,0.862242969687175,0.9712296865134512,0.8036292343036453,2.23606797749979,0.7214899710513754,0.9068738418877991,0.8870810597995222,1.0,0.8859158351321256,0.8882493532567927,0.8677410279239097,1.4142135623730951,0.926933974215048,0.8156542760623197
Exp6_Swish,swish,BraTS20_Training_035.npy,0.8715293228642254,1.4142135623730951,0.8494558644590905,0.8947805619694337,0.8522155274634644,2.23606797749979,0.8200506138358673,0.8870066636256126,0.7979661976405827,1.0,0.9282416944488329,0.6997576433321658,0.5534116868367477,6.0,0.41981959391137574,0.8117077102852582,0.732556673797188,3.0,0.7297316685572781,0.7354036366236204
Exp6_Swish,swish,BraTS20_Training_036.npy,0.8652930859013988,1.4142135623730951,0.9320696162088036,0.8074450673168273,0.8642152458616904,1.0,0.8382045914436246,0.8918918902408518,0.822763543865221,1.4142135623730951,0.7588611257817914,0.898417792023807,0.6494464904708088,4.358898943540674,0.9025640871356567,0.5072046060787262,0.7524295195071541,3.605551275463989,0.8616130444451157,0.6678052940496966
Exp6_Swish,swish,BraTS20_Training_037.npy,0.8731686822106942,2.23606797749979,0.7823595365217197,0.9878265626461615,0.9427025129948722,1.0,0.9141594420728543,0.9730854476079588,0.8544542941235088,1.0,0.8177898318257252,0.894560668775534,0.8411813409653981,1.0,0.8324046751530595,0.8501450559583296,0.8455691053763448,2.23606797749979,0.7485241077448788,0.9715259480496381
Exp6_Swish,swish,BraTS20_Training_038.npy,0.9067347953673902,1.0,0.8946166573751112,0.9191857366884076,0.881048630252044,1.0,0.8471847530394265,0.9177324573680256,0.8028976756494118,1.4142135623730951,0.7724538474289758,0.8358396548746062,0.7895952592198477,2.23606797749979,0.7582947523550398,0.8235910320305981,0.8129435694466256,1.7320508075688772,0.8145860404053996,0.811307708529305
Exp6_Swish,swish,BraTS20_Training_039.npy,0.9066855487719092,1.0,0.9754305438498388,0.8469924306974692,0.9081646118554061,1.0,0.9045115149308489,0.9118473358537783,0.8661946759220841,1.0,0.8537346009248912,0.8790238413108904,0.8680952374062736,2.449489742783178,0.8832364326821117,0.8534644181437822,0.8401867382080467,1.4142135623730951,0.9427440228589176,0.7577537879714685
Exp6_Swish,swish,BraTS20_Training_040.npy,0.9451583234436939,1.0,0.9361512261897356,0.9543404264273382,0.9587904224746266,0.0,0.936741303167189,0.9819025519643662,0.8861690712486219,1.0,0.8434894961472618,0.9333979055701315,0.9356131023184485,1.0,0.9439425154837309,0.9274294015119241,0.912771681016827,1.0,0.909835617835199,0.9157267549506709
Exp6_Swish,swish,BraTS20_Training_041.npy,0.9507567418168165,0.0,0.9782827208921522,0.9247373702342272,0.8690764516432499,1.4142135623730951,0.828815479099786,0.9134486062310773,0.8100710130341698,1.7320508075688772,0.8210967140150547,0.7993374942039273,0.7189113081199573,5.0,0.5996868460342201,0.8973057364416019,0.9276869375731766,1.0,0.968087623648949,0.8905232059565383
Exp6_Swish,swish,BraTS20_Training_042.npy,0.952255996301311,0.0,0.9766369414211843,0.9290627031276811,0.9632749020237847,0.0,0.952435690869687,0.9743636646175812,0.8704005120819701,1.0,0.8456473267767681,0.8966465085779843,0.9433593747637822,1.0,0.9484894255042853,0.9382845183610856,0.9015710262936087,1.0,0.9686085013960234,0.84321223684565
Exp6_Swish,swish,BraTS20_Training_043.npy,0.7332899683118957,5.477225575051661,0.6174356780524631,0.9026638540338006,0.5262555984692122,5.830951894845301,0.35829223934818033,0.9906709688171116,0.3415898607673103,9.273618495495704,0.22599085279729095,0.6992924445838156,0.5432274597019977,7.0710678118654755,0.3752459654166746,0.9834966426843907,0.7329932618803545,6.164414002968976,0.6478148233193773,0.8439623051308515
Exp6_Swish,swish,BraTS20_Training_044.npy,0.7005646170951805,9.544604951510555,0.5831331589644213,0.8772191666321923,0.6913345961690872,4.123105625617661,0.6025358290929668,0.810830854519059,0.7580824943958286,3.605551275463989,0.7223795982834306,0.7974980391126033,0.0,27.046217184144066,0.0,0.0,0.6497666966189266,10.198039027185569,0.5381864325460393,0.8197153392903573
Exp6_Swish,swish,BraTS20_Training_045.npy,0.9470753254957985,1.0,0.9562239741955839,0.9381000766296061,0.9596890927230093,0.0,0.9754083741751536,0.9444684266150141,0.8986706553959479,1.0,0.9424400361951117,0.8587863695165798,0.8445530858304483,1.0,0.7931971962341728,0.9030194642664424,0.853194939882816,1.0,0.8530953243596348,0.8532945784513807
Exp6_Swish,swish,BraTS20_Training_046.npy,0.3486589186132177,20.97617696340303,0.215865940175041,0.9059937626677518,0.45903651285966085,8.602325267042627,0.49210525992036014,0.430132257446048,0.5839057871250943,5.656854249492381,0.4384672038432778,0.8737151119865623,0.10155610072435627,14.2828568570857,0.3803680748240445,0.058601133661615,0.2863782280948737,23.2163735324878,0.17164436270988329,0.8637283224512596
Exp6_Swish,swish,BraTS20_Training_047.npy,0.8857462544529778,1.700267083047449,0.826341573648904,0.9543535596255013,0.916172281347852,1.0,0.9067891911276564,0.9257515866681288,0.8615549884574616,1.0,0.9022218052866405,0.8243960936484506,0.8090187563068977,3.605551275463989,0.7515622414443504,0.8759875136321293,0.7631608575456258,3.605551275463989,0.6736519293702399,0.8801009050155622
Exp6_Swish,swish,BraTS20_Training_048.npy,0.6449931411419768,10.63014581273465,0.4824378397064066,0.972760498605089,0.8448780474067024,1.227817459304901,0.7506500989579598,0.9661584196126499,0.716268081735258,1.4142135623730951,0.594316508602075,0.9011887005855223,0.812160691957435,2.23606797749979,0.7901408395060504,0.8354430317539611,0.564192604265977,11.180339887498949,0.4113585226117781,0.8977311201339899
Exp6_Swish,swish,BraTS20_Training_049.npy,0.928299159883633,1.0,0.9333914589698306,0.9232621231968553,0.9518137509996603,0.0,0.9443489451131308,0.9593975093660828,0.864237583149192,1.0,0.9490271281199585,0.7933562410232389,0.34889434603690134,6.48074069840786,0.211940296398604,0.986111065457821,0.9189258437133356,1.0,0.9250977200093061,0.9128357739617754
Exp6_Swish,swish,BraTS20_Training_050.npy,0.938233509293492,1.0,0.928060585817979,0.9486319251020009,0.9380624920032591,1.0,0.8984581295871462,0.9813194097494912,0.8515335902191565,1.0,0.8906847182449036,0.8156794112610329,0.8301182729804957,2.23606797749979,0.7305254138405124,0.9611526464435689,0.6839829856063095,10.488088481701515,0.7905383617097531,0.6027405674064517
Exp6_Swish,swish,BraTS20_Training_051.npy,0.9361248627251144,1.0,0.9573661264327247,0.9158057078288254,0.9376305577625691,1.0,0.8949527168195552,0.9845826015388678,0.8831906548991156,1.0,0.8423502473541776,0.928193053957628,0.8625469914678725,1.0,0.8251292406717707,0.9035195645987704,0.9181350425096267,1.0,0.9495366096610582,0.8887439147592711
Exp6_Swish,swish,BraTS20_Training_052.npy,0.8762797307428235,1.4142135623730951,0.987783507488163,0.7873962322822086,0.9492326661587994,1.0,0.9310530200046684,0.9681363978980251,0.8696619683852591,1.0,0.880768404291942,0.8588321464432481,0.8784648179119356,1.0,0.8146683429540386,0.95310199589253,0.804422830347908,2.23606797749979,0.9767005781062436,0.6838077146772973
Exp6_Swish,swish,BraTS20_Training_053.npy,0.9586329280884416,0.0,0.9652710136113708,0.9520855180168408,0.8516169940679514,2.23606797749979,0.763393491183083,0.9628965758720819,0.8580119495611016,1.0,0.871936408840874,0.8445252343407558,0.6886510954374673,6.164414002968976,0.5552974358621942,0.9062965458276283,0.9365574032940664,1.0,0.9605694805726432,0.9137165440142737
Exp6_Swish,swish,BraTS20_Training_054.npy,0.9014854297396112,1.0,0.8330020625247825,0.9822378796034495,0.9379009670206121,1.0,0.90824070091165,0.9695638528768679,0.897970294350176,1.0,0.857569947402733,0.9423653760382926,0.8469060122249664,1.0,0.8725003745714924,0.8227704511232519,0.7796164818818105,2.0,0.6900002347396114,0.8959858464812146
Exp6_Swish,swish,BraTS20_Training_055.npy,0.9418508215291977,1.0,0.9701454020386423,0.9151599092659145,0.9489788898614526,1.0,0.9349004193639748,0.9634878518825134,0.8664717344236129,1.0,0.9691133709191941,0.7834900109836564,0.7628555276296332,5.477225575051661,0.6225023046072821,0.9849221765930881,0.9289899318785019,1.0,0.9632027535482705,0.8971242103603683
Exp6_Swish,swish,BraTS20_Training_056.npy,0.8705339583005884,1.4142135623730951,0.7894726692780347,0.9701464244490957,0.9207504526778086,1.0,0.8902027566947711,0.953469162667446,0.8738364209503307,1.0,0.8557015793372709,0.8927565666900159,0.8064333726164269,3.7416573867739413,0.7531095978020306,0.8678837040326116,0.657520504910155,4.358898943540674,0.5371673734394681,0.8473764252111206
Exp6_Swish,swish,BraTS20_Training_057.npy,0.9294805601774551,1.0,0.9014174900242978,0.9593471040159046,0.9114342642508864,1.0,0.913875190517025,0.9090063417259989,0.8602838524544649,1.0,0.8585858575890098,0.861988575752432,0.7827990605429257,4.123105625617661,0.7948555071614622,0.7711028934962941,0.9059710740480448,1.0,0.8741619915182534,0.9401825170764161
Exp6_Swish,swish,BraTS20_Training_058.npy,0.7124483863682467,6.6332495807108,0.6253914718659915,0.827662164392258,0.5412321705198273,9.0,0.5253635831731451,0.5580892346075336,0.6679952755624481,4.358898943540674,0.6745676793760172,0.6615497066351612,0.39941485048455666,12.68857754044952,0.37769509599533,0.42378505627939944,0.6484080847670488,8.06225774829855,0.5552123238877661,0.7792018475674526
Exp6_Swish,swish,BraTS20_Training_059.npy,0.7373785481193135,6.0,0.597345473957348,0.9631703365912838,0.8837803297987731,1.0,0.8345393109766555,0.939196520416957,0.8433641942771443,1.0,0.9325938486980048,0.7697183044386035,0.5124716514552408,3.605551275463989,0.37624860847670805,0.8033175165090637,0.7003177769518822,6.4031242374328485,0.5591528620007746,0.9368324895047552
Exp6_Swish,swish,BraTS20_Training_060.npy,0.9359551013070954,1.0,0.9337398419505839,0.9381808967756661,0.9447105647727517,1.0,0.9795250503968939,0.912285906699316,0.8371177714692346,1.0,0.8548726188134599,0.8200854188989883,0.9028127022935027,1.0,0.9485238038193029,0.8613048420332864,0.870252546852897,1.0,0.8458372060538655,0.8961192948218173
Exp6_Swish,swish,BraTS20_Training_061.npy,0.9112182032712594,1.0,0.8786107780222224,0.9463391976955063,0.9181604406467906,1.0,0.8880686048560265,0.9503630987547976,0.7971119127818687,1.0,0.8450704212414721,0.7543044537383105,0.8207757829618925,2.8284271247461903,0.7214306473954193,0.9518511395514078,0.6845965765388777,2.449489742783178,0.6563965162004065,0.7153284661090096
Exp6_Swish,swish,BraTS20_Training_062.npy,0.9514772200843129,0.0,0.9761938270744238,0.9279813229784144,0.9611132510630669,0.0,0.9950150543368995,0.9294455100803803,0.9005415078950139,1.0,0.9848057588877001,0.8295606972866194,0.9104001263655209,1.0,0.8625549775776914,0.9638648416845211,0.9066496231308541,1.0,0.9256049153471149,0.8884551147298063
Exp6_Swish,swish,BraTS20_Training_063.npy,0.8701968308041862,1.4142135623730951,0.8842065002797656,0.8566241843089626,0.7450980377095249,2.449489742783178,0.6100628910623539,0.956905498666119,0.6725226443246701,3.7416573867739413,0.5434782584583928,0.8819294392949645,0.5475460080709662,3.3166247903554,0.4654497983644094,0.6648044568937718,0.8238068808620945,1.4142135623730951,0.8859160524309568,0.7698357815299605
Exp6_Swish,swish,BraTS20_Training_064.npy,0.8647817201025751,2.23606797749979,0.8302770964013696,0.9022785785364155,0.9012911342402028,1.4142135623730951,0.8381699639801566,0.9746936754598949,0.7655022719334308,1.4142135623730951,0.694165958455348,0.853179713580988,0.8411159710555484,3.0,0.7976278556988345,0.8896196451800196,0.5135341534398149,9.486832980505138,0.5707997984338532,0.4667112228334218
Exp6_Swish,swish,BraTS20_Training_065.npy,0.7800424909075749,3.605551275463989,0.943467437186434,0.6648746531987791,0.9129106176306205,1.0,0.9397116620191044,0.8875959373914435,0.8840459143502813,1.0,0.9513068351188441,0.8256681142769791,0.7042864855980114,4.358898943540674,0.635029347993842,0.7904993813581075,0.737832576108365,4.58257569495584,0.9164572562152306,0.6174807524462573
Exp6_Swish,swish,BraTS20_Training_066.npy,0.9365972784804927,1.0,0.9457966655497531,0.9275751249167453,0.9084537306481788,1.0,0.8886229862954382,0.9291897734822199,0.8147580592828679,1.0,0.7976918628993747,0.83257046394535,0.8852409631888246,1.0,0.8649205402223065,0.906539171951667,0.9019502473184713,1.0,0.920899821471149,0.8837648089329169
Exp6_Swish,swish,BraTS20_Training_067.npy,0.9584623959066153,0.0,0.954572341093779,0.9623842857177367,0.9633243558195512,0.0,0.9840972599509961,0.9434102958066144,0.8887899453788043,1.0,0.9883422599863427,0.8074575270988242,0.8129068249893496,2.23606797749979,0.6996958534498993,0.9698247160308135,0.9304236754863975,1.0,0.9156402137705658,0.9456923434934272
Exp6_Swish,swish,BraTS20_Training_068.npy,0.9384714695042663,1.0,0.9601814514460196,0.9177215188348912,0.9028796055122953,1.0,0.8532342706370557,0.9586590695115083,0.8440315509749232,1.0,0.8537588646427242,0.8345233963018902,0.8288131303704749,4.47213595499958,0.7440205869694113,0.935418384231797,0.801558886999038,2.23606797749979,0.9100262507790557,0.7161946015607482
Exp6_Swish,swish,BraTS20_Training_069.npy,0.7458706008739239,12.36931687685298,0.611282979750602,0.9564557219039584,0.910066826585404,1.0,0.8518995674505712,0.9767594534608852,0.8236401399378034,1.0,0.8117842743191195,0.8358474403294596,0.8472860817075023,2.23606797749979,0.7591460251014893,0.9585814297202242,0.6524227229918497,14.866068747318506,0.512309041200527,0.8980285518727236
Exp6_Swish,swish,BraTS20_Training_070.npy,0.893999057689935,1.4142135623730951,0.8712533350304491,0.9179642575130128,0.7988487787519367,2.8284271247461903,0.6882899731654791,0.9517222457965743,0.7343432763023804,1.7320508075688772,0.7379737889523866,0.7307483093241524,0.6741113287659161,5.0,0.5261943838325891,0.9377075091401522,0.6463419351092309,3.605551275463989,0.7447396572999556,0.5709110790202614
Exp6_Swish,swish,BraTS20_Training_071.npy,0.9310801329274647,1.0,0.9675248412552273,0.8972813549231595,0.4027152795290164,19.235384061671343,0.7069448933964494,0.28155131310121945,0.8089846599666798,3.0,0.7048528236238243,0.9492179119892673,0.08993496723137888,23.0,0.3251338682645016,0.05218488973432576,0.7877907441776005,4.123105625617661,0.7399485775590946,0.8422471332498505
Exp6_Swish,swish,BraTS20_Training_072.npy,0.7975396464152361,3.4641016151377544,0.9234199084799886,0.7018620676009769,0.9472089420524757,1.0,0.9246899511537118,0.9708521208772309,0.8975749657971411,1.0,0.902263579795546,0.8929348284152278,0.7640569772067811,2.449489742783178,0.6727015552355479,0.8841244257229838,0.6021725134528073,6.0,0.8394062844820926,0.4694859618742653
Exp6_Swish,swish,BraTS20_Training_073.npy,0.9169387591534671,1.0,0.905209011679236,0.9289764866461556,0.933349549704041,1.0,0.9066099587060016,0.9617143925297861,0.8224612220599572,1.0,0.804334037204721,0.8414243051626404,0.847271462740861,1.4142135623730951,0.8159057426484058,0.8811451693447873,0.8436494517744361,1.4142135623730951,0.8410656031746772,0.8462492247378837
Exp7_Mish,mish,BraTS20_Training_001.npy,0.9228599305157282,1.0,0.8650305875922235,0.9889752687927527,0.9345456548261921,1.0,0.9817760794299464,0.8916508936084856,0.8881288002888114,1.0,0.9266094726672159,0.8527167780625234,0.8490273081715141,2.0,0.9029333672842496,0.8011951270965324,0.8838013270374602,1.4142135623730951,0.8026786139362592,0.9831648848116785
Exp7_Mish,mish,BraTS20_Training_002.npy,0.8907928584252427,1.0,0.9534817776089481,0.8358386644117588,0.9561919208053,0.0,0.9628875160972133,0.9495887997051988,0.8569659436091595,1.0,0.8453198948765921,0.8689373711051054,0.9492467138854329,1.0,0.9698689945743788,0.9294831544993899,0.8518939223780784,1.4142135623730951,0.9283778776676261,0.7870529515457372
Exp7_Mish,mish,BraTS20_Training_003.npy,0.7677978000206259,3.1622776601683795,0.8255107857800145,0.71762715798016,0.9166013059913709,1.0,0.9396944493709609,0.894615971179852,0.8589584611609448,1.0,0.9242828521538263,0.802258248980144,0.6794657706221555,2.23606797749979,0.5552523798737738,0.8752687983813162,0.7359376382786894,4.123105625617661,0.7965178705336257,0.683921103531917
Exp7_Mish,mish,BraTS20_Training_004.npy,0.9604540140303301,0.0,0.971698309716806,0.9494669747437237,0.93929093861559,1.0,0.9165372178023691,0.9632031762791956,0.8929771559373486,1.0,0.9450391544327617,0.8463518203279168,0.7603830107734342,4.47213595499958,0.653737373077033,0.9086059231944322,0.9471952333560923,1.0,0.9695205620511566,0.9258749403126654
Exp7_Mish,mish,BraTS20_Training_005.npy,0.7729618802397358,9.1104335791443,0.6399629302167724,0.9757437781805921,0.854703758396813,25.179356624028344,0.7619840963559379,0.9731141189815145,0.7690086617639779,25.019992006393608,0.7288668145865935,0.8138297863130038,0.59136898494452,29.698484809834994,0.4288709181525279,0.9521276532438321,0.4839271202461099,14.352700094407323,0.33531682159003406,0.8691121264313791
Exp7_Mish,mish,BraTS20_Training_006.npy,0.9345128615621033,1.0,0.8937916842893575,0.9791216758634971,0.9144314919374941,1.0,0.8646861735839432,0.9702498807062206,0.8297680782141731,1.0,0.9236350513414435,0.7532200062918536,0.5966429819803512,5.385164807134504,0.43840799009361986,0.9336126319329545,0.911931567278591,1.0,0.8768851953516853,0.949895951787225
Exp7_Mish,mish,BraTS20_Training_007.npy,0.9232342632206395,1.0,0.9330677891110828,0.9136058449561596,0.930269413137734,1.0,0.9213142189794766,0.939400404417582,0.8850297468362842,1.0,0.8936515653618257,0.8765727012636205,0.8515095489040211,15.66683592698534,0.8134196562289003,0.8933419492781449,0.8889287986923984,1.0,0.9041182328448628,0.8742413048350167
Exp7_Mish,mish,BraTS20_Training_008.npy,0.8129847817519474,1.4142135623730951,0.9480608794222823,0.7115988866344377,0.6139903692608598,10.677078252031311,0.792397655026333,0.5011557998097281,0.8612483122530384,1.0,0.7919075079115813,0.9438976285049446,0.10429447772780309,12.12435565298214,0.43312099152095596,0.059285091026285174,0.7972283395824745,1.4142135623730951,0.9254559622991564,0.7002099401551647
Exp7_Mish,mish,BraTS20_Training_009.npy,0.9158700837259195,1.0,0.8829285722009862,0.951364912134469,0.8102202836575751,3.7416573867739413,0.7722045188281463,0.8521729062022007,0.7254476717832867,2.449489742783178,0.6013044929173681,0.9141875743983907,0.6216114271575165,8.246211251235321,0.7474365038856932,0.5320457032278583,0.8112539376725061,2.449489742783178,0.7890418563669875,0.8347528143976991
Exp7_Mish,mish,BraTS20_Training_010.npy,0.8177662109400423,2.449489742783178,0.8033076172929781,0.8327548194491404,0.8323939876325859,9.992481155659856,0.886903058497422,0.7841972177190933,0.8945374164078486,1.0,0.8753282853772157,0.9146085538101557,0.31037566945270273,18.506740754428048,0.6660268586175268,0.20233236033625446,0.7842357682930096,3.0,0.7581100328545407,0.8122264452855832
Exp7_Mish,mish,BraTS20_Training_011.npy,0.9167596959814217,1.0,0.9612770454704381,0.8761831008645357,0.9145319154617468,1.0,0.9409270493004461,0.8895772586647438,0.7532313368812772,1.4142135623730951,0.9890890180306737,0.6082002123448347,0.4553239611321313,5.0990195135927845,0.30610471365173864,0.8883984811576389,0.8961804664471562,1.0,0.9439996240944845,0.8529723764473687
Exp7_Mish,mish,BraTS20_Training_012.npy,0.8726608257268104,1.4142135623730951,0.8436326927088632,0.903757772065505,0.9210558770685483,1.0,0.9018115931137541,0.9411393988642055,0.8410194167466891,1.0,0.8121546947728868,0.8720115030163375,0.7687045729612986,2.8284271247461903,0.779367140098105,0.7583298154435688,0.8074713279337449,2.449489742783178,0.7770803976016907,0.8403361340657789
Exp7_Mish,mish,BraTS20_Training_013.npy,0.9033049842928943,1.0,0.9053712853308505,0.9012480932952571,0.8893360157712324,1.0,0.83625730936618,0.9496093742581176,0.7028490691042512,1.4142135623730951,0.7390443160706999,0.6700336685296663,0.8621623051525066,1.4142135623730951,0.7738185968237247,0.9732774104574268,0.8305087329981681,1.7320508075688772,0.8559300714199691,0.8065538796460685
Exp7_Mish,mish,BraTS20_Training_014.npy,0.9024139941164774,1.0,0.9717206217229172,0.8423355756381756,0.8972957472272368,1.0,0.9312923142134915,0.8656938342039165,0.8420249833420052,1.0,0.9052816099834418,0.7870311190270729,0.5810081004832313,3.7416573867739413,0.5614263964324566,0.6020051286989915,0.8469908987245359,1.4142135623730951,0.9288368211766688,0.7784008768045497
Exp7_Mish,mish,BraTS20_Training_015.npy,0.9474883487909186,1.0,0.9525250025180166,0.9425046793180719,0.7542139240083009,4.358898943540674,0.6113028225313668,0.9843323000689267,0.8672961944083946,1.0,0.8621417453208823,0.8725126465739037,0.31306934345317966,10.876531090035648,0.1941210372402063,0.8084493480151255,0.9268939444424933,1.0,0.961481274885096,0.8947086240265383
Exp7_Mish,mish,BraTS20_Training_016.npy,0.9158102034376028,1.0,0.9536037028123049,0.8808981900305483,0.8025915603397049,3.605551275463989,0.6905213960638427,0.9580870677975997,0.6268923387432956,2.23606797749979,0.996239735249605,0.45733812426642073,0.06353761014431318,12.68857754044952,0.03315389824492749,0.760425177756131,0.8253948603248948,2.0,0.9308234636048557,0.7414189338774725
Exp7_Mish,mish,BraTS20_Training_017.npy,0.9274906337586043,1.0,0.9655919612818262,0.8922820447512613,0.8702151064645035,1.4142135623730951,0.8215616039960161,0.9249939503790677,0.8546341457856038,1.0,0.9454597770248097,0.7797294080468439,0.6097960664513874,4.455150403280785,0.4776779339927572,0.8429398418249688,0.9008128276471933,1.0,0.9521234795566409,0.8547497208862689
Exp7_Mish,mish,BraTS20_Training_018.npy,0.7278936624953558,5.916079783099616,0.8341434470153252,0.6456530185739122,0.48071072108955737,15.132745950421556,0.9700392879664083,0.3195275840162958,0.6097560964169679,14.7648230602334,0.9587020592406958,0.4470426397605429,0.13162452327113083,17.291616465790582,0.5571847343934095,0.07462686537852763,0.7110108654805991,6.6332495807108,0.7845877705433557,0.6500505620030435
Exp7_Mish,mish,BraTS20_Training_019.npy,0.9003883425323258,1.0,0.8708359018035856,0.9320170077386205,0.9050853678551534,1.0,0.8397819628949327,0.9814014327258552,0.8088836933826895,1.0,0.9167430949589901,0.7237329036816308,0.6082084850760364,4.358898943540674,0.4500652129214969,0.9376940975588236,0.7592616439666748,2.23606797749979,0.7607311824685027,0.7577977717404466
Exp7_Mish,mish,BraTS20_Training_020.npy,0.906348114675527,1.0,0.877714715881293,0.9369127101300129,0.8440317275660655,3.0,0.7438513933365855,0.9753960002039643,0.7338767060072002,1.4142135623730951,0.836436022842026,0.6537209367444405,0.7294167977195346,5.0,0.5861315648746749,0.9654233942855586,0.7426803477134267,5.0990195135927845,0.8562681740285245,0.6556989335635175
Exp7_Mish,mish,BraTS20_Training_021.npy,0.810902849928931,2.23606797749979,0.8140159528965174,0.8078134673789575,0.8987186230483425,1.0,0.9031575217795775,0.8943231425426671,0.697701825930817,1.4142135623730951,0.9856809823986646,0.5399489227655073,0.14919216174220637,9.695359714832659,0.08139534853190042,0.8930040784771984,0.7705135371343321,2.8284271247461903,0.7733175155428781,0.767729818956032
Exp7_Mish,mish,BraTS20_Training_022.npy,0.9440222240734648,1.0,0.9628145275899447,0.9259494563142807,0.924274280906763,1.0,0.8896106012698337,0.9617488263658743,0.8749758558331789,1.0,0.8701498266449976,0.879855715382988,0.8131075430775863,3.1622776601683795,0.744442654039592,0.8957263292027073,0.8805331865052102,1.0,0.939382620277105,0.8286225316352586
Exp7_Mish,mish,BraTS20_Training_023.npy,0.9061662197245477,1.0,0.8712399385085621,0.9440096959544674,0.9436740993070832,1.0,0.9067100302940146,0.9837801021582492,0.862419376890901,1.0,0.8496845562314305,0.875541736503164,0.8985817934543356,1.0,0.826984366630772,0.983751577931483,0.8383813906561267,1.4142135623730951,0.8064584477660472,0.8729357794160845
Exp7_Mish,mish,BraTS20_Training_024.npy,0.8782537697265519,1.4142135623730951,0.9067436924184457,0.8514996179432149,0.8245035709864799,6.164414002968976,0.8010523102024355,0.8493693398894853,0.8363480678485635,1.4142135623730951,0.7409093060537101,0.9600098280238284,0.5276633309831789,15.937377450509228,0.698344691921432,0.4240274323944337,0.8143566947056783,2.0,0.8629676404862493,0.770930214711615
Exp7_Mish,mish,BraTS20_Training_025.npy,0.9211448978193538,1.0,0.9623622968037416,0.88331312716278,0.9652943131406325,0.0,0.9830393668256957,0.9481785394480272,0.8993350771475541,1.0,0.9465381741831365,0.8566163106179638,0.9543387299684661,0.0,0.9427500508611881,0.9662158601451266,0.8407967189839408,1.4142135623730951,0.9008158122807665,0.788275878401582
Exp7_Mish,mish,BraTS20_Training_026.npy,0.9440506735713677,1.0,0.9542355886382016,0.9340808772620107,0.7967678126907162,3.1622776601683795,0.8133932916640239,0.7808083583225712,0.7106332541672381,2.449489742783178,0.7090724781597092,0.7122009160392835,0.4881214892913994,7.280109889280518,0.5220254511684387,0.4583528672774239,0.8988070368973012,1.0,0.906301789505863,0.8914352247600127
Exp7_Mish,mish,BraTS20_Training_027.npy,0.718801582409131,6.708203932499369,0.9964139957693533,0.5621735559801426,0.9122375710387424,1.0,0.919883523818564,0.9047176744824809,0.8268751554862711,1.0,0.7919451069260471,0.8650286751401013,0.8190933774707053,3.3166247903554,0.9062752792022706,0.7472129578397209,0.6052499531469575,9.1104335791443,0.979944221903736,0.43783725209255203
Exp7_Mish,mish,BraTS20_Training_028.npy,0.8609912561100858,1.7320508075688772,0.9208418786400812,0.8084458731796588,0.8530718862662171,1.4142135623730951,0.8385354136064189,0.8681212449988805,0.6543579902563493,2.0,0.5899902706842609,0.7344906462999723,0.8257913240908236,1.0,0.9199024883860308,0.7491491764759655,0.3907580619916529,5.385164807134504,0.5103938721546428,0.3165573396103174
Exp7_Mish,mish,BraTS20_Training_029.npy,0.9353385179513637,1.0,0.9171945917600046,0.9542147765877637,0.9402818466999568,1.0,0.9114146593029285,0.9710374625777558,0.8860828978990916,1.0,0.8493246783909408,0.926166792413606,0.8252569726130485,1.0,0.8298877682818206,0.8206775652997806,0.9227876125834619,1.0,0.9062903723081153,0.9398965879868854
Exp7_Mish,mish,BraTS20_Training_030.npy,0.8474842452311951,1.7320508075688772,0.852867453784227,0.84216856682914,0.7661733610593939,23.173260452512935,0.8030897799125114,0.7325017316556922,0.805311076778975,1.4142135623730951,0.8630671639891574,0.7548001695992033,0.11970370334902605,30.138014901655907,0.11556064007116339,0.12415488553070138,0.8292499386084331,1.7320508075688772,0.8315216201710897,0.8269906354124849
Exp7_Mish,mish,BraTS20_Training_031.npy,0.9205998555029891,1.0,0.9307276965356819,0.9106900566849548,0.9154929575848966,1.0,0.909904220289126,0.9211507721821521,0.8820129205753116,1.0,0.88900566583394,0.8751293235234001,0.7704695840146141,3.0,0.7300196393261525,0.815665089777743,0.8578273134294199,1.0,0.8751580574716141,0.8411696414088721
Exp7_Mish,mish,BraTS20_Training_032.npy,0.8930945216376732,1.0,0.9633962260515486,0.8323552422951371,0.8923872447881679,1.0,0.89110728577676,0.8936708855617544,0.7936402464197246,1.0,0.8743072248517126,0.7266011986385668,0.7898107708953342,4.123105625617661,0.6897165365581334,0.9238889819106266,0.637599498865218,2.449489742783178,0.7859977940617444,0.5363376463012808
Exp7_Mish,mish,BraTS20_Training_033.npy,0.9488998387217,1.0,0.9430843254817253,0.9547875194271004,0.9497371455849601,1.0,0.9123793878413552,0.9902847716073423,0.9170604625841934,1.0,0.9455306384249293,0.8902546604185999,0.7321143515221925,5.477225575051661,0.6044811878690616,0.928072110139676,0.9262172303191168,1.0,0.9281636390446075,0.9242789678627172
Exp7_Mish,mish,BraTS20_Training_034.npy,0.9412145748479777,1.0,0.9520273442005801,0.9306446618774464,0.9217849113109868,1.0,0.8796043123530944,0.9682147399020713,0.8282970351782746,1.4142135623730951,0.7713876378340615,0.894272291133549,0.8804460964360727,1.0,0.8641693014526055,0.897347814651504,0.8669879371744632,1.4142135623730951,0.9248733577477304,0.81592152837283
Exp7_Mish,mish,BraTS20_Training_035.npy,0.8583756906237838,2.23606797749979,0.8667525365560758,0.8501592129781022,0.8295401663550382,3.0,0.7950132756399325,0.8672021719952026,0.8001304440901278,1.0,0.9101475554735192,0.7138423738560024,0.5377482730298738,7.681145747868608,0.4177733231363178,0.7543925791762367,0.706840816211128,4.123105625617661,0.7765461325955854,0.6486186850097025
Exp7_Mish,mish,BraTS20_Training_036.npy,0.8716634366219718,1.0,0.9406368045462515,0.8121141521187454,0.8738342417087505,1.0,0.8639526776897135,0.8839444626487283,0.8417135952919211,1.0,0.8105752453794786,0.8753398852220459,0.6990154662516493,4.69041575982343,0.8495726350500404,0.5937873286285863,0.7731239088747702,3.1622776601683795,0.8785808716630885,0.6902700825049601
Exp7_Mish,mish,BraTS20_Training_037.npy,0.8847884115583803,1.7320508075688772,0.8016368668352118,0.9871864994005346,0.8860604824588004,2.449489742783178,0.924485806168415,0.8507019118403387,0.8332601051430653,1.0,0.7913624029547518,0.8798422632955677,0.7410636439494042,7.3484692283495345,0.88222440633429,0.6388449362034455,0.8476295911921541,2.23606797749979,0.7509637529098223,0.9728582112175719
Exp7_Mish,mish,BraTS20_Training_038.npy,0.8935980897386075,1.0,0.8752233865554083,0.9127608659588181,0.8560692597763377,1.7320508075688772,0.8260957848675496,0.8882996971557754,0.7792659367290693,2.23606797749979,0.7530802734896991,0.8073382251245994,0.7768528729431086,2.449489742783178,0.7471064807608927,0.8090662201701836,0.7800612391228331,2.23606797749979,0.7709382842140131,0.7894026938393083
Exp7_Mish,mish,BraTS20_Training_039.npy,0.899886043330016,1.0,0.9822768208238141,0.830247114685035,0.9174164020704622,1.0,0.9275949095974367,0.9074588472698257,0.8659440955063913,1.0,0.8876500850712224,0.8452743330274896,0.9029022437697096,1.0,0.8867894042526011,0.9196114538274804,0.8389815767578259,1.4142135623730951,0.954895690283266,0.7481626417991403
Exp7_Mish,mish,BraTS20_Training_040.npy,0.9441810052483034,1.0,0.9328345999276564,0.9558068300577707,0.9544035726860349,0.0,0.9261399378069992,0.9844465906371332,0.8776352578940936,1.0,0.8241913967888499,0.9384907446898478,0.9370717160283852,1.0,0.9464785750797915,0.9278500021091574,0.9111500931415881,1.0,0.9077166729389201,0.9146095855483839
Exp7_Mish,mish,BraTS20_Training_041.npy,0.9488113204277855,1.0,0.9701422806016645,0.9283982061036433,0.8456271795867772,2.0,0.8558354389821011,0.8356595737568855,0.8065684310648299,2.0,0.8453082046259545,0.7712238796761506,0.7026502002183291,4.242640687119285,0.6607515640377046,0.7502222199993416,0.9249234880406422,1.0,0.9475845980616637,0.9033209260399734
Exp7_Mish,mish,BraTS20_Training_042.npy,0.9561317188667743,0.0,0.9752985844000962,0.9377036797435272,0.962773412763412,0.0,0.9562929468525575,0.9693423094331065,0.8708976136433909,1.0,0.8619795712853323,0.8800021168325206,0.9357886225786125,1.0,0.9326787507891849,0.9389193020382607,0.9090297896769653,1.0,0.9594512397920352,0.8636432761919751
Exp7_Mish,mish,BraTS20_Training_043.npy,0.7976817078482343,3.0,0.7207245716634896,0.8930380372453279,0.7433073269517306,2.23606797749979,0.6305476244088404,0.9051788358696371,0.25007933909844704,13.0,0.15015243845216295,0.7476280693049703,0.7725486236293978,2.23606797749979,0.7542306163828599,0.7917785565135746,0.7682269710112849,4.123105625617661,0.7051105202351342,0.843753773966845
Exp7_Mish,mish,BraTS20_Training_044.npy,0.6546989813540354,15.021642645942318,0.5303916446316492,0.8551102872073495,0.7311178225645987,3.0,0.6670341749336595,0.8088235240051903,0.7642105236343489,2.23606797749979,0.7712464534614274,0.7573018028004047,0.013043477977315697,10.344080432788601,0.007462686381525215,0.0517241290130812,0.592683454580892,15.556349186104045,0.47381172100033936,0.791177036417668
Exp7_Mish,mish,BraTS20_Training_045.npy,0.9477760345388742,1.0,0.9545223952150201,0.9411243681611916,0.9575402890372066,0.0,0.9774591623907805,0.9384170246129163,0.8894591857309986,1.0,0.9558243090386033,0.8317115052547859,0.8185788277129967,1.4142135623730951,0.7304253258032714,0.9309309302141134,0.8527425161170146,1.0,0.8418348812096323,0.8639365212312449
Exp7_Mish,mish,BraTS20_Training_046.npy,0.5605968561468986,14.730919862656235,0.40627923603371324,0.9039426956630693,0.4563327023509779,9.273618495495704,0.7940789421442175,0.3201591503444054,0.797975862989584,1.4142135623730951,0.7553426620829575,0.8457095639792941,0.048511576447954514,15.362291495737216,0.40490795061914414,0.02580140724862624,0.46203520017261734,15.165750888103101,0.31437022562909356,0.8712989486856901
Exp7_Mish,mish,BraTS20_Training_047.npy,0.8891969429956847,1.4142135623730951,0.8339538739196599,0.9522780865662359,0.9321666183804064,1.0,0.9318671077769065,0.932466321426797,0.865824958057781,1.0,0.9139714381069431,0.8224971876202201,0.8360900668232075,2.8284271247461903,0.7863448501285023,0.8925542291929167,0.7697995530718201,3.0,0.6799273077377506,0.887048973681735
Exp7_Mish,mish,BraTS20_Training_048.npy,0.676015152372341,7.280109889280518,0.521837271958057,0.9595019488369375,0.8522709149764607,1.0,0.7726090702900633,0.9502487528420441,0.7373167961180473,1.4142135623730951,0.6408623192510421,0.8679495629200428,0.8089475584563712,2.23606797749979,0.776760557910137,0.8439173615614586,0.6024288579729251,7.874007874011811,0.45414694683290135,0.8944834956490805
Exp7_Mish,mish,BraTS20_Training_049.npy,0.9330487200713625,1.0,0.9249813814097357,0.9412580172378961,0.9559476123433839,0.0,0.9488611926324427,0.9631406740171414,0.8583116389508967,1.0,0.9487530804364125,0.7836124925676494,0.28327644809491087,6.324555320336759,0.16517412770971018,0.9940119165262326,0.923965370472505,1.0,0.9158713464719793,0.9322037319387261
Exp7_Mish,mish,BraTS20_Training_050.npy,0.9391336866068879,1.0,0.9300784142256803,0.9483670172741474,0.9500360579946981,0.0,0.9196436699973224,0.9825059176720214,0.8483086509607908,1.0,0.85531515163072,0.8414160078889192,0.8683283827558672,1.0,0.8097372927442211,0.9360599455548756,0.7030739042572945,8.831760866327848,0.7797388775147173,0.6401349737725718
Exp7_Mish,mish,BraTS20_Training_051.npy,0.9378014308764333,1.0,0.942888870531966,0.9327685959741906,0.942686867808377,1.0,0.905605559470431,0.9829345198893622,0.8854199184805573,1.0,0.8656238070464527,0.9061426624281951,0.8488214231163502,1.0,0.7729826910025114,0.9411603696191561,0.9199552037222655,1.0,0.9318950929730142,0.9083174031159041
Exp7_Mish,mish,BraTS20_Training_052.npy,0.8970696843693322,1.0,0.9882341158092839,0.8213044833410372,0.9448446109550422,1.0,0.9387809952699543,0.9509870653839435,0.8515959856529696,1.0,0.9062030468918191,0.8031960422303852,0.842710471414055,1.0,0.7377314385444339,0.9825233397593409,0.8334017794604035,1.4142135623730951,0.9715539593171538,0.7296479398562852
Exp7_Mish,mish,BraTS20_Training_053.npy,0.9578988663955628,0.0,0.9546595694405047,0.9611602209280967,0.8501137503703206,2.23606797749979,0.7611197950068117,0.9626744946601914,0.8370876476795732,1.0,0.8656436289847167,0.8103555179719352,0.695091251995442,6.324555320336759,0.549821620716982,0.9446899487602425,0.9361035508206175,1.0,0.9489953879327053,0.9235572831788901
Exp7_Mish,mish,BraTS20_Training_054.npy,0.8986213590304971,1.0,0.8274517156287953,0.9831857879830096,0.9440045865261542,1.0,0.9239258227544019,0.9649754406773343,0.9076369185360548,1.0,0.8888636139184143,0.9272203386687389,0.8500346600554305,1.0,0.8296496754929339,0.8714466189648664,0.7727745296878638,2.0,0.6722181765351487,0.908706972910991
Exp7_Mish,mish,BraTS20_Training_055.npy,0.9373387030794667,1.0,0.9744433963076008,0.9029560914530648,0.9290686108952375,1.0,0.9493971000207309,0.9095924189319883,0.833487416110176,1.0,0.9828003864064918,0.7235598352741575,0.7601869151773955,5.196152422706632,0.6251152772439053,0.969718643372154,0.926141250083489,1.0,0.9652823306665625,0.8900507239375772
Exp7_Mish,mish,BraTS20_Training_056.npy,0.8667114622738391,1.7320508075688772,0.7833992093351201,0.9698524846111967,0.9235356831939202,1.0,0.8906847463479051,0.9589026875985392,0.8718179160869485,1.0,0.858489313306567,0.8855669157907765,0.8128342240752309,3.0,0.7402018296876299,0.9012716089423181,0.6326524560100049,5.0,0.5143655994435183,0.821590820958196
Exp7_Mish,mish,BraTS20_Training_057.npy,0.926872489964278,1.0,0.8913036260646331,0.9653982140629953,0.9221715207803439,1.0,0.9192314224458158,0.9251304860741589,0.8699747295715744,1.0,0.8793683955887979,0.860779633071054,0.7957594818688761,3.605551275463989,0.7627818330810358,0.8317174486436376,0.9039020464026349,1.0,0.86445572378933,0.9471204770938394
Exp7_Mish,mish,BraTS20_Training_058.npy,0.69121719138872,7.14142842854285,0.7079674119371052,0.6752412582325227,0.3677289779135759,20.46948949045872,0.5645142521439708,0.2726761829064077,0.5512925725526813,17.74823934929885,0.8011329743572854,0.4202377225365673,0.22793101369270743,24.55605831561735,0.36185842361967335,0.16635964904984227,0.5550442319307893,9.219544457292887,0.5027383585357553,0.6194980052161738
Exp7_Mish,mish,BraTS20_Training_059.npy,0.8062932559137507,3.605551275463989,0.7731306424982134,0.8424283188251794,0.8967339075486698,1.0,0.9006271061233617,0.8928742185897932,0.7870085443179194,1.0,0.9820819028832602,0.6565887013314963,0.43260693758993596,3.7416573867739413,0.29744727749781047,0.7928993848254621,0.7806763283309889,4.0,0.745481232650249,0.8193592990000649
Exp7_Mish,mish,BraTS20_Training_060.npy,0.9328772544279484,1.0,0.9455797906007565,0.9205114757461241,0.906872615394914,1.0,0.9912829420818757,0.8357097512486669,0.8240336036714441,1.0,0.8976626262072331,0.7615675161255023,0.8539275597819029,3.1622776601683795,0.9362130945984241,0.7849378878402732,0.8431476987193833,1.4142135623730951,0.8107441620709175,0.878249254931008
Exp7_Mish,mish,BraTS20_Training_061.npy,0.8884881565239087,1.4142135623730951,0.8732934127553086,0.9042210203341992,0.895651830766093,1.0,0.8471290075711193,0.9500710872709952,0.755219970140057,1.4142135623730951,0.750306183787039,0.7601985407783488,0.8288666444713702,3.0,0.7464379169141642,0.9317604338806527,0.6541578909603945,3.605551275463989,0.6865371725565477,0.6246952698382554
Exp7_Mish,mish,BraTS20_Training_062.npy,0.9551645974672585,0.0,0.9696494165644204,0.9411061631965697,0.962149550638025,0.0,0.9949751747731899,0.931420678152909,0.89849131096196,1.0,0.988853133069418,0.8232613376724129,0.9055250833697591,1.0,0.8457616948991595,0.9743766908652176,0.9123258909234773,1.0,0.9167310096333281,0.9079629050215996
Exp7_Mish,mish,BraTS20_Training_063.npy,0.8296627663327328,3.0,0.7375908216156093,0.9479996058704417,0.6981132061458989,2.8284271247461903,0.5756372043176524,0.8867924483080446,0.41542202009231666,9.549817888851797,0.26530612127193376,0.9567999846912003,0.428911077370846,2.23606797749979,0.5880052074575592,0.33757484777264335,0.7825468078492572,3.3166247903554,0.7108613480098853,0.8703117378588509
Exp7_Mish,mish,BraTS20_Training_064.npy,0.847807857505678,2.8284271247461903,0.8547095965292794,0.8410166879752485,0.9069767441252262,1.0,0.8462664713435863,0.9770707813594164,0.7736613077520758,1.4142135623730951,0.7250637211200612,0.8292414326523154,0.8421268385770283,3.0,0.7830093493905945,0.9109001275696026,0.501384287091775,10.63014581273465,0.6946051303479596,0.3922661741381059
Exp7_Mish,mish,BraTS20_Training_065.npy,0.732773162619311,8.246211251235321,0.9243957275658895,0.6069545500878006,0.9251390984760507,1.0,0.9588466554158672,0.8937209848675275,0.8748590741264953,1.0,0.9724310742125633,0.7950819648855914,0.7357268938450447,3.7416573867739413,0.6115459822745012,0.9231905328923112,0.6893136718206238,11.224972160321824,0.8976340614965463,0.5594727974941716
Exp7_Mish,mish,BraTS20_Training_066.npy,0.9381536301799129,1.0,0.9485330133695027,0.927998942222663,0.9124408825169336,1.0,0.8984541744399106,0.9268699533416495,0.8169143377033024,1.0,0.8215810723351632,0.8123003185619577,0.8862431823594414,1.0,0.8488816938656832,0.9270448321917969,0.9036608862186157,1.0,0.9220886102779734,0.8859552781079042
Exp7_Mish,mish,BraTS20_Training_067.npy,0.9570288350192836,0.0,0.9438433327317708,0.970587959969438,0.9624780500158069,0.0,0.9869205724447809,0.9392169762188909,0.8740931613728259,1.0,0.9924382225356987,0.7809655365065825,0.7740535323009147,2.8284271247461903,0.6423083074737408,0.973789587460515,0.9270909902155676,1.0,0.897549814986093,0.9586429310868991
Exp7_Mish,mish,BraTS20_Training_068.npy,0.9339084104246346,1.0,0.9596600387653538,0.90950270949785,0.9054498816531282,1.0,0.863818621126299,0.9512971197274921,0.8370962840143443,1.0,0.8795744674612948,0.7985319678072681,0.826996522593913,4.58257569495584,0.7320617616651217,0.9502226873524872,0.7979748914964178,2.23606797749979,0.9042679308560132,0.7140421261404072
Exp7_Mish,mish,BraTS20_Training_069.npy,0.7701421247629253,10.099504938362077,0.6447854318621876,0.9560049054186578,0.9207897025232095,1.0,0.8786108961382773,0.9672224145207153,0.828276624238952,1.0,0.862772694733048,0.7964330001792754,0.8438434912759302,2.449489742783178,0.7454140321559675,0.9722222215651377,0.6800567107393375,12.206555615733702,0.5459397025135787,0.9015286516537382
Exp7_Mish,mish,BraTS20_Training_070.npy,0.903119025622821,1.0,0.8839356871541051,0.9231534757494384,0.7667977573815081,3.605551275463989,0.6492659976621702,0.9362867297657089,0.7223862283010443,2.0,0.7393078547129343,0.7062218885260706,0.6019838439647232,6.082762530298219,0.44958523690299196,0.9106837982651776,0.6324747786671786,4.123105625617661,0.7504012122189724,0.5465792120834564
Exp7_Mish,mish,BraTS20_Training_071.npy,0.9268698340934657,1.0,0.9670299942619502,0.8899123232567937,0.3941841218546053,19.1049731745428,0.7447967212634549,0.2680158329256052,0.8014519052624991,3.4641016151377544,0.7026252977703856,0.9326293548757874,0.12247106816200334,22.561028345356956,0.4923025426835634,0.06993439192024,0.7982321447107237,3.7416573867739413,0.7386479821420997,0.8682726805998451
Exp7_Mish,mish,BraTS20_Training_072.npy,0.7922375034745327,3.1622776601683795,0.9242868996489568,0.693202296180987,0.9470363716943156,1.0,0.9242517198553285,0.9709727910844406,0.8898771764711794,1.0,0.9109982014355041,0.8697133200158835,0.7108524000283255,3.1622776601683795,0.5815181512668381,0.9141713594512728,0.5925306857518622,5.477225575051661,0.8382382265923368,0.4582165326639543
Exp7_Mish,mish,BraTS20_Training_073.npy,0.9142719812185404,1.0,0.8972573505924981,0.9319443794195453,0.9438222760365725,1.0,0.9160021259873578,0.97338522316654,0.8285170063518275,1.0,0.8046511619401151,0.8538418386384276,0.883258542710902,1.0,0.8564734223370285,0.9117730887802551,0.8432347167434135,1.4142135623730951,0.833164189621905,0.8535516687633019
Exp8_ELiSH,elish,BraTS20_Training_001.npy,0.92273545833297,1.0,0.8668028222663374,0.9863843967351464,0.9391920782109607,1.0,0.9663772140867483,0.9134945822669378,0.8836988943878401,1.0,0.9076850980795599,0.8609477568172361,0.8690715179206174,1.0,0.8970407298471536,0.8427936966339394,0.8883853685523195,1.4142135623730951,0.8140639149221878,0.9776408802711972
Exp8_ELiSH,elish,BraTS20_Training_002.npy,0.8863697286300337,1.4142135623730951,0.9376026026120642,0.8404457404697605,0.9435238624267598,1.0,0.9677891648304863,0.9204456009442117,0.8561047605358377,1.0,0.8634906079348136,0.8488441896594954,0.9303181693766405,1.0,0.9656113526576295,0.8975139513977535,0.8427856698642602,1.4142135623730951,0.8997797140379008,0.7925817805799635
Exp8_ELiSH,elish,BraTS20_Training_003.npy,0.7256049670693945,4.0,0.8213842383261032,0.6498301304146326,0.9101358399815362,1.0,0.9337979069048568,0.8876433098403992,0.8601101481351532,1.0,0.9116077354516086,0.8141197473514454,0.7132974580069373,2.449489742783178,0.6330149981853342,0.8169013940686375,0.6890200075736673,4.58257569495584,0.7904203095603543,0.610678201946408
Exp8_ELiSH,elish,BraTS20_Training_004.npy,0.9535068980605377,0.0,0.9790967633350252,0.9292206057409514,0.9227097017547771,1.0,0.916957050708696,0.9285349881266325,0.8979070246259906,1.0,0.9339032969797376,0.8645826399304406,0.7497688580248171,4.0,0.6962626255593307,0.8121833382677232,0.932283527605329,1.0,0.9674830552944013,0.8995553836072484
Exp8_ELiSH,elish,BraTS20_Training_005.npy,0.7644399796696258,8.602325267042627,0.6268856507095271,0.9793292037486293,0.8442570035528437,9.486832980505138,0.7428246870557935,0.9777711314017433,0.7574685744368131,9.643650760992955,0.7054530704384218,0.8177652440162552,0.5934156366390625,30.430248109405877,0.43186582679884444,0.9480604802888858,0.4775495991674793,14.177446878757825,0.33097458936800483,0.857142853572916
Exp8_ELiSH,elish,BraTS20_Training_006.npy,0.9372096496774512,1.0,0.9028138511916014,0.9743301057563666,0.9245690400622835,1.0,0.8943042213771936,0.9569540378697019,0.812231115847277,1.0,0.9498115926602214,0.7094649217865482,0.5642821762667932,5.385164807134504,0.40229015314654454,0.9446813540100908,0.9167030042933636,1.0,0.8813321869985107,0.955031627262216
Exp8_ELiSH,elish,BraTS20_Training_007.npy,0.9184372856997898,1.0,0.9458744041783158,0.8925470416793426,0.9278652503385127,1.0,0.9280108811049379,0.9277196643015485,0.8809410261636139,1.0,0.8998213981168673,0.8628366793354559,0.8508033651862229,13.575703128995983,0.8181283083633657,0.8861970006815524,0.8817166502817331,1.0,0.9163732976033301,0.8495858605014054
Exp8_ELiSH,elish,BraTS20_Training_008.npy,0.819214380530887,1.4142135623730951,0.8939389406171877,0.7560186119876545,0.5910975930575129,8.12403840463596,0.781432742825784,0.47532236338229267,0.8338823490170242,1.4142135623730951,0.731626748706633,0.969365416090094,0.09919570979091348,16.921821895688492,0.4713375495963344,0.055430711195275574,0.7933977222439963,1.7320508075688772,0.8579579108782672,0.7378737094147007
Exp8_ELiSH,elish,BraTS20_Training_009.npy,0.9093357702578839,1.0,0.871655966477734,0.9504203897905956,0.8162465444562321,3.1622776601683795,0.7182684867332483,0.9451768764546717,0.7087973273084152,3.1622776601683795,0.575214632212488,0.9231909188323535,0.6939970148487145,6.6332495807108,0.706026186817311,0.6823708783371942,0.8316897540006909,2.23606797749979,0.8484798633729367,0.8155512510559008
Exp8_ELiSH,elish,BraTS20_Training_010.npy,0.8209097403166338,2.8284271247461903,0.779846609628776,0.8665376201346092,0.896848349353468,1.0,0.8645982258155588,0.9315975952371013,0.8772301418515437,1.0,0.8317627053425573,0.9279558756843229,0.6082644577829384,3.605551275463989,0.7063339595713252,0.5341073942800089,0.7872331369902499,3.1622776601683795,0.7457736445438294,0.8335736599274292
Exp8_ELiSH,elish,BraTS20_Training_011.npy,0.906710050406572,1.0,0.9680549784827899,0.8526765668014773,0.9096288074193922,1.0,0.9481545716988007,0.8741115841559066,0.7554582249947188,1.4142135623730951,0.9857984049431965,0.612372242482655,0.46892138868232575,5.0,0.3343471641660935,0.784803667594066,0.8840006121527124,1.0,0.9492591981616709,0.827137508270324
Exp8_ELiSH,elish,BraTS20_Training_012.npy,0.8686084566767086,1.7320508075688772,0.8330021132352285,0.9073946804661553,0.9242062539244412,1.0,0.9351449264068298,0.9135205274734303,0.8441821240774181,1.0,0.8381048035524782,0.8503482234578763,0.756535946167206,2.23606797749979,0.8027741621032762,0.7153341030693932,0.8008717958542302,4.0,0.7530848380713527,0.8551342961043662
Exp8_ELiSH,elish,BraTS20_Training_013.npy,0.900267822886083,1.0,0.9140033231373134,0.8869390402933974,0.9107204647689389,1.0,0.9053319567214778,0.9161735007197845,0.7031973780327676,1.4142135623730951,0.7704877425835907,0.6467165406344212,0.8846211398789738,1.0,0.8447980174878068,0.9283844613879337,0.8352915911226045,1.4142135623730951,0.8561187269349394,0.8154537284170548
Exp8_ELiSH,elish,BraTS20_Training_014.npy,0.8862220382505563,1.0,0.9681291909274771,0.8170930749287689,0.8896392392234513,1.0,0.9311063161479405,0.8517081799197944,0.8398813739495888,1.0,0.904829223645765,0.7836328905511373,0.5650905484862164,3.3166247903554,0.5580560985452749,0.5723046041116016,0.8202993594165463,2.0,0.9152638760776342,0.7431887447675416
Exp8_ELiSH,elish,BraTS20_Training_015.npy,0.9491494558279534,1.0,0.9568351065188858,0.9415862891591327,0.7473399583006145,4.47213595499958,0.6019686594999328,0.9852777768654836,0.8682040055724604,1.0,0.859475671118112,0.8771114376180575,0.31424816940656264,10.970393247567175,0.19296829948937372,0.8458817541895819,0.9269874980623851,1.0,0.9653470866122714,0.8915599573542209
Exp8_ELiSH,elish,BraTS20_Training_016.npy,0.914647911748053,1.0,0.9535958310279294,0.8787566645476221,0.8326845092142897,3.0,0.7497444134293012,0.936257522969099,0.5792232705214876,3.0,0.9963164753308906,0.40829611912438013,0.04610476482930096,12.68857754044952,0.023956365183431475,0.6109090853553719,0.8376887659256047,1.7320508075688772,0.9302882936302803,0.7618548547727303
Exp8_ELiSH,elish,BraTS20_Training_017.npy,0.9250809973466746,1.0,0.9755394522353594,0.8795856239829537,0.8827714654934731,1.0,0.8487822343490099,0.9195964292436194,0.8527793950347639,1.0,0.9481939833815024,0.774811852334417,0.6450140443776211,4.242640687119285,0.5240336606418006,0.838621317419262,0.9005871034091149,1.0,0.9634299385459436,0.8454405104111321
Exp8_ELiSH,elish,BraTS20_Training_018.npy,0.7495220964894558,4.123105625617661,0.9081718808543456,0.6380587442060446,0.504709069146292,13.892443989449804,0.9607072644366048,0.3422572172488938,0.663740855457177,13.638181696985855,0.9368731508149076,0.5139158559420198,0.12946729558507317,25.0,0.5630498368607086,0.07314285686421768,0.732370329662911,4.358898943540674,0.8627019263221964,0.6362497130740685
Exp8_ELiSH,elish,BraTS20_Training_019.npy,0.9065061860476448,1.0,0.8925040525852217,0.9209546694654238,0.9263093161508892,1.0,0.879739134238702,0.9780856008992557,0.793324887163809,1.0,0.9253031683223243,0.6942957633473805,0.6332031972279833,3.7416573867739413,0.4759642253810656,0.9455857839245128,0.7865630227296373,2.0,0.7986236555704844,0.7748612440951211
Exp8_ELiSH,elish,BraTS20_Training_020.npy,0.9014065904768057,1.4142135623730951,0.8695778073278754,0.9356539295012555,0.8052668609505846,3.7416573867739413,0.682983384850943,0.9808881324019139,0.7217296476029696,1.4142135623730951,0.8417075235589238,0.6316881534245316,0.6573573949275014,6.708203932499369,0.4946327181850345,0.9796402448925697,0.699119001781441,10.344080432788601,0.8470569110034755,0.5951725274946164
Exp8_ELiSH,elish,BraTS20_Training_021.npy,0.814740216335266,2.23606797749979,0.7792066849044422,0.853669410916485,0.8735829276235277,1.0,0.8087846166717506,0.9496685978672978,0.7011734019541416,1.5890240472305441,0.8954378924560842,0.5761731292561107,0.11177927091694632,10.862780491200215,0.05926481598175237,0.9813663986728944,0.7798813411139455,3.0,0.7502003909230176,0.8120076346305717
Exp8_ELiSH,elish,BraTS20_Training_022.npy,0.9427941459121902,1.0,0.9698317623873525,0.9172231862662654,0.9286762252536385,1.0,0.9090642031174514,0.949153119671079,0.8773059707244553,1.0,0.8821689254803968,0.8724963356280213,0.8069077816219971,3.1622776601683795,0.7582957468119397,0.8621794863899456,0.8829759364191739,1.0,0.9442384138779012,0.8291785762548196
Exp8_ELiSH,elish,BraTS20_Training_023.npy,0.9092036494553226,1.0,0.8735743985425249,0.9478627965836772,0.94741195906777,1.0,0.9148693364630439,0.9823551029393732,0.8655404473444397,1.0,0.864313796411892,0.8667705842043182,0.8887963341201197,1.0,0.8096828034456173,0.9850443113274663,0.8440951852032993,1.4142135623730951,0.807984065428663,0.8835851325963551
Exp8_ELiSH,elish,BraTS20_Training_024.npy,0.8697057004706864,1.4142135623730951,0.8790261729687543,0.860580807398534,0.8549693777038854,1.7320508075688772,0.7584642364044287,0.9796129408678718,0.8259930558992883,1.7320508075688772,0.7162091685790504,0.975526281172978,0.6902370422958648,6.164414002968976,0.6691333969442388,0.7127152028361021,0.8060485258274258,2.0,0.85928113038311,0.7590266993172081
Exp8_ELiSH,elish,BraTS20_Training_025.npy,0.916300188971483,1.0,0.9604014323896126,0.8760713486105295,0.9628739984739307,0.0,0.9883226310687575,0.9387030362998705,0.8936101546650144,1.0,0.9530201336815121,0.8411725984298656,0.9548270050654847,0.0,0.9458307655854227,0.9639960223120017,0.8273338960744833,1.4142135623730951,0.8852934732574207,0.7764971423962692
Exp8_ELiSH,elish,BraTS20_Training_026.npy,0.9455099728758853,1.0,0.9537986701459309,0.9373640952289606,0.7638469925700178,5.0990195135927845,0.7724343365587505,0.7554484842973139,0.7148065538485874,2.449489742783178,0.7038773438486748,0.726080515542837,0.3855230786867685,9.219544457292887,0.41140873862115446,0.3627020238798823,0.8910123806091547,1.0,0.898287027303232,0.883854612662543
Exp8_ELiSH,elish,BraTS20_Training_027.npy,0.7299558817472594,5.744562646538029,0.996729083994009,0.5758345396205166,0.918766629965807,1.0,0.9239365675347513,0.9136542274354433,0.8374905036599486,1.0,0.7893198085982579,0.8919228688700628,0.8059426225379392,3.4641016151377544,0.9090488837292859,0.7238428262410576,0.6118152162650734,8.18535277187245,0.9710925182560706,0.4465894896004428
Exp8_ELiSH,elish,BraTS20_Training_028.npy,0.8640529773827791,1.4142135623730951,0.8792850860048418,0.8493396222408776,0.7989878106782423,2.0,0.7475656924452676,0.8580067354118136,0.6243908305009381,2.23606797749979,0.560912333195425,0.7040705553540427,0.8019585548640741,1.4142135623730951,0.7985373484267154,0.8054092012549892,0.3823788543448026,4.358898943540674,0.47483588534858523,0.3200589966567613
Exp8_ELiSH,elish,BraTS20_Training_029.npy,0.9381636875713595,1.0,0.9415566709529026,0.9347950700718456,0.9408156145410836,1.0,0.9126318624389615,0.970795567586253,0.8867248498973589,1.0,0.846518153224841,0.9309413562288941,0.8260115583063249,1.0,0.8440637870994461,0.8087153321521486,0.9262327628938134,1.0,0.9337663990149087,0.9188197165818303
Exp8_ELiSH,elish,BraTS20_Training_030.npy,0.8158336020200025,3.7416573867739413,0.7640201732689054,0.8751859410206079,0.7843161695646951,21.840329667841555,0.7966316312566397,0.7723756896594528,0.8048911783396976,1.4142135623730951,0.8510326868579726,0.7634957677801346,0.14675880175466008,31.63858403911275,0.12757436997955166,0.17273431314690696,0.7970097283348229,3.7416573867739413,0.7409396119134599,0.8622607410835037
Exp8_ELiSH,elish,BraTS20_Training_031.npy,0.9183435103322818,1.0,0.9310835684217592,0.9059473915647637,0.8860344549560787,1.0,0.8724344802749063,0.9000651509700068,0.8571694164868302,1.0,0.8427161392603199,0.8721271158270467,0.7347530717237211,3.605551275463989,0.7271491150821134,0.7425177402923206,0.850114563206845,1.4142135623730951,0.8752712927934642,0.8263635228290783
Exp8_ELiSH,elish,BraTS20_Training_032.npy,0.8908597661222072,1.0,0.9665660373711071,0.8261514640607175,0.8759020721451207,1.4142135623730951,0.9226620763495915,0.8336529983755882,0.7698878800632284,1.4142135623730951,0.9047370062692283,0.6700224574691996,0.7462267457028945,5.0990195135927845,0.6756069649477476,0.8333333320267586,0.6211807724480678,2.8284271247461903,0.711686879038934,0.5510970711593127
Exp8_ELiSH,elish,BraTS20_Training_033.npy,0.9528682346993723,0.0,0.9538085140308425,0.9519298073487384,0.9501087371647032,0.0,0.9148429476843183,0.9882024211699106,0.9160570589746229,1.0,0.9386595034426514,0.8945175302729225,0.7359159920988251,5.0,0.6213755084814576,0.9022268599474133,0.9310101721758984,1.0,0.9407215182475224,0.9214972834649356
Exp8_ELiSH,elish,BraTS20_Training_034.npy,0.9449848370081547,1.0,0.9510991230001092,0.938948662008781,0.9199892648953933,1.0,0.8763365564351813,0.9682188817741872,0.8280336014364178,1.4142135623730951,0.7706508388167619,0.8946493057904157,0.8755313593169931,1.0,0.8567258570388101,0.8951809674180659,0.8743992699103316,1.0,0.9255816946583708,0.8285807615332652
Exp8_ELiSH,elish,BraTS20_Training_035.npy,0.8627061473687319,2.0,0.8504941905196238,0.8752739076321826,0.8401691659536492,2.23606797749979,0.7850356785626792,0.9036317182245811,0.7908217337683138,1.0,0.9226362208710592,0.6919629055048028,0.4983720164595477,7.681145747868608,0.3483671592965977,0.8752491859455994,0.6865915726847573,5.0,0.7379824936368264,0.6418921025174289
Exp8_ELiSH,elish,BraTS20_Training_036.npy,0.8838100019201299,1.0,0.9495412837631265,0.8265899343316754,0.8624641826088251,1.0,0.837856644332191,0.8885608839694449,0.8288344184208973,1.4142135623730951,0.7760991656476871,0.889258764116159,0.6737825171862407,4.69041575982343,0.8632478484914898,0.5525164053335185,0.7789219237230254,3.0,0.887615688753178,0.6939443529210575
Exp8_ELiSH,elish,BraTS20_Training_037.npy,0.8921242874958984,1.4142135623730951,0.8151402061079108,0.985166079617096,0.9439180206354417,1.0,0.9355345907974101,0.9524530583402038,0.8546224661831405,1.0,0.8489463795472937,0.8603749641525409,0.8549145412606258,1.0,0.8443133389661168,0.8657853452097408,0.8675244983931124,1.7320508075688772,0.7828529570124061,0.9727330226641624
Exp8_ELiSH,elish,BraTS20_Training_038.npy,0.8975408003075375,1.0,0.8857584113749852,0.9096408744862761,0.8532061319732178,1.7320508075688772,0.8613117509757456,0.8452516508639114,0.7781082687279517,2.23606797749979,0.7868077159150352,0.7695990907443601,0.7818914249079746,2.8284271247461903,0.7862654313404076,0.7775658138329208,0.7912988592292923,2.23606797749979,0.7699236340904776,0.8138948476132071
Exp8_ELiSH,elish,BraTS20_Training_039.npy,0.8884516368728967,1.4142135623730951,0.9883516863077638,0.8068929683523486,0.9165590415263594,1.0,0.9515721942625028,0.8840310679087338,0.8679105853065174,1.0,0.9157180719509449,0.8248472499298777,0.8903734699852113,1.7320508075688772,0.8932493525625819,0.8875160447889666,0.8194733650307765,2.0,0.9468554892806895,0.7223009546912852
Exp8_ELiSH,elish,BraTS20_Training_040.npy,0.9454944905252183,1.0,0.9312952689046734,0.9601333997040569,0.9567631606145347,0.0,0.9314056709309616,0.9835400056629415,0.8841164093434176,1.0,0.8407802597362537,0.9321626613067641,0.9386517621632301,1.0,0.9405611026889834,0.9367501573685802,0.9139324826070643,1.0,0.9051280649986206,0.922909868369557
Exp8_ELiSH,elish,BraTS20_Training_041.npy,0.9460065879910519,1.0,0.9818928291948902,0.9126509986429651,0.8574526211642081,1.4142135623730951,0.8616752367631175,0.8532711886300094,0.8162921004902741,1.4142135623730951,0.8865331751255946,0.756364447569937,0.6774992251973085,5.385164807134504,0.5712421696992637,0.8323193884702684,0.9215019826073074,1.0,0.9623575942391471,0.8839740403546184
Exp8_ELiSH,elish,BraTS20_Training_042.npy,0.9497752176910808,1.0,0.9834742001158734,0.9183091320286462,0.9612377476243993,0.0,0.965718956506062,0.9567979345624624,0.8740306556853409,1.0,0.873645460220021,0.8744161905166496,0.9342177445179248,1.0,0.9432024164435033,0.9254026277416251,0.8986044173720028,1.0,0.9671217135341212,0.8391532527518828
Exp8_ELiSH,elish,BraTS20_Training_043.npy,0.580464356530045,8.06225774829855,0.41780437617414184,0.9505227322206888,0.42125428471339554,5.656854249492381,0.27108746396173444,0.9443942091121418,0.21669394364420966,11.224972160321824,0.1261432922021978,0.7679814206964868,0.4744280919795598,5.385164807134504,0.32034631971596556,0.9140932009315373,0.5705252142550497,10.488088481701515,0.421929145637409,0.8806882016287302
Exp8_ELiSH,elish,BraTS20_Training_044.npy,0.8069479175799315,2.8284271247461903,0.775091383407263,0.8415353209879037,0.6979527537072354,4.123105625617661,0.6108048477904915,0.8141072680815042,0.7373036144051749,3.605551275463989,0.7145892300666485,0.7615094282150232,0.07762556900398244,5.8563091106185015,0.042288556161976215,0.4722220910494191,0.7776158031780513,3.0,0.7538647895974476,0.8029120840431824
Exp8_ELiSH,elish,BraTS20_Training_045.npy,0.9444232825826699,1.0,0.9564459192800052,0.93269914550252,0.9543209983231302,0.0,0.9770490047476551,0.9326263467185343,0.8927126712775542,1.0,0.9464123062072632,0.8447796922141918,0.8263056090179544,1.4142135623730951,0.7742870947472891,0.8858169747817135,0.841347530545762,1.0,0.8384878831304841,0.844226750040693
Exp8_ELiSH,elish,BraTS20_Training_046.npy,0.15152434396290904,28.861739379323623,0.08246656758503478,0.9319029821769186,0.07949526763725383,36.818472020424785,0.041447368148372576,0.9692306201183661,0.08298171530955194,37.067505985701274,0.043478260549165364,0.9076921680473587,0.0,373.0,0.0,0.0,0.1535828087974132,29.068883707497267,0.08374016423992298,0.9254204984912074
Exp8_ELiSH,elish,BraTS20_Training_047.npy,0.8849266985426889,1.7320508075688772,0.8227690683733216,0.9572434474480894,0.9370296965133473,1.0,0.934244770598232,0.9398312753022445,0.8532289052883898,1.0,0.9089403453301645,0.8039524597004,0.8538996441154252,2.23606797749979,0.7896842450687108,0.929483187683109,0.7566456495765344,3.3166247903554,0.6585171933074201,0.8891402279518565
Exp8_ELiSH,elish,BraTS20_Training_048.npy,0.6749844318399197,8.18535277187245,0.5189985975857593,0.9650238467631009,0.9004781815593572,1.0,0.8705576397845777,0.932528626021267,0.7847831849300793,1.0,0.7226849548129106,0.8585564560037459,0.8080463661505408,1.4142135623730951,0.834507036376711,0.7832121560924511,0.6031563543574529,8.717797887081348,0.4477461399457886,0.9238034249049116
Exp8_ELiSH,elish,BraTS20_Training_049.npy,0.929055117318586,1.0,0.9382776595393025,0.9200121111174416,0.9559307624976843,0.0,0.9671250516391813,0.9449926497060831,0.8593044528867548,1.0,0.9649218937656292,0.7745270550494346,0.3436988515245593,5.830951894845301,0.20895522180144058,0.9677418908874704,0.9197107542669911,1.0,0.9286890611066312,0.9109043845414039
Exp8_ELiSH,elish,BraTS20_Training_050.npy,0.9322513705402822,1.0,0.929465403063847,0.9350540893523326,0.9483755387399864,1.0,0.9198713083255119,0.9787027915685171,0.8445774528924943,1.0,0.9003692424368824,0.7952965408419029,0.8441612901864256,1.4142135623730951,0.7472587090955857,0.9699406964529501,0.6786534315310843,10.770329614269007,0.7741779490859301,0.6041129484912189
Exp8_ELiSH,elish,BraTS20_Training_051.npy,0.9409521485977578,1.0,0.9519042526156203,0.9302491960667002,0.9374518743891926,1.0,0.9016178643604775,0.9762521582924673,0.8846229802564984,1.0,0.8544830210953964,0.9169669170349108,0.8455438503425923,1.4142135623730951,0.8028770492180781,0.8929999977674999,0.9231494222105545,1.0,0.9416628210139149,0.905349946305935
Exp8_ELiSH,elish,BraTS20_Training_052.npy,0.9005171195183592,1.0,0.9895859407726465,0.8261578329656082,0.947907540620019,1.0,0.9452321746218452,0.9505980935658592,0.8642974186479427,1.0,0.9056664510563786,0.8265426044793902,0.8681773390461307,1.0,0.7920186935250428,0.9605406562883352,0.8388739760412152,1.4142135623730951,0.9725114697895426,0.7375268522170201
Exp8_ELiSH,elish,BraTS20_Training_053.npy,0.9590469755952482,0.0,0.9688653230784257,0.9494256272425792,0.8657853808020255,2.23606797749979,0.7911041633313892,0.9560364068028872,0.8470762237351032,1.0,0.8851843664327839,0.8121138450196356,0.7069062035182929,6.0,0.5762050936893677,0.9142969972165653,0.9383968090516571,1.0,0.9633366752786575,0.9147156935222073
Exp8_ELiSH,elish,BraTS20_Training_054.npy,0.9026270103889769,1.0,0.8352022000331017,0.9818940683995805,0.9400352732390824,1.0,0.9115006410561401,0.9704142009073695,0.9004519523841,1.0,0.8643291194019663,0.9397258334723976,0.8399140670865145,1.0,0.8523530283380649,0.8278329427163654,0.7839073452176686,1.7320508075688772,0.6947922292887664,0.8992460169952431
Exp8_ELiSH,elish,BraTS20_Training_055.npy,0.9315044006345014,1.0,0.9738116000486028,0.892720212675777,0.9406102734064336,1.0,0.9532583654293061,0.9282934224366427,0.8546022331791657,1.0,0.9778343011411891,0.7589545917467758,0.7544432347166818,4.964642819948188,0.6394097746089613,0.919946924104496,0.9168515871833298,1.0,0.9629261595473153,0.8749848733674974
Exp8_ELiSH,elish,BraTS20_Training_056.npy,0.8698599569809103,1.4142135623730951,0.7892220185502319,0.9688513335300595,0.9217964508902692,1.0,0.889688634398095,0.9563084996524338,0.8709662878873791,1.0,0.8551263326451939,0.8874041415771666,0.8057077329559768,3.4853190641866383,0.7420793232315427,0.8812709017819526,0.6509400703140599,4.242640687119285,0.534082143977014,0.833258122116984
Exp8_ELiSH,elish,BraTS20_Training_057.npy,0.9305107303696093,1.0,0.9012736385675412,0.9617083076368832,0.918127431319028,1.0,0.9329195707082812,0.903797050569313,0.8629926628772151,1.0,0.880877741923978,0.8458193970503686,0.7933544291244392,3.3166247903554,0.796125751679499,0.7906023311554641,0.9080576871587684,1.0,0.8730679692054258,0.9459690423362918
Exp8_ELiSH,elish,BraTS20_Training_058.npy,0.6802905840660176,6.782329983125268,0.5568099690592836,0.8741447480016942,0.40628230337581034,7.0710678118654755,0.35439208821734025,0.4759746851504222,0.6257967481015565,5.385164807134504,0.6513118654571975,0.6022053747729768,0.16460751268900067,11.0,0.12583476423789852,0.23791486248572358,0.6297247767311511,7.810249675906654,0.50756758208229,0.8293182868287411
Exp8_ELiSH,elish,BraTS20_Training_059.npy,0.7420089746307653,6.4031242374328485,0.6220387373169076,0.9193134510353461,0.894385355195683,1.0,0.8721659388704006,0.9177664928032158,0.7988807247328411,1.0,0.9744027220614102,0.6769413119327723,0.386824321057227,4.358898943540674,0.2541620393544724,0.8091872505587545,0.7061301124768775,6.782329983125268,0.5835604946179239,0.8938780748417305
Exp8_ELiSH,elish,BraTS20_Training_060.npy,0.9303878930994377,1.0,0.9403532498606997,0.9206315363211285,0.916731895474003,1.0,0.9836084561298556,0.8583704001065582,0.8233081599649412,1.0,0.866250308640706,0.784422419629082,0.865400454023161,2.449489742783178,0.9443839193025472,0.7986088715285785,0.844296680111055,1.4142135623730951,0.8189198928582961,0.8712965203698844
Exp8_ELiSH,elish,BraTS20_Training_061.npy,0.9023881400725552,1.0,0.8806227540691628,0.9252566937158966,0.9089833579505547,1.0,0.8594332581212281,0.9645965843952155,0.777794095478195,1.0,0.8107777084954414,0.7473892171219458,0.8076660981195348,3.0,0.6892992138858691,0.9751131201663655,0.6727331812331926,3.0,0.6932350961912457,0.6534090900840794
Exp8_ELiSH,elish,BraTS20_Training_062.npy,0.9524756563000214,0.0,0.9739842089022291,0.9318965284444335,0.9594576426511496,0.0,0.9961516219026236,0.9253709224581156,0.8978568514449476,1.0,0.9860995916179214,0.824110014188724,0.9106441319084967,1.0,0.8631047576653815,0.9637256537955659,0.9074705616912538,1.0,0.9202109726583425,0.8950781174677557
Exp8_ELiSH,elish,BraTS20_Training_063.npy,0.8552415981089311,1.4142135623730951,0.9780497124450863,0.7598336299703901,0.7214444580381467,3.605551275463989,0.9126117149532879,0.596495022508665,0.7428571413729128,2.449489742783178,0.8247559856931854,0.6757542687177235,0.38514025631106796,5.385164807134504,0.6623207214821288,0.2715125586771109,0.751684484434604,2.23606797749979,0.8322060863017644,0.6853702484556272
Exp8_ELiSH,elish,BraTS20_Training_064.npy,0.8298021450785223,3.7416573867739413,0.8526744245835542,0.8081248700942535,0.9026548671955195,1.4142135623730951,0.8341404811810463,0.9834316906191455,0.7622384096607447,1.4142135623730951,0.6993769468424307,0.8375161090559872,0.8443211290374183,2.8284271247461903,0.7846236629706456,0.9138507335577764,0.4890595476546475,13.601470508735444,0.7567907439909515,0.36125701582937925
Exp8_ELiSH,elish,BraTS20_Training_065.npy,0.7585453358188934,4.47213595499958,0.933791053989484,0.6386829239746572,0.9226653065069877,1.0,0.9491480971188778,0.8976202258363405,0.8818845373558651,1.0,0.951664873069585,0.8216383282175013,0.7501372830854625,3.605551275463989,0.6682974494295749,0.8548185124553378,0.7158646741755597,5.700708448015204,0.9074486743599409,0.591074737309736
Exp8_ELiSH,elish,BraTS20_Training_066.npy,0.9351013025631859,1.0,0.9475871153577373,0.9229402472816958,0.8966374457357591,1.0,0.8864885836061778,0.9070213745569311,0.8052310370210805,1.0,0.7994229650324028,0.8111241208300655,0.8760380033844258,2.0,0.8615361964956796,0.8910363705812869,0.8935860872455867,1.0,0.9133098621660395,0.8746962098231567
Exp8_ELiSH,elish,BraTS20_Training_067.npy,0.9585510530391207,0.0,0.9507048020319864,0.9665278933327294,0.9617012923764682,0.0,0.988188182135868,0.9365972200702843,0.8797652786555895,1.0,0.9919881167610443,0.7903532362236495,0.7908816876455907,3.0,0.6720025606915299,0.9608606077353392,0.9288826757864993,1.0,0.905956529715348,0.9529992862505773
Exp8_ELiSH,elish,BraTS20_Training_068.npy,0.9329409501690529,1.0,0.9697406839248921,0.8988320578495639,0.9035303401475988,1.0,0.877557638753005,0.9310873370460813,0.8406587852074168,1.0,0.8851063823509884,0.8004618043740224,0.8215499376097388,3.7416573867739413,0.7502270659248022,0.9078585816035546,0.794527687148529,2.23606797749979,0.9036751626286412,0.7089049056003903
Exp8_ELiSH,elish,BraTS20_Training_069.npy,0.790622258814772,9.433981132056603,0.6780208543204733,0.9480720542640592,0.9244383322733616,1.0,0.8852815709338138,0.9672192677612702,0.8294044662439812,1.0,0.8553515444595026,0.8049852484767384,0.8534579760369722,2.0,0.7664006628840291,0.9628279402624648,0.713064016904572,12.206555615733702,0.5904967456420517,0.8998406905673672
Exp8_ELiSH,elish,BraTS20_Training_070.npy,0.8953040389795558,1.0,0.873696247119842,0.9180077184668303,0.7729255417144001,3.1622776601683795,0.6452984184534096,0.963483264518477,0.7105631608935271,2.23606797749979,0.7168641601531318,0.704371963370829,0.6233023155890919,6.928203230275509,0.4590782058913728,0.9704613644313003,0.6551525189080507,3.605551275463989,0.7846380167686171,0.5623502346521134
Exp8_ELiSH,elish,BraTS20_Training_071.npy,0.9319928885313099,1.0,0.9667330860659841,0.899662902665484,0.4037310223259797,20.12461179749811,0.6581473090379881,0.291173664052678,0.8206219160726828,2.8284271247461903,0.7211614950507864,0.9519059110029341,0.10007036194718412,24.041630560342615,0.3212851400246233,0.05926474671751559,0.7857629440895206,3.7416573867739413,0.7500977325472051,0.8249890441765002
Exp8_ELiSH,elish,BraTS20_Training_072.npy,0.784958025269131,3.4641016151377544,0.93111135870755,0.6784621631985503,0.9493340471466285,1.0,0.9323809104403389,0.9669151061245875,0.8940288070348162,1.0,0.9124539717088305,0.8763330315332035,0.7425011023695958,3.0,0.6348892026073653,0.894037975177217,0.5860958997638721,5.916079783099616,0.8507165035609479,0.4470410347100856
Exp8_ELiSH,elish,BraTS20_Training_073.npy,0.9206492131417678,1.0,0.918663941032219,0.9226430841422512,0.9463741076822201,1.0,0.9439423468935304,0.9488184295518237,0.8426285532377253,1.0,0.8600422823889616,0.8259059985525267,0.8704011058987544,1.0,0.842549202245884,0.9001573438704659,0.8503676802813676,1.0,0.8487495466296667,0.8519919953239978
Exp9_HardELiSH,hard_elish,BraTS20_Training_001.npy,0.91723445726168,1.0,0.8595859414944779,0.9831712789295107,0.9381827899664595,1.0,0.975408127596293,0.9036943274470749,0.8814526859841961,1.0,0.9072525409461277,0.8570796155904516,0.8566796167344735,1.4142135623730951,0.9066891142221789,0.8118984107550166,0.879460460097747,1.4142135623730951,0.8009866068823587,0.9749807822693533
Exp9_HardELiSH,hard_elish,BraTS20_Training_002.npy,0.8817210239373588,1.4142135623730951,0.9529892843994583,0.8203705130115919,0.9452758259206465,1.0,0.9549939519033713,0.9357534924302935,0.8381111696159143,1.0,0.8415025181836884,0.8347470450852059,0.9483593324645727,1.0,0.9623362434908993,0.9347826077043663,0.8396594254051918,1.4142135623730951,0.9256681675486542,0.7682749246402817
Exp9_HardELiSH,hard_elish,BraTS20_Training_003.npy,0.7244682309970538,3.7416573867739413,0.8855637934426263,0.6129624037774974,0.9147141506028731,1.0,0.915572230191444,0.9138576754578446,0.8563273059683995,1.0,0.9006003972628405,0.8162031414262299,0.6878761763725179,3.0,0.5457025846425295,0.9302325365062202,0.6910291890504687,4.242640687119285,0.8665822975661213,0.5746217417483479
Exp9_HardELiSH,hard_elish,BraTS20_Training_004.npy,0.9502254078933741,0.0,0.964216493240917,0.9366345452125036,0.9288710201175984,1.0,0.8972249041113293,0.9628311403122946,0.888626004353145,1.0,0.917450965645915,0.8615571442035103,0.7638068769458105,4.358898943540674,0.6663636356905418,0.8946297790959726,0.9372407440392327,1.0,0.9661385780467464,0.910021410920933
Exp9_HardELiSH,hard_elish,BraTS20_Training_005.npy,0.7902810975248021,4.69041575982343,0.6723472168705416,0.9583883744617728,0.8509551968468045,4.123105625617661,0.7572889051440448,0.9710623412594074,0.7638800924826472,3.7416573867739413,0.7335292917762728,0.7968509130182219,0.5124039505765007,31.910812406668768,0.3495058390251397,0.959703939476119,0.5028284092784114,8.306623862918075,0.38597619751370826,0.7211538439869175
Exp9_HardELiSH,hard_elish,BraTS20_Training_006.npy,0.9380076796385113,1.0,0.9060154973411217,0.972341904024991,0.8934802458277858,1.0,0.8195890103150347,0.9820152546548868,0.8136258920628373,1.0,0.8636254305846126,0.769098957315044,0.5799088321006585,6.164414002968976,0.4267554477266165,0.904522612098233,0.9054333944547057,1.0,0.8954585494852041,0.915632969676528
Exp9_HardELiSH,hard_elish,BraTS20_Training_007.npy,0.8931631979361094,1.0,0.9564121307493855,0.8377608477779042,0.9239931040463913,1.0,0.9253949974621796,0.9225954507379559,0.8769085464529289,1.0,0.9045299546930834,0.8509240860685443,0.8479105160044889,15.754359366030792,0.8031194796847573,0.8979927578216756,0.8494582806531844,1.4142135623730951,0.9282962467856871,0.7829631079909904
Exp9_HardELiSH,hard_elish,BraTS20_Training_008.npy,0.8051214217718062,2.0,0.937326196532211,0.7056003239756898,0.8470972982538949,1.0,0.7573099359845765,0.961038952123943,0.8515303752785273,1.0,0.7696118846439977,0.9529652254298034,0.4357976484125429,4.47213595499958,0.356687875370199,0.5599999440000056,0.7943995862277555,2.0,0.9339984408623544,0.6911045490700598
Exp9_HardELiSH,hard_elish,BraTS20_Training_009.npy,0.8939526838556463,1.4142135623730951,0.8369852118606148,0.9592412302953548,0.8163975733676785,3.605551275463989,0.735027603926849,0.918026074273122,0.6948614565503424,3.0,0.5569635173067398,0.9235129321377572,0.6709265174514616,7.810249675906654,0.7371036438172016,0.6156532048831763,0.817747643980121,2.23606797749979,0.7886819998983475,0.8490375993835946
Exp9_HardELiSH,hard_elish,BraTS20_Training_010.npy,0.8385280513843054,1.4142135623730951,0.8490758125723228,0.8282391364888135,0.9026293847824283,1.0,0.8515870734178052,0.9601805562466862,0.8893405960733877,1.0,0.8448941745019402,0.9387229644031532,0.6636970972862238,4.488701915993016,0.571976956391997,0.7904509074150954,0.8104354205733407,1.7320508075688772,0.8311608028513019,0.790718486118456
Exp9_HardELiSH,hard_elish,BraTS20_Training_011.npy,0.8953100883177257,1.4142135623730951,0.963769210254924,0.8359316148370727,0.9050580042203907,1.0,0.9397706457167094,0.8728184007224394,0.7365715749572272,1.4142135623730951,0.9927260114431486,0.585495402874877,0.41697293615607595,5.830951894845301,0.27112752493780684,0.9023861106118141,0.8725589843566792,1.4142135623730951,0.9473807788519615,0.8086905977173771
Exp9_HardELiSH,hard_elish,BraTS20_Training_012.npy,0.8698613395353231,2.0,0.8420239106520224,0.8996023183810993,0.9126069165039006,1.0,0.8891304337087796,0.9373567596926958,0.8311755115912068,1.0,0.8114850145463167,0.8518453412094107,0.7783493608178275,3.3166247903554,0.7542262646110695,0.8040665397224281,0.8044828575334373,4.358898943540674,0.7769523074262618,0.8340361165853717
Exp9_HardELiSH,hard_elish,BraTS20_Training_013.npy,0.8886639466106838,1.0,0.9283325058960415,0.852246612082525,0.8779172126323592,1.0,0.8061919499097406,0.9636513149969973,0.6838235285737457,1.4142135623730951,0.6907650391414581,0.6770201390996843,0.8517939029663912,1.4142135623730951,0.7520960358688109,0.9819629294912764,0.8154877351945967,1.4142135623730951,0.8989749714190117,0.7461895811811803
Exp9_HardELiSH,hard_elish,BraTS20_Training_014.npy,0.8867082345393377,1.0,0.9679031568214703,0.81808147054511,0.8876885625899169,1.0,0.9292463354924313,0.8496887646349573,0.8307403641021707,1.0,0.90132322952877,0.7704093959251731,0.5537190079552607,3.605551275463989,0.5390302233757011,0.5692307685772322,0.8217162394789772,1.7320508075688772,0.9156998785039998,0.7452290222395858
Exp9_HardELiSH,hard_elish,BraTS20_Training_015.npy,0.9406652444915594,1.0,0.9502981154509008,0.9312257044471991,0.7169022206818206,4.69041575982343,0.5624257506576762,0.9883686241292687,0.8417278465416153,1.0,0.8214841137286335,0.862994514105503,0.2671913425802348,13.030723848324211,0.15654178656306422,0.9114093898563128,0.9108090361790027,1.0,0.953907629313827,0.8714365756429499
Exp9_HardELiSH,hard_elish,BraTS20_Training_016.npy,0.9007886014362151,1.0,0.9306338360047046,0.872798145431453,0.7840107098581204,3.7416573867739413,0.6557373057164361,0.974673468296728,0.6583072098635707,2.23606797749979,0.9910981498034701,0.4928260701775067,0.09116809113716996,11.74734012447073,0.04791273036686295,0.9378925266022853,0.7973205207851968,2.23606797749979,0.8987132651303356,0.7164865741579106
Exp9_HardELiSH,hard_elish,BraTS20_Training_017.npy,0.9176271040646812,1.0,0.9705505889911863,0.8701769286980484,0.8803849331327025,1.0,0.8388252142988358,0.9262774870065832,0.8336949579874314,1.0,0.9399913643114242,0.7489966738344265,0.6351994139817057,5.0,0.4952217936168567,0.8854883935590706,0.8926971655676844,1.0,0.9595125554521395,0.8345813269368133
Exp9_HardELiSH,hard_elish,BraTS20_Training_018.npy,0.7490306007101735,4.242640687119285,0.8750142623684958,0.6547590586635089,0.6754053110117191,13.45362404707371,0.9616895827029,0.5204678348738229,0.6607911443722256,13.92838827718412,0.9510324427667702,0.506281405445096,0.38520130157561155,10.677078252031311,0.5190615683559657,0.3062283684043535,0.7429725111825881,4.47213595499958,0.8586813447747561,0.6547445254279662
Exp9_HardELiSH,hard_elish,BraTS20_Training_019.npy,0.9010500898725484,1.0,0.9031897159843848,0.8989205770028585,0.8967820598799814,1.0,0.8232832039600511,0.9846906100560623,0.80930698442341,1.0,0.9056353807137111,0.7315005344213511,0.5975640696539177,4.58257569495584,0.438792621167512,0.9363817078799569,0.7645179325895602,2.23606797749979,0.8233118276028767,0.7135614699494663
Exp9_HardELiSH,hard_elish,BraTS20_Training_020.npy,0.9044894654165156,1.0,0.8798749058388907,0.9305208485882135,0.8422159989849158,3.0,0.7370996478575058,0.9822998794639636,0.7242957562782957,1.4142135623730951,0.7729568323909917,0.6813986738978947,0.7460963465910968,4.358898943540674,0.6098851134880805,0.9606462880418084,0.7424760941728507,4.58257569495584,0.8757924393816185,0.6443853819741681
Exp9_HardELiSH,hard_elish,BraTS20_Training_021.npy,0.7960066096397677,2.23606797749979,0.7841716857170297,0.8082042389105183,0.8731585987438697,1.0,0.8050802596488266,0.9538140000965225,0.7287206256805214,1.4142135623730951,0.9294039263090111,0.5993128610708335,0.09090909058371835,11.60596031320535,0.04763690904862374,0.9921874224853576,0.7516005532362383,3.0,0.7490461378213324,0.7541724502843489
Exp9_HardELiSH,hard_elish,BraTS20_Training_022.npy,0.9378597471812907,1.0,0.9723421120742913,0.9057393300824949,0.9139377029219438,1.0,0.8767829745481663,0.9543807287165563,0.8647196132498995,1.0,0.874211074653306,0.8554320386362537,0.7977758530614941,3.7416573867739413,0.7048969066487621,0.9188451433922886,0.8703160242450685,1.0,0.9573917448954424,0.7977590536453704
Exp9_HardELiSH,hard_elish,BraTS20_Training_023.npy,0.9094631198075841,1.0,0.8858546310128504,0.9343644195818291,0.9323249599554859,1.0,0.8862832358288923,0.9834124716787512,0.8355260117086618,1.0,0.8274663977073545,0.8437441722508445,0.8622405207906669,1.4142135623730951,0.7627864611279611,0.9915170625537245,0.8361188286308786,1.4142135623730951,0.8289613082896294,0.8434010258080451
Exp9_HardELiSH,hard_elish,BraTS20_Training_024.npy,0.8850325626512636,1.0,0.9148431972512564,0.8571034085694762,0.8706843368566265,1.4142135623730951,0.7802729903994688,0.9847938015568097,0.8366370099687289,1.4142135623730951,0.7333712602600999,0.9737504715008495,0.7042871378820666,6.0,0.6878286257296424,0.7215526032246117,0.8197124936055388,1.7320508075688772,0.8977846803492311,0.7541324386400394
Exp9_HardELiSH,hard_elish,BraTS20_Training_025.npy,0.9000437669983495,1.0,0.9520949928575384,0.8533888270796903,0.9492393309685573,1.0,0.9542929906108826,0.9442389145503621,0.8809231522271534,1.0,0.9261744961130187,0.8398876400125429,0.9377429831874785,1.0,0.904087081072044,0.9740015483051214,0.8112670501852869,2.23606797749979,0.901226456170273,0.737636962347882
Exp9_HardELiSH,hard_elish,BraTS20_Training_026.npy,0.9435500556127419,1.0,0.9451779322022833,0.9419277767017832,0.7453219155114891,6.708203932499369,0.6394466242833767,0.8932143710917763,0.7007004308771775,3.1622776601683795,0.6591485045365989,0.7478435879107516,0.3538371409530449,11.224972160321824,0.2418795049907631,0.658749392489701,0.8925526019414434,1.0,0.9252907178521489,0.8620519640038892
Exp9_HardELiSH,hard_elish,BraTS20_Training_027.npy,0.7020326641955187,6.4031242374328485,0.9967740965975311,0.5418192494521846,0.9145876368753798,1.0,0.9059142954763647,0.9234286627397904,0.828156023561085,1.0,0.7714797131435085,0.8938199910868104,0.8160895486891466,3.3166247903554,0.901537038135286,0.7454371708118135,0.583147968140003,8.306623862918075,0.9822723412192864,0.4146601146176638
Exp9_HardELiSH,hard_elish,BraTS20_Training_028.npy,0.8093608981405476,3.1622776601683795,0.9415470256169807,0.7097213528509878,0.8427367797125735,1.4142135623730951,0.8572095499151597,0.8287445993753662,0.662046610036301,1.7320508075688772,0.640255106863847,0.6853737552819096,0.8076130049106955,1.4142135623730951,0.8866446092867063,0.7415174009880335,0.2872476955505497,6.782329983125268,0.44894237700776374,0.2111854518689437
Exp9_HardELiSH,hard_elish,BraTS20_Training_029.npy,0.9325796504915345,1.0,0.9459511473840112,0.9195809100672631,0.9254907573251965,1.0,0.8735461172930131,0.9840036548080383,0.867565273948944,1.0,0.8072268008994443,0.9376528098254833,0.8336816935393201,1.0,0.8245717612252111,0.8429951639915751,0.9194540218853788,1.0,0.941354149436586,0.8985497176033782
Exp9_HardELiSH,hard_elish,BraTS20_Training_030.npy,0.8449823198917585,1.4142135623730951,0.8852414458686677,0.8082257248464477,0.5920152853016818,31.796226191169293,0.7454729634728721,0.49095154658414514,0.8052975847490127,1.7320508075688772,0.8108635537309099,0.7998075059355029,0.05196535635980632,33.97057550292606,0.11155606343503396,0.03387180817461906,0.8018018017592108,2.0,0.8253537760738661,0.7795566756068795
Exp9_HardELiSH,hard_elish,BraTS20_Training_031.npy,0.9140748299584629,1.0,0.9452693580874623,0.8848734088952726,0.9073949486503999,1.0,0.8754166225045025,0.941798142620292,0.8705893391350906,1.0,0.8478340336100192,0.8945998067046288,0.7626283029478476,3.1622776601683795,0.712796493861918,0.8199513367745024,0.8465013870406886,1.4142135623730951,0.9069771829114731,0.7935863138159143
Exp9_HardELiSH,hard_elish,BraTS20_Training_032.npy,0.8788346185297626,1.0,0.9675471694462087,0.8050235476279362,0.8864971226598797,1.0,0.852954675356882,0.9227856738111938,0.788247011559638,1.0,0.8275645709217143,0.7524959582081431,0.7810712422694664,4.47213595499958,0.6682343959981767,0.939756880694035,0.6162279815324164,3.0,0.8427783893684914,0.4856725328892099
Exp9_HardELiSH,hard_elish,BraTS20_Training_033.npy,0.9517447452589286,0.0,0.948116131059524,0.9554012408303898,0.9417473632234676,1.0,0.8964483675235276,0.9918680715101453,0.9104450049515465,1.0,0.9239802605259665,0.8973005757371546,0.719527138528417,5.744562646538029,0.598011022528144,0.903021529033795,0.927573280475322,1.0,0.9342186942518477,0.921021741000971
Exp9_HardELiSH,hard_elish,BraTS20_Training_034.npy,0.9316237473908188,1.0,0.9442084456177903,0.9193701020851945,0.8939794703955471,1.4142135623730951,0.8189396463668023,0.9841583626788772,0.7901694282279441,2.23606797749979,0.694883339871108,0.9157406403518499,0.8569835232301689,1.7320508075688772,0.8223789828156756,0.8946282080472991,0.8452161778991476,1.7320508075688772,0.9361638188082416,0.7703748188133015
Exp9_HardELiSH,hard_elish,BraTS20_Training_035.npy,0.8668879699708885,1.7320508075688772,0.8803953523894122,0.8537887960163419,0.8493572352984224,2.23606797749979,0.79559409210181,0.9109131929911143,0.798113923220401,1.0,0.9104360724959046,0.7104628346754808,0.5522311211235036,7.0710678118654755,0.403115342686413,0.8764299973883876,0.7037336902961832,4.242640687119285,0.8106973737944119,0.6217056394438223
Exp9_HardELiSH,hard_elish,BraTS20_Training_036.npy,0.8471191231156123,1.7320508075688772,0.9699811110564078,0.7518824509768446,0.8493827152726267,1.4142135623730951,0.8079331927488984,0.8953152093786096,0.8182191210317818,1.4142135623730951,0.7724191346650802,0.8697928007201903,0.7834877777296734,3.3166247903554,0.7948717812842431,0.7724252363384513,0.731586494272113,4.47213595499958,0.9275011007850362,0.6040037306421728
Exp9_HardELiSH,hard_elish,BraTS20_Training_037.npy,0.8798201842847135,1.7320508075688772,0.7950720665149105,0.9847907469115361,0.9309344671396936,1.0,0.9070202273895036,0.9561438870419998,0.8363662361601779,1.0,0.8134779881678295,0.8605797521626105,0.821292775206166,1.4142135623730951,0.8023598811292911,0.8411407618358255,0.8517476200107098,2.0,0.7609147737734474,0.9672061294421092
Exp9_HardELiSH,hard_elish,BraTS20_Training_038.npy,0.8965543648414727,1.0,0.9040264753553198,0.8892047611365756,0.8044492284356797,3.7416573867739413,0.7479186607640997,0.8702241120324612,0.7162484132988379,4.58257569495584,0.667205973587552,0.773072485688775,0.7569820754705179,4.123105625617661,0.7006172832748676,0.8232094278975415,0.7758402829773532,2.449489742783178,0.8197304945405183,0.7364111747818893
Exp9_HardELiSH,hard_elish,BraTS20_Training_039.npy,0.8879891327384436,1.0,0.9770312226916414,0.8138212425602677,0.901941903145043,1.0,0.8865285514320493,0.9179006963643833,0.865929220030437,1.0,0.8880399182223297,0.8448928114791983,0.8453831565616182,1.4142135623730951,0.7562984483909909,0.9582565971797492,0.830693830624657,2.0,0.970458352072344,0.7261188586441256
Exp9_HardELiSH,hard_elish,BraTS20_Training_040.npy,0.9500480702330922,0.0,0.9442866278281091,0.9558802495460146,0.9574016179083357,0.0,0.9347375286155927,0.981192065697852,0.8891617654647532,1.0,0.8601617202150043,0.9201854902928678,0.9344424530092164,1.0,0.9229143546663949,0.9462621880031082,0.9180485093036359,1.0,0.9200589808399258,0.9160468048940746
Exp9_HardELiSH,hard_elish,BraTS20_Training_041.npy,0.9373166391905398,1.0,0.9883060804150483,0.8913304391098914,0.8788710642194085,1.4142135623730951,0.8929660935300566,0.8652140859173938,0.8094758656739853,1.4142135623730951,0.8943855504588594,0.7392903496978686,0.695909160528995,3.7416573867739413,0.5837682656999784,0.8613785103527973,0.9121544717956594,1.0,0.9685609004143604,0.8619564071568531
Exp9_HardELiSH,hard_elish,BraTS20_Training_042.npy,0.9439642532329845,1.0,0.9834305580390988,0.9075433955473232,0.9552284574063135,0.0,0.9548624413224863,0.9555947539546501,0.8565027092391353,1.0,0.8522839213707244,0.8607634702514723,0.9363590769969009,1.0,0.9401309159415252,0.9326173821515398,0.8869254685701866,1.0,0.9735081432136554,0.8144860339210431
Exp9_HardELiSH,hard_elish,BraTS20_Training_043.npy,0.8125065953880412,2.23606797749979,0.7199764886264723,0.932327705185328,0.7034299470945686,3.0,0.5495717615499978,0.9769319469966968,0.5021566390416422,4.0,0.42149390083272137,0.6209994350308847,0.6498166570851013,4.123105625617661,0.4881936235966281,0.9714173806913963,0.7767258526529275,3.0,0.7093833056187521,0.8581952863941572
Exp9_HardELiSH,hard_elish,BraTS20_Training_044.npy,0.7520823951057849,4.123105625617661,0.6978067881473594,0.8155132425146385,0.7428389537147073,2.8284271247461903,0.643329654667422,0.8787650536237571,0.7606149313301064,2.0,0.7358356888396906,0.7871212061581727,0.009756097323022017,10.077171745603541,0.004975124254350143,0.24999968750039064,0.7149472122260458,4.47213595499958,0.6679741574365632,0.7690264306222431
Exp9_HardELiSH,hard_elish,BraTS20_Training_045.npy,0.941713786292117,1.0,0.9566678643644266,0.9272200197773864,0.9530725670308067,0.0,0.9724481059682487,0.9344540405554776,0.889263994530328,1.0,0.9397075192440776,0.8439601888647609,0.8291262133239073,1.4142135623730951,0.7739246007890741,0.8928073592885368,0.8405454380803575,1.0,0.8484510402032973,0.8327857995689036
Exp9_HardELiSH,hard_elish,BraTS20_Training_046.npy,0.5457122882271026,15.652475842498529,0.3866325462586999,0.9272139363024852,0.771768313111744,2.23606797749979,0.6618421009089336,0.92548297216667,0.7432376165491568,2.23606797749979,0.6580692656000792,0.8537284813219075,0.39215684352172336,15.571983230158063,0.24539875795099644,0.9756095181440199,0.525394260360123,15.937377450509228,0.36881856287151266,0.9129878432409271
Exp9_HardELiSH,hard_elish,BraTS20_Training_047.npy,0.8986601851676814,1.4142135623730951,0.8429680433491885,0.9622316857261383,0.9319344175260295,1.0,0.9104199465169778,0.9544903319823334,0.8584271702296846,1.0,0.8861910562525575,0.8323500922096944,0.842760954732517,3.0,0.7738799799061399,0.9251017742677753,0.7890680848103987,2.449489742783178,0.7130505152748601,0.8832281095117689
Exp9_HardELiSH,hard_elish,BraTS20_Training_048.npy,0.6592072478688091,9.055385138137417,0.49769143934550036,0.9759238139789929,0.7069508791344747,2.23606797749979,0.5509968201358081,0.9860392916957638,0.6217886158641021,3.0,0.4683978418990797,0.9245647879635901,0.7258620658368014,3.3166247903554,0.5929577423031145,0.935555545160494,0.5737066183528043,9.486832980505138,0.4312592131153467,0.8566694915183252
Exp9_HardELiSH,hard_elish,BraTS20_Training_049.npy,0.9263706187934695,1.0,0.9529907541908722,0.9011972446362407,0.952136751119512,0.0,0.9574559498120844,0.9468763260797358,0.8530817291348098,1.0,0.9539599864237873,0.7714982252404738,0.31859882970309567,6.332412212046361,0.19004974935273883,0.9845360317249467,0.917043595330859,1.0,0.945356058464383,0.8903776791892549
Exp9_HardELiSH,hard_elish,BraTS20_Training_050.npy,0.9226661687252511,1.0,0.946680799858665,0.899839762934298,0.9369001749203973,1.0,0.9059398426403101,0.9700515118916375,0.8398217386751534,1.0,0.9003044630108491,0.7869539365287069,0.8183480843890479,2.449489742783178,0.7155054252668459,0.9557174456649182,0.6196649319879493,16.431676725154983,0.8301901992019743,0.49431354647808745
Exp9_HardELiSH,hard_elish,BraTS20_Training_051.npy,0.9359070265203264,1.0,0.9416385620678096,0.930244841829509,0.9399118625119366,1.0,0.8991113131485067,0.9845913905273915,0.8797863563288747,1.0,0.8547119413546647,0.9063764355831232,0.846201205705946,1.0,0.7723083821705813,0.9357298449462694,0.9170366509077668,1.0,0.9303184124624752,0.9041287874404013
Exp9_HardELiSH,hard_elish,BraTS20_Training_052.npy,0.8805617490453856,1.4142135623730951,0.9935913480714986,0.7906217006054417,0.9440834007094221,1.0,0.9371682004319816,0.9511014110679251,0.8548486715797567,1.0,0.8911783634994866,0.8213649843507765,0.8631870295935281,1.0,0.784828328626949,0.9589281771163449,0.81124696783802,1.7320508075688772,0.980730101344213,0.6917102817570739
Exp9_HardELiSH,hard_elish,BraTS20_Training_053.npy,0.9583690855796492,0.0,0.9691534165853269,0.947822120191067,0.8419962282961949,2.449489742783178,0.750840793543252,0.9583434093359472,0.840859982259691,1.0,0.8592404494819602,0.8232494173648727,0.6904226967498706,6.164414002968976,0.5481622827941904,0.9324019179616118,0.933872986954461,1.0,0.9632805292991152,0.9062077915514418
Exp9_HardELiSH,hard_elish,BraTS20_Training_054.npy,0.9055710847289152,1.0,0.8443902742865941,0.9763102360338348,0.9296272090146103,1.0,0.89322359959031,0.9691241698405113,0.8895752112315705,1.0,0.8564325867297851,0.9253862356301312,0.8438092223280091,1.0,0.803337842725398,0.8885747532203979,0.7790950506343064,2.0,0.7070071173552401,0.8675525319610432
Exp9_HardELiSH,hard_elish,BraTS20_Training_055.npy,0.9401018203985696,1.0,0.9703055757381066,0.9117216698373964,0.9442725507652673,1.0,0.9406584467276397,0.9479145327681654,0.8546754962359335,1.0,0.9769864329251619,0.7595818808177965,0.7481017456832747,5.744562646538029,0.6057485388783453,0.9779156303277527,0.9271447330288822,1.0,0.9619734468773589,0.8947498808104097
Exp9_HardELiSH,hard_elish,BraTS20_Training_056.npy,0.8718976445967178,1.4142135623730951,0.7968957869860415,0.9624842808992398,0.9123264475258506,1.0,0.8656855496720267,0.964279322465271,0.8562732029293533,1.0,0.8215850255225519,0.8940196451781492,0.8142483904834968,3.4641016151377544,0.7497066407536885,0.890949657103682,0.6676923935805263,3.7416573867739413,0.5752988813269867,0.7954409112874485
Exp9_HardELiSH,hard_elish,BraTS20_Training_057.npy,0.9366155295915801,1.0,0.9235152868814647,0.9500927790546665,0.9036197117733887,1.0,0.8808025838456023,0.9276504289687945,0.845982665234257,1.0,0.8386160445389341,0.8534798524713697,0.7960368964878085,3.3166247903554,0.7399174317563753,0.8613678341539082,0.9133458694448015,1.0,0.9021104452540917,0.9248646885001807
Exp9_HardELiSH,hard_elish,BraTS20_Training_058.npy,0.7256545574708418,5.196152422706632,0.7370294123281323,0.7146254710713356,0.3491148442966906,21.42428528562855,0.47207678855609264,0.27697191020957307,0.579451387448222,18.81488772222678,0.7983005354825574,0.4547770696774717,0.1549667927747744,24.779023386727733,0.2070215605733433,0.12383017568829595,0.6280481663793144,7.0,0.5888819942010357,0.6727953640734834
Exp9_HardELiSH,hard_elish,BraTS20_Training_059.npy,0.7883442158096979,4.47213595499958,0.7802685389380861,0.79658880498027,0.8762490369555495,1.0,0.8248914576705669,0.9344262244020425,0.8127285998071375,1.0,0.9479522103417047,0.711267601080233,0.3900769855425408,4.123105625617661,0.2530521614533611,0.8507462369124539,0.7626260493728901,5.0,0.7580205490635267,0.7672878546643088
Exp9_HardELiSH,hard_elish,BraTS20_Training_060.npy,0.9327768312928577,1.0,0.9413618805298334,0.9243469549790837,0.9400534983894053,1.0,0.9668693886571474,0.9146849312562506,0.8305493687111639,1.0,0.8301385104933598,0.830960633305917,0.8953025681113889,1.0,0.9437302533262173,0.851602437646676,0.8633101740874359,1.0,0.8603296847581748,0.8663113860015068
Exp9_HardELiSH,hard_elish,BraTS20_Training_061.npy,0.8731986483547775,3.4641016151377544,0.9099880235161734,0.8392683569677174,0.89638844265795,1.0,0.8328859054191753,0.9703735873411177,0.7707267876030204,1.0,0.8190447017467166,0.7277921361341422,0.7487541897718998,3.605551275463989,0.6007560328572898,0.9935080524320558,0.6185378446293304,11.661903789690601,0.7701272595175791,0.5168104993556181
Exp9_HardELiSH,hard_elish,BraTS20_Training_062.npy,0.9491036101041915,1.0,0.9646953681783532,0.9340078350581498,0.96110324627923,0.0,0.9949951145550446,0.9294441959228422,0.9001776844958498,1.0,0.9832133493735815,0.8300750613852579,0.9088755525087188,1.0,0.8629048376334942,0.9600200172597754,0.9034813717478475,1.0,0.9090424663249369,0.897987903692461
Exp9_HardELiSH,hard_elish,BraTS20_Training_063.npy,0.8334156213312874,2.0,0.9682600375003747,0.7315381944230104,0.7588035939902703,3.1622776601683795,0.8523667631500603,0.683749334350108,0.7200465282666799,4.123105625617661,0.8238686742508043,0.6394628077153485,0.49355432477867206,3.1622776601683795,0.5241199410153854,0.46635730317450924,0.7655336099154304,2.449489742783178,0.8982494520606232,0.6669867055635254
Exp9_HardELiSH,hard_elish,BraTS20_Training_064.npy,0.8291184841449222,3.605551275463989,0.8467150236553029,0.812238441279486,0.8867175108685325,1.4142135623730951,0.8045825980397464,0.9875282226200672,0.7545016602350214,1.7320508075688772,0.6853016140794954,0.8392466962025295,0.834695517671135,3.0,0.7567767537147649,0.9305011851655451,0.4721482269831393,11.489125293076057,0.7522635810159308,0.3440402587076807
Exp9_HardELiSH,hard_elish,BraTS20_Training_065.npy,0.7098195675713364,10.07220881387928,0.9571990681132261,0.5640467513925976,0.9158073346615229,1.0,0.9195281758334779,0.9121164822877886,0.8800667208005559,1.0,0.944504114054765,0.8238600848723919,0.7082833090739298,4.123105625617661,0.5772994072671291,0.9161490540970644,0.6665658448578303,12.083045973594572,0.9404011185148162,0.5162415407297652
Exp9_HardELiSH,hard_elish,BraTS20_Training_066.npy,0.930518981935883,1.0,0.9520125667699251,0.9099744904727348,0.8836934206994074,1.0,0.8214216410184195,0.956181297277382,0.784225007163421,1.4142135623730951,0.7401038652739713,0.8339401809701689,0.8742331281286462,1.0,0.7967922295515123,0.9683476377533126,0.8877031969428231,1.0,0.9375657260898985,0.8428765207080572
Exp9_HardELiSH,hard_elish,BraTS20_Training_067.npy,0.9573902077120415,0.0,0.9464823593856999,0.9685524048080688,0.9481919331032406,1.0,0.9427558984348604,0.9536910206179315,0.8875326221384763,1.0,0.9720034203663845,0.8165696132433753,0.7419085502961993,4.123105625617661,0.6045301739998958,0.9600864357949835,0.9237369307977243,1.0,0.9107983717429569,0.937048390500185
Exp9_HardELiSH,hard_elish,BraTS20_Training_068.npy,0.9297803384169147,1.0,0.9648394047266338,0.8971797978347992,0.8935165641240221,1.4142135623730951,0.8425025057955944,0.9511066730067876,0.8251616938503507,1.0,0.8414893611053267,0.8094555868403223,0.8196562985883663,4.47213595499958,0.7280250273851927,0.9376746598182396,0.781488962490714,2.449489742783178,0.9173511724458671,0.6806786048756901
Exp9_HardELiSH,hard_elish,BraTS20_Training_069.npy,0.8237482357017228,6.782329983125268,0.7355234106371898,0.9360226104054618,0.8578983005742916,1.4142135623730951,0.7617166249358078,0.9818799125431302,0.7862310459561194,1.4142135623730951,0.7613076573723321,0.8128415294994252,0.7678790739197358,3.4641016151377544,0.6317753131766114,0.978726819476016,0.7465439959679618,8.774964387392123,0.6676896097639623,0.8465180908720519
Exp9_HardELiSH,hard_elish,BraTS20_Training_070.npy,0.8815193289500259,1.4142135623730951,0.8713399631187255,0.8919393454124431,0.7771503698523184,2.23606797749979,0.6533185964254041,0.9589035393873369,0.7106123967079573,1.7320508075688772,0.6733893112505773,0.7521914439409262,0.6709688422017941,4.123105625617661,0.5234884440742189,0.9341407417603572,0.6352417115825832,4.242640687119285,0.7755884447327085,0.5379050208576845
Exp9_HardELiSH,hard_elish,BraTS20_Training_071.npy,0.9304214363071426,1.0,0.959937187358313,0.9026666169760968,0.6177961263995583,15.601274101597191,0.4962256009402429,0.8182626470896571,0.7762705384140856,4.123105625617661,0.6464598244658235,0.9713124540146875,0.18268036560609646,23.50318511752905,0.13537483243745846,0.28080527497117225,0.8907816657928593,1.4142135623730951,0.9474198591938249,0.8405333119341208
Exp9_HardELiSH,hard_elish,BraTS20_Training_072.npy,0.7666962762904863,3.7416573867739413,0.9300461981285318,0.6521542776675825,0.9269722567364893,1.0,0.8800122702835329,0.9792266053105703,0.8775243437253037,1.0,0.8527388459872866,0.9037937917033357,0.751413950578285,3.1622776601683795,0.6577086273854704,0.8762562803062107,0.5589673166200707,6.164414002968976,0.8697188111820976,0.41182263346169207
Exp9_HardELiSH,hard_elish,BraTS20_Training_073.npy,0.9259316494915741,1.0,0.9420921402228054,0.9103162370780464,0.9140615266801403,1.0,0.867032901608463,0.966484492680263,0.8085195893723274,1.0,0.8125792803249691,0.804500260801151,0.7869628266644052,2.0,0.690186101633169,0.9153053961020856,0.8449278334966605,1.4142135623730951,0.8953968826040606,0.7998445895228115
