Activation,Seed,Patient,Dice_WT,HD95_WT,Sens_WT,Prec_WT,Dice_TC,HD95_TC,Sens_TC,Prec_TC,Dice_ET,HD95_ET,Sens_ET,Prec_ET,Dice_NCR,HD95_NCR,Sens_NCR,Prec_NCR,Dice_ED,HD95_ED,Sens_ED,Prec_ED
relu,42,BraTS20_Training_001.npy,0.9176548858849877,1.0,0.856212061580122,0.9885978781883212,0.9394063526522141,1.0,0.9824012965190687,0.9000169712546104,0.8829495890585675,1.0,0.9413524616316947,0.831370176737753,0.8706727835764148,1.0,0.87865052070281,0.8628386106684226,0.879014640000296,1.4142135623730951,0.7946654115154983,0.9833966158452173
relu,42,BraTS20_Training_002.npy,0.8868372678407146,1.4142135623730951,0.9612124285942732,0.8231452487924921,0.9481109888859975,1.0,0.9625055694426726,0.9341406147694671,0.8566159513934102,1.0,0.8511223074498057,0.862180973144345,0.9374503464130871,1.0,0.966157204185418,0.9104001636555908,0.8450721619636303,1.4142135623730951,0.9337193206359593,0.7717978051899325
relu,42,BraTS20_Training_003.npy,0.7371135691541322,5.196152422706632,0.7623377056522502,0.7135051964977847,0.922558012786619,1.0,0.9163763041640945,0.9288236866915954,0.8676565512142406,1.0,0.8965977288305612,0.840525325701922,0.7121710467749092,2.289423418820637,0.5907230478755382,0.896480312702271,0.6982412151656943,5.830951894845301,0.7262233468606292,0.6723354396533638
relu,42,BraTS20_Training_004.npy,0.9574921552325945,0.0,0.9713856990005433,0.9439904405075401,0.9375582476998724,1.0,0.9080565930945647,0.9690412182038346,0.8957972340924142,1.0,0.9471226374401016,0.8497486136072266,0.7564946721199003,4.663455743606532,0.6382828276380982,0.9284454879100126,0.9442986174975907,1.0,0.9723342618581043,0.9178343864508073
relu,42,BraTS20_Training_005.npy,0.7690961367767546,18.05547008526779,0.6334757758155405,0.9786049463305456,0.8517695328894813,25.15949125081825,0.7545626650855262,0.9777254430598318,0.7680476573148943,25.079872407968907,0.71873099460903,0.8246307700609016,0.606773472709849,29.6226252849899,0.4480383334889538,0.9396984865596829,0.490697673848026,23.431815516289806,0.3393374069808019,0.8858102397740963
relu,42,BraTS20_Training_006.npy,0.931387090939583,1.0,0.8945111553341936,0.9714341523638368,0.9120070175189361,1.0,0.8592360954078097,0.9716840534058238,0.8217314422392314,1.0,0.9128116728482275,0.7471781071180017,0.5813318586649162,5.830951894845301,0.424283696315434,0.9229671887161559,0.9135403603764415,1.0,0.8853015781104742,0.9436399836029187
relu,42,BraTS20_Training_007.npy,0.9221986947357877,1.0,0.9387400103514911,0.9062302261118933,0.9317589484964848,1.0,0.9165009930768013,0.9475335342410931,0.8849991813471297,1.0,0.878389347494091,0.8917092452749148,0.8507984777934624,14.26881111312536,0.8231312512562352,0.8803903025483465,0.8892762604284853,1.0,0.9149119890684451,0.865037995081003
relu,42,BraTS20_Training_008.npy,0.8199693895016771,1.4142135623730951,0.9451604219283076,0.7240636809703209,0.8129251666117127,8.774964387392123,0.6988304042483158,0.9715447055737327,0.8175740171080514,9.311143053948598,0.7068538339648734,0.9694224125773226,0.3565891334655375,4.598751704685976,0.2929936119112349,0.4554454994608416,0.8090867737659424,1.4142135623730951,0.9427279809999289,0.7086311544822874
relu,42,BraTS20_Training_009.npy,0.9047759085108741,1.0,0.85995112893994,0.9545306252387955,0.7856462972963695,4.898979485566356,0.7035550833754861,0.8894249099170396,0.7149642276540654,3.605551275463989,0.5840749689428351,0.9214604509913649,0.6614120156775668,9.848857801796104,0.696639848281811,0.6295755067792083,0.8066747729383658,2.8284271247461903,0.8014620453417647,0.811955751759098
relu,42,BraTS20_Training_010.npy,0.8383681565389774,1.7320508075688772,0.8796407319111239,0.800795007352626,0.891689168248058,1.0,0.8498713170576618,0.9378352777882056,0.8542772854156955,1.0,0.7829445376441456,0.9399109774853284,0.5303340113814996,3.7416573867739413,0.7466410605251237,0.41120506964899506,0.8124449144050206,2.0,0.8671217779269702,0.7642544117578456
relu,42,BraTS20_Training_011.npy,0.9094168174396215,1.0,0.9674508173229145,0.857951310843192,0.9107796224266912,1.0,0.9355304992430081,0.8873046331347184,0.7665950008286785,1.4142135623730951,0.9880498770556809,0.6262349060085237,0.47435498838303547,5.0990195135927845,0.33152291911465803,0.833424353722423,0.8863352812740675,1.0,0.9508088940921813,0.8300502201844726
relu,42,BraTS20_Training_012.npy,0.8740526079749613,1.4142135623730951,0.8658086492962971,0.882455068359176,0.9189088417828194,1.0,0.8929951680036291,0.9463714310170596,0.8346749218622955,1.0,0.7898878272394311,0.8848462098933867,0.766917291631334,3.0,0.7958387481758181,0.7400241808140903,0.8098734771660051,3.0,0.8076085560788999,0.8121511374786814
relu,42,BraTS20_Training_013.npy,0.9020870627317287,1.0,0.8917110855021232,0.9127073529669544,0.8770739342764722,1.4142135623730951,0.8092191256902518,0.9573498282945224,0.7053151733092502,1.4142135623730951,0.72443673997416,0.687177076826733,0.8450658600490899,1.7320508075688772,0.7457126517285513,0.9749626295777746,0.8290966336637655,2.0,0.8445164127642698,0.8142298478751538
relu,42,BraTS20_Training_014.npy,0.8983167176053467,1.0,0.9697114296695241,0.8367139079403725,0.9020956473397643,1.0,0.9367606573406887,0.8699046563251677,0.8419595756928083,1.0,0.9116150187109167,0.7821931097611873,0.5921532843338542,3.3166247903554,0.5644705364595884,0.6226912921291782,0.8391675853742447,1.4142135623730951,0.9234152257879482,0.7690073249606897
relu,42,BraTS20_Training_015.npy,0.9488297128688378,1.0,0.9538659237627315,0.9438464028571324,0.731648186840298,4.58257569495584,0.5804717991851153,0.9892981093431372,0.8645226921016658,1.0,0.8495889792828383,0.8799907940628342,0.290073387128164,12.529964086141668,0.17314121017505338,0.8935157591105547,0.928386678835479,1.0,0.9656351639284791,0.8939051141215617
relu,42,BraTS20_Training_016.npy,0.912218731646642,1.0,0.9554614439249141,0.8727207362041473,0.8205063959548855,3.0,0.7174188207201648,0.9581910982287489,0.6124707383101674,2.449489742783178,0.9938607927297516,0.44261790825611147,0.07884940775673455,12.569805089976535,0.0415314961885382,0.7771847846752182,0.8278985973065038,1.7320508075688772,0.9356167251162695,0.7424229834711253
relu,42,BraTS20_Training_017.npy,0.9279228807217409,1.0,0.9682022957873633,0.8908610376138674,0.8674760850377203,1.4142135623730951,0.8444842400827477,0.8917549161181885,0.8354510795200438,1.0,0.9461793050134131,0.7479240123445297,0.6073426568117635,4.123105625617661,0.49550705962700464,0.7843757038058802,0.902288242961691,1.0,0.9517833474916101,0.8576864132687537
relu,42,BraTS20_Training_018.npy,0.7789141082919909,2.449489742783178,0.950708564169985,0.6597045176387223,0.7063564742510415,13.152946437965905,0.9469548087084735,0.5632486106828846,0.7103308559299328,13.45362404707371,0.9309734458349649,0.5742358057706121,0.4074803109499969,11.079105734765182,0.6070381053654516,0.3066666621234569,0.7727286159632039,2.8284271247461903,0.9386382670961736,0.656660192764422
relu,42,BraTS20_Training_019.npy,0.903136339369134,1.0,0.8922072286019117,0.9143365231732838,0.9018887720614142,1.0,0.8366184840431117,0.9782052006042194,0.8043844853091398,1.0,0.9235707725226019,0.7124439896922852,0.5869369943622886,4.58257569495584,0.42612260068369423,0.9427040376283924,0.7674226461834546,2.449489742783178,0.7990107523445115,0.738237163909459
relu,42,BraTS20_Training_020.npy,0.9010426028851026,1.4142135623730951,0.8708808709752198,0.9333685059317629,0.8139622678594652,3.3166247903554,0.6984561349071672,0.9752413373278211,0.720715719928703,1.4142135623730951,0.8136911561124742,0.6468088845317913,0.6894138981808345,6.0,0.5353974449370789,0.9678259996055274,0.7120619630160145,7.681145747868608,0.8518070329163929,0.6117070259521256
relu,42,BraTS20_Training_021.npy,0.803687635471066,2.8284271247461903,0.8443757119636508,0.7667405763077751,0.8628645248589291,1.0,0.8246604324842822,0.9047803350013929,0.7364126849106295,1.4142135623730951,0.9317349286322513,0.6087902510687767,0.21810318128482178,11.090536506409418,0.13240810152885182,0.6182136494183249,0.759742989137131,3.3166247903554,0.8113116801400135,0.7143381416835564
relu,42,BraTS20_Training_022.npy,0.945735988789238,1.0,0.966881000474635,0.9254960371921904,0.9231910944639583,1.0,0.8932989519557075,0.9551530377429404,0.8772325106123996,1.0,0.8760770534679342,0.8783910191611781,0.8023235496146386,3.040569415042095,0.739771262290777,0.8764312968736343,0.8854385437436945,1.0,0.9448520581241556,0.8330549738107654
relu,42,BraTS20_Training_023.npy,0.9141356586094564,1.0,0.8973080755544809,0.931606452843645,0.9435419673505875,1.0,0.9130434777399045,0.9761483554101456,0.8683054487016051,1.0,0.8494102579780468,0.8880604140253701,0.903921411305869,1.0,0.8588556672350043,0.9539784205091396,0.8504902482535854,1.0,0.8436241891581031,0.8574689865362384
relu,42,BraTS20_Training_024.npy,0.8723382565653125,1.4142135623730951,0.9080051873487378,0.8393674527181473,0.8218855070036493,3.0,0.717630013452177,0.9615816895056801,0.8109466472962148,2.23606797749979,0.6961077131294232,0.9711621132540763,0.6027111568272042,12.68857754044952,0.5628042832272555,0.6487093139198444,0.8007096211172932,2.23606797749979,0.8935690877775858,0.7253331854582398
relu,42,BraTS20_Training_025.npy,0.9155693160100548,1.0,0.9624031481457026,0.87308214936713,0.962989436771902,0.0,0.9855319838019094,0.941455081672631,0.8959280945401257,1.0,0.9434406006175411,0.8529716829929614,0.9517138366378115,0.0,0.9487574445734456,0.9546887104341573,0.8275389707350821,1.4142135623730951,0.8930683308987438,0.7709687328312885
relu,42,BraTS20_Training_026.npy,0.9352256423379628,1.0,0.9639598258507891,0.9081549186034231,0.8343286756742565,2.23606797749979,0.8423223438712449,0.8264853013246907,0.7142826792049706,2.23606797749979,0.7100439260390083,0.7185723442109115,0.5279200817418374,6.708203932499369,0.5502358275783253,0.5073438906151277,0.8966425899046909,1.0,0.9288002227610334,0.8666372123586594
relu,42,BraTS20_Training_027.npy,0.6916788867382361,7.0710678118654755,0.9978844074844129,0.5292699230825518,0.9108979676725981,1.0,0.9286585602138046,0.8938039687570808,0.8225751310493287,1.0,0.7896181379536885,0.858403060998636,0.8032586553954895,3.3166247903554,0.9115913545457167,0.7179393822536276,0.5705642434232884,8.831760866327848,0.971965562999402,0.40380236560704835
relu,42,BraTS20_Training_028.npy,0.8489890234895461,1.7320508075688772,0.8970602593529348,0.8058077813721947,0.8329945212993163,1.4142135623730951,0.8061891417859216,0.8616437373571575,0.6314053621013832,2.0,0.5587504047575933,0.7257792744653478,0.8083794460012811,1.0,0.8903012347374174,0.7402634997245353,0.3574235192552459,5.385164807134504,0.4644420122821991,0.2904881383548265
relu,42,BraTS20_Training_029.npy,0.9401444705319755,1.0,0.9445397826908085,0.9357898749585614,0.9446155946158584,1.0,0.9330538261657374,0.9564674879294781,0.8880740664698193,1.0,0.8496754940367033,0.9301075250957997,0.8107084888839683,1.0,0.8854105086508535,0.7476309189644343,0.9295252894947934,1.0,0.9359863164044641,0.9231528506446127
relu,42,BraTS20_Training_030.npy,0.8615643028176938,1.4142135623730951,0.9087669494449544,0.8190230801985935,0.7781625837301414,22.561028345356956,0.7824490302868824,0.7739228447220405,0.8147624650060759,1.0,0.8437144237376575,0.7877315505804259,0.18118245333381292,29.631064780058107,0.16304347732812657,0.20386265948596094,0.8444770293137991,1.4142135623730951,0.8943373940974237,0.7998826290297454
relu,42,BraTS20_Training_031.npy,0.9175861713986598,1.0,0.9311940114208866,0.9043703146454563,0.8750819612477481,1.4142135623730951,0.8662246076321003,0.8841223229663674,0.8603506467137748,1.0,0.8386492410717195,0.8832050043872931,0.6871049758902252,5.385164807134504,0.7144583763189932,0.661768820792375,0.8428713015891939,1.4142135623730951,0.8666842808865034,0.8203318981761075
relu,42,BraTS20_Training_032.npy,0.8980225987115072,1.0,0.959698112845397,0.8437956201579975,0.88549885999021,1.0,0.8691910494152661,0.9024303068248569,0.7851880759207748,1.0,0.8414723404355617,0.7359612212036206,0.7833248299808142,4.242640687119285,0.6831066471550697,0.9180047814861552,0.6453483183278261,2.23606797749979,0.7976846738724536,0.541866386652287
relu,42,BraTS20_Training_033.npy,0.9495084587113706,1.0,0.9495433044405852,0.9494736154621277,0.9476946752137112,1.0,0.9102032433134045,0.9884073475172074,0.9137362800732511,1.0,0.9438440871110975,0.885489919781124,0.7197665932022126,5.656854249492381,0.5911814035571754,0.9198359416110441,0.9266171535211766,1.0,0.9357451787578746,0.9176654922687731
relu,42,BraTS20_Training_034.npy,0.9424412117813308,1.0,0.9501599815502211,0.934846840551519,0.9161998185782794,1.0,0.8761587193784242,0.9600759990840922,0.8255751974714455,1.4142135623730951,0.7608268519194323,0.9023691616164826,0.8657400631880663,1.4142135623730951,0.8636341518542281,0.8678562694363939,0.8661569040173052,1.4142135623730951,0.9166523566333278,0.820934255897552
relu,42,BraTS20_Training_035.npy,0.8540583256313056,2.23606797749979,0.880684506482219,0.8289949026539076,0.8339656768833584,2.23606797749979,0.7842474276501311,0.890414507562314,0.7840580452822599,1.0,0.9442337808324813,0.6703438183846835,0.46278427586398674,7.874007874011811,0.31145076408943007,0.900181049004006,0.6700380410799411,6.48074069840786,0.796132873871383,0.5784247287900268
relu,42,BraTS20_Training_036.npy,0.8607633585157974,1.4142135623730951,0.9508229891049494,0.7862880727511502,0.8590101073030585,1.0,0.8575156561281914,0.8605097750340263,0.8255406788614411,1.0,0.776292851488877,0.8814603015582576,0.5934314802183948,5.744562646538029,0.895726480414932,0.44369178286459116,0.7500235025147958,3.4641016151377544,0.8790215944479709,0.654041645635316
relu,42,BraTS20_Training_037.npy,0.8785496743484925,2.0,0.7906142854393263,0.9884940708919301,0.9188505329570642,1.0,0.8641849392893995,0.9808990927161397,0.8372110644800261,1.0,0.7682731756253751,0.919740237349313,0.8182835398801144,2.23606797749979,0.798973013439339,0.8385506239668036,0.8489132698823375,2.23606797749979,0.7589096710042952,0.9631374525558659
relu,42,BraTS20_Training_038.npy,0.904001700420419,1.0,0.8914065084510306,0.9169579228227318,0.844565003130133,2.0,0.8083427607668775,0.8841858101014768,0.7624248318088024,2.8284271247461903,0.7153287696679823,0.8161594164736312,0.7687045330400807,2.8284271247461903,0.7694830239491869,0.7679276150082515,0.7922507424930397,2.23606797749979,0.795289887178865,0.7892347370002059
relu,42,BraTS20_Training_039.npy,0.8890626492481332,1.4142135623730951,0.9867510074659612,0.8089741966846423,0.9181695685846367,1.0,0.931591123708281,0.9051292526284207,0.873891929055002,1.0,0.8839076868205928,0.8641006090974843,0.8818598759434921,2.23606797749979,0.9005167944113102,0.8639603333375266,0.8184396605865402,2.0,0.9535252014760087,0.7168796078406192
relu,42,BraTS20_Training_040.npy,0.9447604466705536,1.0,0.9269821674876199,0.9632339872375083,0.9577565888286746,0.0,0.932640555247643,0.9842628108133512,0.8866286062325549,1.0,0.8447399129523425,0.9328883770159317,0.9391074726857387,1.0,0.9395044111906248,0.9387108689549116,0.9111924569655467,1.0,0.8972093276285064,0.9256183445911749
relu,42,BraTS20_Training_041.npy,0.9526768807556804,0.0,0.9722941882958456,0.9338355269044605,0.8604803285391645,2.0,0.8025799696656672,0.9273844285150726,0.8069402730684416,2.23606797749979,0.7912576877486485,0.823257079489029,0.7243260079097305,5.385164807134504,0.606471814701274,0.8990328785337218,0.9296529479520063,1.0,0.9646394643580948,0.8971154600491841
relu,42,BraTS20_Training_042.npy,0.9474112871984461,1.0,0.9814812119431662,0.9156273324400316,0.9605251393994451,0.0,0.9606355529259877,0.9604147510061255,0.8647445517716381,1.0,0.8661792913018203,0.8633145569410808,0.9389133994859665,1.0,0.9376132925792481,0.9402171164149371,0.8969948379057444,1.0,0.971784820919178,0.8328940887853994
relu,42,BraTS20_Training_043.npy,0.8285627502815252,2.0,0.7652622296173388,0.9032797222001641,0.6680484049822502,4.47213595499958,0.6483259789147081,0.6890084116825149,0.44974261595843235,5.0990195135927845,0.31631097440430267,0.7778819046121659,0.6492100118505149,7.280109889280518,0.7195985818189717,0.5913648114628641,0.7478867519198467,3.3166247903554,0.6816606665943341,0.8283658363676496
relu,42,BraTS20_Training_044.npy,0.7182693369707122,7.681145747868608,0.6779112268000463,0.7637369097754224,0.70502282890404,3.7416573867739413,0.6383682434489072,0.7872195731664203,0.7524680045613601,3.0,0.7287535359153432,0.7777777718988831,0.07999999854545457,7.317707525768474,0.054726366797851575,0.14864863860482172,0.6713325013932591,8.12403840463596,0.6363059525632753,0.7104398784630387
relu,42,BraTS20_Training_045.npy,0.9464921476346264,1.0,0.9637278318117347,0.9298621307584983,0.9562235643455967,0.0,0.9796704470754564,0.9338727771845998,0.8909387638199887,1.0,0.9530411899218092,0.8364346936011825,0.8267861848053037,1.4142135623730951,0.757854035308208,0.9095127603614321,0.8512985342181411,1.0,0.8589850031500739,0.8437484069412945
relu,42,BraTS20_Training_046.npy,0.50490254445935,17.146428199482248,0.34998073844312894,0.9059116802664446,0.7983453953866066,2.0,0.7618421002510388,0.8385228034864388,0.7934609218761526,1.4142135623730951,0.7332350719732125,0.8644656745050767,0.32061067886486827,5.0990195135927845,0.3865030437728194,0.2739130315689986,0.4734525388105868,17.46424919657298,0.32278444652151383,0.8879058370424948
relu,42,BraTS20_Training_047.npy,0.8901544416566379,1.4142135623730951,0.842312330355569,0.9437585501407084,0.9330799029555439,1.0,0.9306140152089107,0.9355588932061374,0.8666247935515659,1.0,0.927002280889034,0.8136313766281866,0.8340454560277826,3.0,0.7680277729317151,0.9124798676542877,0.7731358568737435,3.0,0.6966663826139838,0.868462504934698
relu,42,BraTS20_Training_048.npy,0.6844867891393218,8.54400374531753,0.5307295049315197,0.9636713649856106,0.7731552803061885,1.4142135623730951,0.6524125956301282,0.9487394918120189,0.6888090942884227,2.0,0.5639392427048543,0.8847040669892078,0.7322929142365229,2.23606797749979,0.6443661926453085,0.8480074064132771,0.6078833445715593,9.1104335791443,0.4657459847677299,0.8748815850215831
relu,42,BraTS20_Training_049.npy,0.9255696657727128,1.0,0.9333369660266766,0.9179305784665254,0.953718479674733,0.0,0.9630425419788515,0.9445732329935232,0.8581542958274484,1.0,0.9632776076643529,0.7737178059130139,0.31980115725102604,5.744562646538029,0.19203979908418112,0.9554454972551734,0.9158426069884343,1.0,0.9234111786100099,0.9083970953879612
relu,42,BraTS20_Training_050.npy,0.9387665396961425,1.0,0.9273709482609166,0.9504456746704303,0.9422946367212701,1.0,0.9057577319777586,0.9819031322417242,0.8442520078996844,1.0,0.8715423978520624,0.8186188010895592,0.8451711315274459,1.4142135623730951,0.7594231865335741,0.9527477248145204,0.7140053521091864,11.045361017187261,0.806334622174134,0.6406480113718076
relu,42,BraTS20_Training_051.npy,0.9386951402322807,1.0,0.950933618413183,0.9267676766933808,0.9405254229447129,1.0,0.9004215558274914,0.9843681877160315,0.8846945232333434,1.0,0.8530331927866973,0.9187967445394948,0.8612543460112072,1.0,0.807147671820302,0.9231362444135315,0.9211232774521214,1.0,0.9417878017860918,0.9013461166050489
relu,42,BraTS20_Training_052.npy,0.8890133147192003,1.0,0.9936914832539699,0.8042874798281183,0.950896597636703,0.0,0.9532289490267932,0.948575631303614,0.8690592652957833,1.0,0.9056664510563786,0.8352964457732392,0.8690224689177815,1.0,0.8134100290968722,0.9327973594458929,0.8244315887218432,1.4142135623730951,0.9779373624664124,0.7125788538293034
relu,42,BraTS20_Training_053.npy,0.9571362928394587,0.0,0.9573004265871004,0.9569722152995851,0.8529669219732706,2.23606797749979,0.7615934817102016,0.9692548824636756,0.8504331712251767,1.0,0.8615588420605444,0.8395911771494446,0.7008167059336211,6.062071897723665,0.5624325889301978,0.9295214576586844,0.9381269124522739,1.0,0.9553318627667671,0.9215307005971829
relu,42,BraTS20_Training_054.npy,0.8969923279993895,1.0,0.8257891117162586,0.9816331078116304,0.9448107346813531,1.0,0.9247274473800963,0.9657857279698082,0.9017587131655558,1.0,0.8672537611324038,0.9391230906681951,0.8302289202116957,1.0,0.8779130944550999,0.7874578546359301,0.7700349842948367,2.0,0.6695637873976266,0.905981819049653
relu,42,BraTS20_Training_055.npy,0.9375487866007605,1.0,0.9672533769094259,0.9096143063197504,0.9473757142049625,1.0,0.9262295075692796,0.9695100326387932,0.8738140932965099,1.0,0.9649951538699187,0.7983765900407089,0.7665098769835279,5.477225575051661,0.626191207153103,0.9878758462951605,0.9242310798906356,1.0,0.9610617110964328,0.8901191695235
relu,42,BraTS20_Training_056.npy,0.8764161420768587,1.4142135623730951,0.7987274653815236,0.9708460274265652,0.9154927216677845,1.0,0.8780887500793391,0.9562250678997043,0.8648909076410647,1.0,0.8340634537660678,0.8980846193548292,0.8128103272015825,3.3166247903554,0.7683642328463222,0.8627140963600605,0.6799288090825787,5.0,0.5709120706850598,0.8404059034626696
relu,42,BraTS20_Training_057.npy,0.9275510609590005,1.0,0.9027896116118235,0.9537091154520715,0.9174581823495594,1.0,0.9279884365516167,0.9071642279694446,0.8660750066612797,1.0,0.878091256382107,0.8543831892743073,0.7830620938804518,3.605551275463989,0.786916478923733,0.779245280568411,0.9042945510603726,1.0,0.874988868847716,0.9356313081949518
relu,42,BraTS20_Training_058.npy,0.6900047353894451,6.48074069840786,0.6462079235401975,0.7401698251903109,0.43482450088271696,7.3484692283495345,0.36753926680189686,0.5322662169062626,0.6105847561338575,8.602325267042627,0.7541741193288997,0.5129271007675889,0.1578989509505173,9.9498743710662,0.09406601784576797,0.4912805157385126,0.6491397341627893,7.54983443527075,0.6216748501832305,0.6791435180773157
relu,42,BraTS20_Training_059.npy,0.8054857227110641,3.7416573867739413,0.8282660695932301,0.7839249193748449,0.8898018344857376,1.0,0.8880848968254467,0.8915254194114991,0.8257686646201732,1.0,0.9624573296718658,0.7230769184418147,0.5220483604406233,3.1622776601683795,0.40732518970782255,0.726732658876581,0.7810186313601377,4.123105625617661,0.8051583137743098,0.7582842921291187
relu,42,BraTS20_Training_060.npy,0.9283376721552956,1.0,0.9380150605822533,0.9188579254801094,0.944552908888192,1.0,0.9807703443438255,0.9109150570469322,0.8297941653102934,1.0,0.866250308640706,0.7962826119500468,0.9093640458294378,1.0,0.9397537853035441,0.8808782226801746,0.8658477127416617,1.0,0.8590397782766394,0.8727644154963066
relu,42,BraTS20_Training_061.npy,0.9179940419710002,1.0,0.8931257480751493,0.9442868714828369,0.9152794638223025,1.0,0.8712900813786054,0.9639468682749387,0.803781795750145,1.0,0.8199632565524139,0.78822663607325,0.8333333326504971,3.1622776601683795,0.7393137529233589,0.9547502798446297,0.6952545064320954,2.0,0.7026121892798229,0.6880493235103643
relu,42,BraTS20_Training_062.npy,0.94878964219728,1.0,0.969480528551259,0.9289634803559605,0.9583573320125987,0.0,0.9953340908465764,0.9240295438951464,0.895455913196591,1.0,0.9871611979606671,0.8193408043562681,0.8992363171141184,1.0,0.8474610151702014,0.957749660552559,0.9015882902038473,1.0,0.9130009242658907,0.8904574524685831
relu,42,BraTS20_Training_063.npy,0.889510489191497,1.0,0.9485277239399406,0.8374071567606974,0.8572388295981881,1.0,0.8447533901199821,0.8700988719055612,0.7640291130217678,1.4459972868926445,0.7218278583769837,0.8114713176485221,0.5852507340103201,2.23606797749979,0.6466753501085353,0.5344827528611773,0.8461994433239709,1.0,0.922916251319956,0.7812578927496355
relu,42,BraTS20_Training_064.npy,0.8457632140490982,3.0,0.8638939622330644,0.8283778508623262,0.9119745487370395,1.0,0.8501708149253331,0.9834684422432732,0.7746386030422273,1.4142135623730951,0.7155480031958232,0.8443672088880235,0.8488263806622858,2.23606797749979,0.7970224881063154,0.9078325712113203,0.5182792477553042,10.04987562112089,0.7616951705472239,0.392763349741347
relu,42,BraTS20_Training_065.npy,0.7037338984771305,12.529964086141668,0.9531036694157619,0.5577930773884923,0.9238461526617358,1.0,0.944429879568991,0.904140524707301,0.8793609375947817,1.0,0.9656283531484842,0.8072433379010974,0.7154861901831562,3.605551275463989,0.5831702486969643,0.9254658241387295,0.6600070394281201,19.02366783139625,0.9335261481515689,0.5104479932307249
relu,42,BraTS20_Training_066.npy,0.9301732329951337,1.0,0.9423340031852551,0.918322331991519,0.8875217878644104,1.0,0.8397904399199337,0.9410059422082868,0.7932141770413729,1.4142135623730951,0.7554529708534876,0.8349489785268508,0.8723537706818616,1.4142135623730951,0.8185697457054595,0.9337025831928456,0.8963448921223501,1.0,0.9292442044421279,0.8656954825323844
relu,42,BraTS20_Training_067.npy,0.9564985492946017,0.0,0.9465278598452503,0.9666815367416977,0.9612616276905334,0.0,0.9868917631336198,0.9369290517649665,0.8688789165350183,1.0,0.9935184763948695,0.7720261618089517,0.7602247736329222,3.7416573867739413,0.6226188565530504,0.9759126822532773,0.9265733786828503,1.0,0.9010481788686785,0.9535869135433319
relu,42,BraTS20_Training_068.npy,0.9377652530355342,1.0,0.9600945493325753,0.9164509919509504,0.9049942859275111,1.0,0.8638775868671862,0.9502205211602606,0.8383039012895933,1.0,0.8602127653473669,0.8174833181792254,0.8315604319648321,3.605551275463989,0.7514380862087808,0.930808174929178,0.804704285724169,2.23606797749979,0.9038868655669884,0.7251358693189076
relu,42,BraTS20_Training_069.npy,0.8170820937072332,4.58257569495584,0.7163949693751901,0.9507000863482541,0.9027432190861999,1.0,0.8361533393924379,0.9808570657640862,0.8227966563969418,1.0,0.8155588248892849,0.8301641046951262,0.8293493087284686,2.449489742783178,0.7245310391105135,0.9696255194385399,0.7510560487762029,6.4031242374328485,0.6475651704171951,0.8939178808139847
relu,42,BraTS20_Training_070.npy,0.8990157340630939,1.0,0.8830347550360312,0.9155858152345083,0.7501515123980275,4.123105625617661,0.613869523149728,0.96421099445172,0.6895257860891243,2.449489742783178,0.6777838808147345,0.7016816957497102,0.5973271352037288,6.48074069840786,0.43321651934826044,0.9615990537991345,0.645624000027749,4.123105625617661,0.8005973605560818,0.5409174420827934
relu,42,BraTS20_Training_071.npy,0.9304008499778117,1.0,0.961969359010704,0.9008384461311709,0.4008823421444412,19.6468827043885,0.592850209968268,0.3028258234265655,0.8007036707556577,3.3166247903554,0.6879872707335026,0.9575905204765912,0.0775869846096331,23.043437243605826,0.21586345345404376,0.047292590810099136,0.8361006361959312,2.8284271247461903,0.8126014914887983,0.8609993706448992
relu,42,BraTS20_Training_072.npy,0.7773668089925831,4.0,0.9084828891974779,0.6793239175105974,0.9443472172542429,1.0,0.9163197333545905,0.9741433527512535,0.8935295450701018,1.0,0.8995233063398728,0.887615130865669,0.7355110638702729,3.3166247903554,0.625271097948825,0.8929437100822196,0.5697025372133261,6.4031242374328485,0.8127118883186484,0.4385665528335998
relu,42,BraTS20_Training_073.npy,0.9215486670184971,1.0,0.925222938312805,0.9179034628252655,0.9486464607282888,1.0,0.9346092498466482,0.9631117598227954,0.8368649746060485,1.0,0.8245243120248158,0.8495806547766249,0.8783636851873038,1.0,0.8653099466256394,0.8918173024812788,0.854593475470306,1.0,0.8678506702182491,0.8417352173093808
swish,42,BraTS20_Training_001.npy,0.9253184769289876,1.0,0.8704657564991984,0.9875492572568827,0.9406406929215735,1.0,0.9780942454606705,0.9059497252689709,0.8866880676035298,1.0,0.935909451036007,0.8423853089214245,0.868170907067316,1.0,0.878261995157507,0.8583090742574934,0.8898016840129996,1.0,0.8143677612593319,0.9806369224988604
swish,42,BraTS20_Training_002.npy,0.885468319498246,1.4142135623730951,0.959391696122826,0.8221219018310711,0.9427711774736278,1.0,0.9674072181759455,0.9193587411256148,0.8566661604302547,1.0,0.8624217424608005,0.8509868903857363,0.929617382601366,1.0,0.9668122260187639,0.8951784080711833,0.8410159257760629,1.4142135623730951,0.9259995709444997,0.7703197974879475
swish,42,BraTS20_Training_003.npy,0.7019656130642639,5.0990195135927845,0.7745831513488164,0.6417968531045207,0.9155436945756589,1.0,0.9195926000546968,0.9115302845070927,0.86010197441029,1.0,0.9002668415601506,0.8233679047487251,0.6726825211428834,2.449489742783178,0.5593451492585928,0.8436213818184901,0.6602957827505239,5.744562646538029,0.7379582755261703,0.5974231603236811
swish,42,BraTS20_Training_004.npy,0.9586207250781232,0.0,0.971052247569863,0.9465034786504999,0.9327348423686497,1.0,0.9029346316373758,0.9645692241267573,0.892782587559364,1.0,0.9371362878531961,0.8524375893004591,0.7573838409248986,4.58257569495584,0.6462626256098357,0.9146533224951346,0.9456727688921026,1.0,0.9719600259231901,0.9207699780823064
swish,42,BraTS20_Training_005.npy,0.7706661688217123,6.324555320336759,0.6379035161211433,0.9732149862750649,0.8477105124130893,25.317977802344327,0.7486558116254026,0.9769740083239707,0.7628274514165255,25.164457594120773,0.7142712338189021,0.8184668980041035,0.5903465334357538,29.698484809834994,0.42857142728789627,0.9483101328806486,0.4865232157570519,9.273618495495704,0.3454486967747689,0.8223583429465606
swish,42,BraTS20_Training_006.npy,0.9325122448168157,1.0,0.8917339971011264,0.9771987226729847,0.9209357485616194,1.0,0.8845878934812177,0.9603986805314776,0.8252959456602829,1.0,0.9474063974395068,0.7310690420901172,0.5903522203152053,5.0,0.42781476975998045,0.9520655579792708,0.9111555999938186,1.0,0.8694664670434971,0.9570438905878522
swish,42,BraTS20_Training_007.npy,0.9228423374255768,1.0,0.9383366523966176,0.907851410788592,0.92654659309499,1.0,0.9285340578334895,0.924567617290511,0.8847571970779343,1.0,0.9155707080442106,0.855950211208333,0.8545568026614282,14.842471691189065,0.805768096510394,0.9096345484729749,0.8861179299822604,1.0,0.9051145795731934,0.8679022958288264
swish,42,BraTS20_Training_008.npy,0.8251978712518979,1.4142135623730951,0.9134347992364814,0.7525064661282161,0.8100628896852708,1.4142135623730951,0.7061403457153483,0.949852498034882,0.8009756058488994,1.7320508075688772,0.6779521000994873,0.9785458762986189,0.3402984973045225,3.7416573867739413,0.3630573017160954,0.32022470111097184,0.8138110057061377,1.4142135623730951,0.9089945437540158,0.7366718882367295
swish,42,BraTS20_Training_009.npy,0.9004270512400252,1.0,0.8487707326704567,0.9587784569290356,0.8018370749120292,3.7416573867739413,0.7063089289237304,0.9272470602841862,0.7219928996062347,3.1622776601683795,0.5893204454550361,0.9317574700466679,0.6899646821030723,10.04987562112089,0.6972708626371388,0.6828100256120149,0.8142211709116354,2.8284271247461903,0.8069421452784834,0.821632712796881
swish,42,BraTS20_Training_010.npy,0.8396192755142173,1.4142135623730951,0.8252301982251011,0.8545190458570681,0.9004374710360254,1.0,0.8534458094746271,0.9529054901773539,0.8860468922068807,1.0,0.8348524627918238,0.9439301293555806,0.6509433900854398,4.123105625617661,0.6621880870981174,0.640074199627566,0.8099797632984314,1.7320508075688772,0.801435213588455,0.8187084726762098
swish,42,BraTS20_Training_011.npy,0.9163223787748741,1.0,0.965204093009628,0.8721531294893711,0.9134095287552751,1.0,0.9357232331736309,0.892135243575767,0.7589148831840866,1.4142135623730951,0.9859715951056952,0.6168598974787519,0.45797379281244205,5.0990195135927845,0.31131870451592725,0.8658610219585436,0.8958614732960007,1.0,0.949963605402812,0.847589717627723
swish,42,BraTS20_Training_012.npy,0.873564366178374,2.0,0.8277656853639426,0.9247277721659345,0.9225976510168957,1.0,0.929951689698126,0.9153590098485984,0.8581660690778995,1.0,0.8625481318222867,0.8538283048494725,0.7607257187604575,3.1622776601683795,0.7724317261706469,0.749369214678851,0.8033467015158469,4.123105625617661,0.7440758290661903,0.8728775352502491
swish,42,BraTS20_Training_013.npy,0.9090751663067184,1.0,0.9062992293950453,0.9118681603022694,0.8865784495831837,1.0,0.8389404878989057,0.9399522077083541,0.6919684300232493,1.4142135623730951,0.7380539719285616,0.6512999767286433,0.8544357395434916,1.7320508075688772,0.768959602925915,0.9612910898507729,0.8378257584974146,1.7320508075688772,0.8546723679868342,0.8216304443908864
swish,42,BraTS20_Training_014.npy,0.895686835480454,1.0,0.9748976566573451,0.8283805844248892,0.9090485240273556,1.0,0.9428985935038693,0.8775446611004207,0.8473093642843692,1.0,0.9202103591267754,0.7851112072248221,0.589801209686084,3.605551275463989,0.5564253092450258,0.6274365567887256,0.8360277921168132,1.4142135623730951,0.9317750983978285,0.7581244696910426
swish,42,BraTS20_Training_015.npy,0.9502740424068625,0.0,0.9521019737920053,0.9484531163523242,0.7519186960743233,4.47213595499958,0.6068903090983253,0.9880272600957568,0.874676646554749,1.0,0.8826927339672376,0.8668048425146669,0.28940767867122547,11.357816691600547,0.17291066262488686,0.8870490781369067,0.9285685395567804,1.0,0.9600687667540128,0.8990697147445353
swish,42,BraTS20_Training_016.npy,0.9112002486745171,1.0,0.9459523283993551,0.8789111068210209,0.8315492803946303,3.0,0.7469207923794068,0.9378056231852673,0.5781371826999627,3.0,0.9957792947618914,0.407307426578157,0.03797599694325183,12.806248474865697,0.01957149477039268,0.636890943887576,0.8313539692129209,1.7320508075688772,0.9186541637482079,0.7592061995693319
swish,42,BraTS20_Training_017.npy,0.9316240972746753,1.0,0.9686558288095609,0.8973195528949649,0.8715100567128827,1.4142135623730951,0.8318051569972743,0.9151954595561196,0.8470151635760348,1.0,0.9525111513131226,0.7625576028081134,0.6073146378007853,4.58257569495584,0.47725003497753526,0.8348303372384472,0.9058225086037655,1.0,0.9544809466280619,0.8618845383058975
swish,42,BraTS20_Training_018.npy,0.7595403762059934,3.0,0.9254238833149805,0.6440869094622015,0.6563614733202625,12.36931687685298,0.9489194452410636,0.5016878719769206,0.6904241349138083,12.911182661256792,0.9315634163329592,0.5484543225131839,0.2863670960672727,10.835104492315262,0.5513196319261106,0.19341563587020952,0.7493855057931548,3.1622776601683795,0.9047505083391766,0.6395594727479555
swish,42,BraTS20_Training_019.npy,0.9073824558695993,1.0,0.8841473158243378,0.9318717810723703,0.9287253731259094,1.0,0.891322333726908,0.9694050386568892,0.776961504228638,1.0,0.9430347488606596,0.6606225009561518,0.5994365471895016,4.69041575982343,0.43609092562316853,0.9584357064733094,0.7865046173578792,2.0,0.7765591394509423,0.7967081454431612
swish,42,BraTS20_Training_020.npy,0.9059804814771656,1.0,0.8693519429623356,0.9458313379951968,0.8299523525205864,3.3166247903554,0.7179611774022863,0.9833383928048783,0.7282201054183034,1.4142135623730951,0.8088620190920994,0.6622000903388561,0.7147112210141982,5.385164807134504,0.5654497870203324,0.9710346401761469,0.730255627566184,6.48074069840786,0.8469485432031808,0.6418247514930026
swish,42,BraTS20_Training_021.npy,0.7935175927807164,5.0,0.7645287316825305,0.8247914530002073,0.8589525422017843,1.0,0.8013759026259025,0.9254430618752434,0.7341469876172102,1.4142135623730951,0.9214119183436166,0.6101433283128042,0.11776315750735802,13.89424120383651,0.06714178519451693,0.47860961287140075,0.7465299030942956,6.4031242374328485,0.7233960688949963,0.771192233808042
swish,42,BraTS20_Training_022.npy,0.9410145608935514,1.0,0.9686573297852759,0.914905712574195,0.9145770366145376,1.0,0.89881515784874,0.9309015919235653,0.878129571623891,1.0,0.8729487948669399,0.8833722087729801,0.7803759739984261,3.605551275463989,0.7539465200113189,0.8087257012451614,0.8793801548513646,1.0,0.938715615661611,0.8270998376014715
swish,42,BraTS20_Training_023.npy,0.9116936655523484,1.0,0.8765654254610399,0.9497549662882028,0.9468019040876475,1.0,0.9134428843355912,0.9826898281365848,0.8548803109394632,1.0,0.8636737671539968,0.8462641096163196,0.867554189394475,1.0,0.7714372427205385,0.9910313882023175,0.8448961553590596,1.4142135623730951,0.8102724919225865,0.8826109029762217
swish,42,BraTS20_Training_024.npy,0.8888093106022001,1.0,0.9071209619303088,0.871222329064007,0.8677684204251317,1.4142135623730951,0.7837806920909789,0.9719162209957373,0.835800624518321,1.4142135623730951,0.7293888964446077,0.9785650674350814,0.6764483143918513,7.0,0.6958130463567419,0.6581322515046376,0.8287318298269083,1.4142135623730951,0.8893534952059404,0.7758471799214092
swish,42,BraTS20_Training_025.npy,0.9162032248446281,1.0,0.959039720990912,0.8770297867009078,0.9656090345569226,0.0,0.9729605242697009,0.9583678041796675,0.8997643141827909,1.0,0.9307061315145378,0.8708136534613495,0.9537256946486425,0.0,0.9381289787748363,0.9698497791974894,0.8341124732760282,1.4142135623730951,0.9060994303257501,0.7727219665275087
swish,42,BraTS20_Training_026.npy,0.9386581521883915,1.0,0.96004996549688,0.9181988641959606,0.7411344616974495,6.4031242374328485,0.7787929995191495,0.7069498971147525,0.7192670642970531,2.23606797749979,0.7178999828020358,0.7206393620280508,0.3128063724292255,13.674794331177344,0.3634421995519781,0.27455462166416494,0.8777385207146544,1.4142135623730951,0.8917624120261987,0.8641488808383223
swish,42,BraTS20_Training_027.npy,0.7279828415242933,6.4031242374328485,0.9956187731071271,0.5737507889485141,0.9113680523073995,1.0,0.932042654967126,0.8915907547648909,0.8312089130486069,1.0,0.8034606200456679,0.8609423944370933,0.8003881904176177,3.7416573867739413,0.9054663112152245,0.7171624707394394,0.6121146083844543,9.055385138137417,0.967285073125431,0.4477196447913029
swish,42,BraTS20_Training_028.npy,0.852174712870673,1.7320508075688772,0.9046293578940183,0.805469802684695,0.8506408751880322,1.4142135623730951,0.8476057083849502,0.8536978566173857,0.6734496670985906,2.0,0.6403632032857386,0.7101414520377111,0.841796874314944,1.0,0.9005746110037008,0.7902215419553529,0.3720211824271689,5.830951894845301,0.4611597365770246,0.31176035464526586
swish,42,BraTS20_Training_029.npy,0.9410488070750234,1.0,0.9388301709773972,0.9432779539869349,0.9417268655371677,1.0,0.9256153625566468,0.9584091850463392,0.8953145909011025,1.0,0.8798456395722757,0.9113372076465531,0.8126126101723344,2.23606797749979,0.7991730608436323,0.8265119069852663,0.9297279585585423,1.0,0.9293811523683277,0.9300750235031547
swish,42,BraTS20_Training_030.npy,0.867460025310419,1.4142135623730951,0.8541257712626334,0.8812172196207906,0.4328720740347151,33.85262175962151,0.7447131812780636,0.3051102462749104,0.797217503197268,1.7320508075688772,0.8014311257091704,0.7930479549516448,0.029981767823633085,35.90264614203248,0.12700228760296176,0.01699716712579652,0.7758886804089066,3.3166247903554,0.7146606591375232,0.8485910919557731
swish,42,BraTS20_Training_031.npy,0.9214307885574994,1.0,0.9288992513279053,0.9140814624972429,0.8959666401437977,1.0,0.8744342697700472,0.9185862230794287,0.8595269257527283,1.0,0.8402028875707352,0.8797607651293011,0.7597261120761546,3.7416573867739413,0.7375736504946765,0.7832504399434455,0.8595960059946076,1.0,0.8814237452806493,0.8388232334425045
swish,42,BraTS20_Training_032.npy,0.8897723917273264,1.0,0.9669811317105732,0.8239814782391777,0.8935376262527456,1.0,0.9067125640236876,0.8807400797588386,0.779409745696907,1.0,0.8906200973641952,0.6928896837838515,0.7580442334802543,4.242640687119285,0.6513283327172641,0.9065817393726439,0.6417997747393477,3.0,0.7863285548111042,0.542151272867996
swish,42,BraTS20_Training_033.npy,0.9534992568357858,0.0,0.9469907029076015,0.9600978948489327,0.9479726688482933,1.0,0.9086019294154786,0.9909099046252419,0.9159218297482435,1.0,0.9441564114284737,0.8893268999239075,0.7256249081087378,5.744562646538029,0.5947759398576852,0.9302848558278021,0.931506153478456,1.0,0.9331603316610023,0.9298578294228144
swish,42,BraTS20_Training_034.npy,0.9414096249707637,1.0,0.9518853809581551,0.9311619359977821,0.9292397862160949,1.0,0.8951872844514421,0.9659854152355628,0.8345905521978673,1.4142135623730951,0.785755218671406,0.8898984743915913,0.8910798581601396,1.0,0.8815859883816172,0.9007804340106476,0.8732831865605584,1.0,0.9232849658875064,0.828419004905645
swish,42,BraTS20_Training_035.npy,0.8663915681991597,1.7320508075688772,0.8789232951896688,0.8542121733596203,0.85228027617944,2.0,0.8383048454948753,0.8667295770976623,0.7764642392066269,1.0,0.948850053190648,0.6570857711839344,0.5279419211750965,6.4031242374328485,0.3917564518534384,0.8092650096538432,0.7061175125632214,3.7416573867739413,0.7540177928131663,0.6639396043136206
swish,42,BraTS20_Training_036.npy,0.8781477202614448,1.0,0.9492039928836994,0.8169889097038908,0.8551174117367147,1.4142135623730951,0.8394224063336423,0.8714105095333023,0.82797612728722,1.4142135623730951,0.7658338160646256,0.9010938903803695,0.5974625109719578,5.744562646538029,0.885470070333845,0.45082680199454483,0.7636065885928106,3.3166247903554,0.8734023789407201,0.6783330475112673
swish,42,BraTS20_Training_037.npy,0.876448609941273,2.0,0.7871260582064269,0.98863868283634,0.9458093893644564,1.0,0.9267380584197101,0.9656821498624265,0.8603951886954485,1.0,0.8358022109772569,0.8864793089278754,0.8526321575154672,1.0,0.8467169224880182,0.8586306216944044,0.8487894751292911,2.23606797749979,0.752149432875482,0.973924296786039
swish,42,BraTS20_Training_038.npy,0.9071950530357883,1.0,0.8949806948819657,0.9197474179596472,0.8787791698932665,1.0,0.8870130244286795,0.8706967735782064,0.8024115524772569,1.4142135623730951,0.8171748596485481,0.788172214793465,0.7850695287703979,2.23606797749979,0.7759452153009788,0.794410979762604,0.8060256069256019,2.0,0.7838795235089308,0.8294594083952798
swish,42,BraTS20_Training_039.npy,0.8967138620544315,1.0,0.9856710313799257,0.8224843499746569,0.9215031312835325,1.0,0.9283836360666823,0.9147238623382428,0.873454071725905,1.0,0.889287384305873,0.8581747040417014,0.8983036950763716,1.4142135623730951,0.8851744171751059,0.9118283132393474,0.8306155349485139,1.7320508075688772,0.9571493829885337,0.7336305701034966
swish,42,BraTS20_Training_040.npy,0.942970385845686,1.0,0.937683120830965,0.9483176149580858,0.9572076653989912,0.0,0.9316153682677566,0.9842457658073439,0.8854894911382039,1.0,0.8420306765413343,0.9336784207913859,0.9383341243502837,1.0,0.9398214186401324,0.9368515295007892,0.9076167636825171,1.0,0.911517666876575,0.9037491064841838
swish,42,BraTS20_Training_041.npy,0.949519280052724,1.0,0.9822184468065097,0.9189271521961685,0.8506897598456461,1.7320508075688772,0.8519131867411199,0.8494698410833741,0.8042499994973438,2.0,0.8420363815704275,0.7697092944494446,0.7043989100094585,4.47213595499958,0.6414404993699361,0.7810613257672026,0.9211893857448124,1.0,0.9588080184985619,0.8864112259139276
swish,42,BraTS20_Training_042.npy,0.9439230211563582,1.0,0.9860927247223501,0.9052121308033583,0.9609545016244553,0.0,0.9700615625794922,0.9520168465110639,0.8691304238052598,1.0,0.910250427277311,0.8315649863435179,0.9320599423008877,1.0,0.9066465252232394,0.9589391271454764,0.889174459514279,1.0,0.9702980330572758,0.8205692402067298
swish,42,BraTS20_Training_043.npy,0.7889941091955865,3.1622776601683795,0.70675144922206,0.8928981297195375,0.7156876102523596,2.8284271247461903,0.6814170767176005,0.7535878289988693,0.30732148144826305,6.557438524302,0.19435975535686068,0.7338129390818282,0.7177454859376966,3.3166247903554,0.8018496639082061,0.6496094362352791,0.739237509642955,4.358898943540674,0.6513810851356252,0.8544884805126276
swish,42,BraTS20_Training_044.npy,0.7819049148357439,3.4641016151377544,0.7617754565212661,0.8031270640810796,0.6626120337304352,4.123105625617661,0.5705622901292046,0.7900763298467456,0.7148014411760872,4.242640687119285,0.6310198255593497,0.8242368101365698,0.2662440528328993,22.449546592846914,0.20895521868270603,0.3668122110562353,0.7480549866194632,3.7416573867739413,0.7376557448444533,0.7587516312099492
swish,42,BraTS20_Training_045.npy,0.9493617265570178,1.0,0.9593100677503952,0.9396176022049857,0.9581313276065819,0.0,0.977994150620944,0.939059262523063,0.8883367127031099,1.0,0.9588098368184369,0.8275139205530049,0.814321969677508,1.4142135623730951,0.7172547119881255,0.9417737577806015,0.8567407676556852,1.0,0.8529396500303721,0.8605759160050848
swish,42,BraTS20_Training_046.npy,0.5059001629326333,16.3707055437449,0.35862087932457737,0.8584507964310033,0.5157152009499355,6.708203932499369,0.7934210474117036,0.38200823445673665,0.7716966349816393,1.4618891491524915,0.7273397146106138,0.8218151471955442,0.05663048581108784,11.874342087037917,0.3680981369264947,0.0306748464689425,0.42397592152667707,16.911534525287763,0.28519326854138377,0.8258627851759976
swish,42,BraTS20_Training_047.npy,0.889211874532611,1.4142135623730951,0.829996985165059,0.9575250631726625,0.9359143287626144,1.0,0.9414098896408749,0.9304825569762798,0.8579834256917342,1.0,0.9204399859628012,0.8034642660110571,0.8446660300476174,2.23606797749979,0.7898164983336695,0.907702245351787,0.7656492413595897,3.0,0.6656302353031731,0.9010416664934959
swish,42,BraTS20_Training_048.npy,0.6785801386429771,7.615773105863909,0.5233763122803871,0.9646369131589531,0.8875334708605572,1.0,0.8618896247850631,0.9147500738584787,0.7763603208113503,1.0,0.7305242492379997,0.8283333287314815,0.803887536258634,1.7320508075688772,0.8154929520035707,0.7926077974496386,0.6068627704836083,8.12403840463596,0.45178058792312026,0.9240656979099693
swish,42,BraTS20_Training_049.npy,0.9268332119791564,1.0,0.9370606504755307,0.9168266153201061,0.9553198318275797,0.0,0.9578856876710665,0.9527676833666004,0.8582657813089343,1.0,0.957522606309886,0.7776541269137456,0.2972292166479495,5.744562646538029,0.17611940123264277,0.9516128520638252,0.917558928411425,1.0,0.9283914361538143,0.9069762932200708
swish,42,BraTS20_Training_050.npy,0.9429716222739616,1.0,0.9482644120267344,0.9377375884444832,0.954911282981036,0.0,0.9327101100354037,0.978195129559415,0.8527960030017462,1.0,0.9177625183268243,0.796419135196914,0.8450668035641914,1.4142135623730951,0.7513420900196053,0.9655071183892899,0.7102472267080749,9.219544457292887,0.8230980006261299,0.6246101152072594
swish,42,BraTS20_Training_051.npy,0.9416847003310466,1.0,0.9521263468822796,0.9314695893541701,0.9406674171831344,1.0,0.9040674484994489,0.9803558185196715,0.8825297673696937,1.0,0.8624952301697861,0.9035171855287633,0.836717114757331,1.4142135623730951,0.7642166761874204,0.9244154406622744,0.924392014817751,1.0,0.9424415473636324,0.9070208552242806
swish,42,BraTS20_Training_052.npy,0.8895074318068146,1.0,0.9880088116487235,0.8088660256985907,0.9469224508721115,1.0,0.9387137954850387,0.9552759345173522,0.8588391847380289,1.0,0.9004078118690623,0.8209393338346973,0.8535019056256252,1.0,0.7645155477898337,0.9659323166796905,0.8210348610076753,1.4142135623730951,0.9701575898782535,0.7116476439240129
swish,42,BraTS20_Training_053.npy,0.9590211862928342,0.0,0.9675071679744621,0.9506827709211894,0.8641063899934274,2.23606797749979,0.7817725352746092,0.9658239694722472,0.8411764701464409,1.0,0.8840803699667914,0.8022440384669965,0.6962785110411407,5.744562646538029,0.5533891972509838,0.9386433986227929,0.9376330810368454,1.0,0.9624624021686414,0.9140526210854788
swish,42,BraTS20_Training_054.npy,0.895181165772853,1.0,0.8218388648263217,0.9828965268313877,0.9400615247492707,1.0,0.9104585290427376,0.9716542615645323,0.9022488149345778,1.0,0.8722256520741476,0.9344125323117798,0.8436850605374547,1.0,0.8240866022792263,0.8642384092333043,0.7643666571541763,2.0,0.6678490050344486,0.8934946571673492
swish,42,BraTS20_Training_055.npy,0.9385646096475283,1.0,0.9754756268152596,0.9043451000351151,0.9461293164576534,1.0,0.9446551951330069,0.9476080450206523,0.8571882441847031,1.0,0.980377905789271,0.7615015516403222,0.7487963742577208,5.744562646538029,0.6095911456969088,0.9703939296051041,0.9248127299085911,1.0,0.9669009177832628,0.8862358099091806
swish,42,BraTS20_Training_056.npy,0.8711922949670811,1.7320508075688772,0.7926732862638246,0.9669771377911898,0.9210208968495877,1.0,0.8957617040275822,0.9477459709839716,0.8721366835805868,1.0,0.8684897557995974,0.8758143681946389,0.7900296272123988,3.7416573867739413,0.7196667440510834,0.8756424887555077,0.6543757015143958,5.0990195135927845,0.5338411104252598,0.8452144704280152
swish,42,BraTS20_Training_057.npy,0.9311302304630775,1.0,0.9035531308823015,0.9604436706391065,0.9204043734597053,1.0,0.9482230905048264,0.894171409529246,0.8740700214036816,1.0,0.9275513747503177,0.8264197777734357,0.7848866485560259,4.0,0.7421403596629395,0.8328581581152595,0.9081069636987373,1.0,0.8730806903951098,0.9460610654151131
swish,42,BraTS20_Training_058.npy,0.7320074434206391,6.164414002968976,0.7171984844049409,0.7474408571847215,0.49408032871061064,17.52141546793523,0.6433391502947416,0.40103713359405385,0.5750485224417465,9.52099635238683,0.7950208694170828,0.4504222969168731,0.3886642763030497,21.470910553583888,0.4860713599636793,0.32377986761325633,0.5994649098172299,7.810249675906654,0.5425322397153007,0.6697473812809532
swish,42,BraTS20_Training_059.npy,0.7906174541241339,4.358898943540674,0.7074619952513844,0.8959249482576347,0.8824972109643318,1.0,0.9546550846374573,0.8204809252882216,0.7291203533530632,2.23606797749979,0.9795221759426436,0.5806777917011745,0.44610778109200766,3.3166247903554,0.3307436145311475,0.6850574555159206,0.7582997205760758,4.69041575982343,0.6662193329141458,0.8799158076437821
swish,42,BraTS20_Training_060.npy,0.9366955933203711,1.0,0.9526172818603943,0.9212973738905371,0.9261314184989485,1.0,0.9861569646724132,0.8729938981507988,0.8294873951969324,1.0,0.9135542908028974,0.7595886885554815,0.8865326789875685,1.4142135623730951,0.9154591998499514,0.8593781955106473,0.8613217350312419,1.0,0.8489860954058489,0.8740211297529593
swish,42,BraTS20_Training_061.npy,0.8861038929137204,1.7320508075688772,0.9229700594380982,0.8520696971289272,0.923193742768065,1.0,0.9066368375043723,0.9403666169538506,0.7892351664301505,1.0,0.8665033667077413,0.7246191259446689,0.8226075351595469,2.8284271247461903,0.7173596965435306,0.9640484545446494,0.6545369718599621,12.36931687685298,0.7517749487585065,0.5795724459572731
swish,42,BraTS20_Training_062.npy,0.9508989597965839,0.0,0.96431537014874,0.9378507486560096,0.9637073396046354,0.0,0.9943570415356907,0.9348906092996211,0.8990668012092284,1.0,0.9892180602497369,0.8239747980479786,0.9002448801430949,1.0,0.8360155933446544,0.9751646936540753,0.9064255940612557,1.0,0.9104670761883021,0.9024198328318599
swish,42,BraTS20_Training_063.npy,0.8806092306748482,1.0,0.9463097507102793,0.8234393712076139,0.8313515310143167,1.4142135623730951,0.8215822548110484,0.8413559293513357,0.7686736062275383,2.0,0.753327414581511,0.7846580370394729,0.5730843491752456,2.449489742783178,0.5801825217707625,0.5661577536112246,0.8309082689422014,1.4142135623730951,0.9144619047996202,0.7613448155338317
swish,42,BraTS20_Training_064.npy,0.8561966202180272,2.23606797749979,0.8553253665026013,0.8570696506110573,0.9049920360956075,1.4142135623730951,0.8319004891902365,0.9921645297983427,0.7605051734397592,1.4142135623730951,0.6983574056362624,0.834794677939404,0.8459148235123481,2.8284271247461903,0.7782336717162768,0.9264894296053572,0.5419914196576915,9.486832980505138,0.7586141846336681,0.42160254379508594
swish,42,BraTS20_Training_065.npy,0.7558055095165852,5.0,0.9820525170713673,0.6142853553471418,0.9226310472245073,1.0,0.9596330250075149,0.8883766054637792,0.876948050524435,1.0,0.9670605049514481,0.8021977998152723,0.7409909868187444,3.7416573867739413,0.6438356101385948,0.8726790335188458,0.7154454363295392,6.4031242374328485,0.9631596410966007,0.5690833705263662
swish,42,BraTS20_Training_066.npy,0.9370317979010293,1.0,0.9454757358671898,0.9287373484438796,0.9120963179192815,1.0,0.8868766568224069,0.938792276503634,0.8096440867912491,1.0,0.8138488161409708,0.8054825804620416,0.8950739298686852,1.0,0.83284284750906,0.9673560058667647,0.9040556561188224,1.0,0.9239175161346262,0.8850297825672236
swish,42,BraTS20_Training_067.npy,0.9574421249148182,0.0,0.949940394311538,0.965063281688032,0.9611189127252054,0.0,0.9760018435147353,0.9466830601501471,0.8811566185652698,1.0,0.9848314349440377,0.7972308249964545,0.7748500116271418,3.0,0.6460701131374499,0.9677496691430888,0.9280897809738418,1.0,0.9108249752705811,0.9460217459076247
swish,42,BraTS20_Training_068.npy,0.9336746763211266,1.0,0.9603204948275305,0.9084676091896633,0.9014919839215562,1.4142135623730951,0.8604280910252879,0.9466718564465189,0.8369285637926785,1.0,0.865390070308234,0.8102795664982538,0.8214797536118582,4.358898943540674,0.7375618121215249,0.926945271782012,0.7950009325135233,2.23606797749979,0.90227792323555,0.7105228058447176
swish,42,BraTS20_Training_069.npy,0.8012963080338469,6.708203932499369,0.6980871558282097,0.9403182790346073,0.9203133725421055,1.0,0.8727418474984276,0.973369946684536,0.8263781233873696,1.0,0.8526006008236193,0.8017205072479574,0.8428205804598532,2.449489742783178,0.7423049016777361,0.9748213671488116,0.7273178922741568,8.54400374531753,0.6171213704669746,0.8854239747326208
swish,42,BraTS20_Training_070.npy,0.8923348079569575,1.4142135623730951,0.8683946081173299,0.9176324122741011,0.7956111082124709,3.0,0.67916454098533,0.9602516324236681,0.699104924609004,2.0,0.6956760568973742,0.7025677597855701,0.671177111211749,5.385164807134504,0.5192742755980685,0.9486992455233818,0.6556741399232812,4.123105625617661,0.7613676886762805,0.5757483816829327
swish,42,BraTS20_Training_071.npy,0.9302880005838535,1.0,0.960339662912845,0.9020600666297669,0.4132179713657149,19.6468827043885,0.6412164344649971,0.3048292832193096,0.8110530932900267,3.0,0.6981702460635082,0.9674787774584073,0.09076481886272103,23.065125189341593,0.2727576970000708,0.05444039943407355,0.8132582491712319,3.0,0.7806278943299583,0.8487355118562117
swish,42,BraTS20_Training_072.npy,0.7810484355710083,3.605551275463989,0.924621310528416,0.6760699859922777,0.946669789853019,1.0,0.9297953457798773,0.9641680486777923,0.8858725607863145,1.0,0.9175063508927278,0.8563474088567077,0.6873133887434498,3.7416573867739413,0.5535124935846181,0.9064237169449912,0.5822365828096937,6.082762530298219,0.8419133355625442,0.44498652324991544
swish,42,BraTS20_Training_073.npy,0.9199968220136425,1.0,0.9103978074731243,0.9298004127254414,0.9227098941970607,1.0,0.8910154168048819,0.9567423563638574,0.8298944460669949,1.0,0.8269556016628377,0.8328542522805767,0.82430284581397,1.7320508075688772,0.7638238040382598,0.8951828010431778,0.8392103077129948,1.4142135623730951,0.8427691189406419,0.8356814258066125
prelu,42,BraTS20_Training_001.npy,0.9221762598768557,1.0,0.8662294522247124,0.9858488784812434,0.9451782240593992,1.0,0.973532476328926,0.9184288708234819,0.8883260972902752,1.0,0.9293129547511668,0.8508019269847529,0.8784164049298391,1.0,0.8792980632783151,0.877536512293178,0.8879248387510877,1.4142135623730951,0.8133430245928851,0.9775655025042739
prelu,42,BraTS20_Training_002.npy,0.8859762823437689,1.4142135623730951,0.958884278876685,0.8233718634411447,0.9548492871248426,0.0,0.963906040509322,0.9459611414094077,0.8539325836213691,1.0,0.858757060835613,0.8491620098910434,0.9543787742912108,0.0,0.9660480338798603,0.9429880637862447,0.8462814583983727,1.4142135623730951,0.9347915080931064,0.7730826896717424
prelu,42,BraTS20_Training_003.npy,0.7462381754979736,3.1622776601683795,0.8826450159752256,0.6463492529858614,0.9172932318511101,1.0,0.915572230191444,0.9190207131584054,0.8574153539065088,1.0,0.8995997301547707,0.8190100187700879,0.689714773641186,3.0,0.5443383281809232,0.941037713654771,0.7139209995220778,3.7416573867739413,0.863284245718943,0.6086192444349043
prelu,42,BraTS20_Training_004.npy,0.956158471212823,0.0,0.9718858761465637,0.9409319733118517,0.9372847794126022,1.0,0.9141861535269381,0.9615809225164138,0.8944665507279983,1.0,0.944751777466232,0.8492637555868873,0.7693570126198013,4.242640687119285,0.6629292922596673,0.916492108760659,0.9448746845453407,1.0,0.9732352002199349,0.9181202436101727
prelu,42,BraTS20_Training_005.npy,0.7815123463878003,6.4031242374328485,0.6542243728290046,0.9702962729304396,0.8553624413499947,25.050946117749845,0.7640287763998268,0.9714973510144465,0.7713266985411491,24.879710609249457,0.7345428737740292,0.8119887946084159,0.5780370898561428,30.62678566222711,0.4153938292441035,0.9499999934931508,0.5111434645412214,9.273618495495704,0.3669990344692843,0.8417558065593662
prelu,42,BraTS20_Training_006.npy,0.9335843952681698,1.0,0.8989287075494868,0.9710193359106084,0.9200023400315915,1.0,0.8781326779365349,0.9660646268666753,0.8109367551919692,1.0,0.9208289902506097,0.7244772445439565,0.5745522696881327,5.744562646538029,0.417524212864445,0.9208945250101307,0.9124798295858089,1.0,0.8822449346873579,0.9448605884555212
prelu,42,BraTS20_Training_007.npy,0.9188352825391282,1.0,0.9506390700202588,0.889090608801761,0.9302522784978523,1.0,0.9182797939538769,0.9425410794301997,0.8865846789754966,1.0,0.8954375695803904,0.8779051243586357,0.8526528693750539,15.770218411048731,0.8063566780272022,0.9045889702720733,0.883471492614777,1.0,0.9273663231725785,0.8435441964704415
prelu,42,BraTS20_Training_008.npy,0.8023465016848255,1.7320508075688772,0.9467751096053657,0.6961502098155024,0.7932053146484294,5.477225575051661,0.7850877135593004,0.8014925313321453,0.8325832545788332,1.393502884254365,0.7638315378709204,0.9149356981707646,0.2757201589357992,22.343799656922762,0.4267515651750595,0.20364741022348298,0.7914141015519413,1.7320508075688772,0.9402961805330331,0.6832340346865337
prelu,42,BraTS20_Training_009.npy,0.9035257815889908,1.0,0.860642699843207,0.9509064164899104,0.8189129002775151,2.8284271247461903,0.7257694374646564,0.9394839584214082,0.738240777803422,2.449489742783178,0.6145262370848261,0.9243225670268836,0.7117104609396706,7.3484692283495345,0.7076825995000463,0.715784434673986,0.8322296031263253,2.23606797749979,0.8359774214910418,0.8285152388162961
prelu,42,BraTS20_Training_010.npy,0.8482802576841575,1.4142135623730951,0.8129680322135318,0.886799437109943,0.8976401844619165,1.0,0.8457249058539822,0.9563459968369508,0.8757661082692015,1.0,0.8167773817136145,0.9439385807106971,0.6407239761020455,3.9483314773547766,0.6794625589354596,0.6061643731821169,0.8221069844957428,1.4142135623730951,0.7903889051010861,0.8564771665725543
prelu,42,BraTS20_Training_011.npy,0.9012643990456586,1.0,0.9682815389177432,0.8429235900854783,0.9122396438510463,1.0,0.9390960769595297,0.8868765918393915,0.7538998217903641,1.4142135623730951,0.9918600606306546,0.6080263291134661,0.44847699214439896,5.196152422706632,0.30067347316820886,0.8820904978834258,0.8782397991348015,1.4142135623730951,0.953156918229318,0.8142412996060091
prelu,42,BraTS20_Training_012.npy,0.8726205995970305,1.7320508075688772,0.8445159456028151,0.9026602377346976,0.9195573785157545,1.0,0.8932367138970572,0.947476299068055,0.8480601599315842,1.0,0.8307383210602071,0.8661197401533955,0.7814781004072124,3.3166247903554,0.7425227536084839,0.8247472276131572,0.8073066217238797,3.7416573867739413,0.7802826519874119,0.8362696193491651
prelu,42,BraTS20_Training_013.npy,0.8956541061240749,1.0,0.9132911800182801,0.8786853249566718,0.9008660061750042,1.0,0.848090814689996,0.9606452610967541,0.7012987004553888,1.4142135623730951,0.7219608796188143,0.6817862972134995,0.8777491990563492,1.4142135623730951,0.7965891760703229,0.977323201662977,0.8273653478271917,1.4142135623730951,0.8732549362114027,0.786057964229011
prelu,42,BraTS20_Training_014.npy,0.8948555720634628,1.0,0.968857523046832,0.8313560690877263,0.8993822184798312,1.0,0.9341938840360859,0.8670717809387591,0.8414605660495003,1.0,0.9167609133019899,0.7775912510059997,0.5759011087246413,4.0,0.5419656441161496,0.6143702235464996,0.8365610579586804,1.4142135623730951,0.9244957535402457,0.7639015067253686
prelu,42,BraTS20_Training_015.npy,0.9445949119004072,1.0,0.963164574060903,0.9267277460064104,0.7339286346956745,4.58257569495584,0.5835266161772209,0.9887845082546161,0.8615108916046867,1.0,0.8544767819879174,0.8686617720286146,0.27623878240710226,12.24744871391589,0.1632276655178932,0.8979074134565161,0.9217867021596375,1.0,0.9739150635652899,0.8749551263660384
prelu,42,BraTS20_Training_016.npy,0.9119067555507077,1.0,0.9601451556283144,0.8682835501531733,0.8071872064349623,3.3166247903554,0.7009395840755221,0.9513992133507123,0.6185940177608605,2.23606797749979,0.9967001757373186,0.448465177152562,0.08120720779330068,12.083045973594572,0.042494028718229646,0.9127105596270249,0.8248650356680483,2.0,0.9412476439791926,0.7340961263840434
prelu,42,BraTS20_Training_017.npy,0.9245214602891029,1.0,0.9764868323261722,0.8778074744391567,0.868582230295432,1.4142135623730951,0.8228510022758947,0.9196957558689386,0.8402025505799612,1.0,0.9431572874612789,0.7575127129478586,0.6007926992342218,4.898979485566356,0.46484096353609905,0.8491401749631574,0.8988894105850584,1.0,0.965435544860436,0.8409255758450298
prelu,42,BraTS20_Training_018.npy,0.7300893512619339,5.0990195135927845,0.861459117577997,0.6334849221134928,0.6338639642484902,15.524174696260024,0.968074651433818,0.471192922612496,0.6389763766949285,14.7648230602334,0.9575221182447072,0.4794682408287496,0.32660227983667883,17.832554500127006,0.5454545294588115,0.2330827038460814,0.7245171976660338,5.385164807134504,0.8426229506180153,0.6354497544333941
prelu,42,BraTS20_Training_019.npy,0.8939393938343975,1.4142135623730951,0.8688951296050197,0.9204702123889242,0.8827185404033904,1.0,0.7983647243887844,0.9870036095144383,0.8126135946871076,1.0,0.9112401906539894,0.733251331912053,0.5587439801050571,5.385164807134504,0.39454071138947205,0.9570621447298031,0.7364142328525599,3.0,0.7597419351571002,0.7144763982063357
prelu,42,BraTS20_Training_020.npy,0.9015647694502623,1.4142135623730951,0.8717379972854731,0.9335049148231881,0.8438538205571393,3.0,0.7427090525610845,0.9768902143932262,0.7155855951847414,1.4142135623730951,0.8566741619579481,0.6143982654890021,0.7051683328713627,4.898979485566356,0.5533955819116622,0.971650538177992,0.7358764487882761,5.0990195135927845,0.846822114102837,0.6506341760358255
prelu,42,BraTS20_Training_021.npy,0.8081596003243413,2.449489742783178,0.7814314393669131,0.8367809410700809,0.8688100509342109,1.0,0.8294231772280417,0.9121241495400114,0.7064726534038226,1.4142135623730951,0.9377289346062971,0.5667136233312264,0.12201963491577968,10.04987562112089,0.0652663163343349,0.9354838206729128,0.7638535083263549,3.1622776601683795,0.7402930518002203,0.788962924726136
prelu,42,BraTS20_Training_022.npy,0.943129255541764,1.0,0.9638421561167617,0.9232878637430336,0.9082724267996726,1.0,0.8660116849345525,0.9548693583261825,0.8656121004887907,1.0,0.8574172653216523,0.8739650923730337,0.7986204421756605,3.7416573867739413,0.7180251282876731,0.8995963663979856,0.8811335931091969,1.0,0.9498145724634308,0.8217154462141733
prelu,42,BraTS20_Training_023.npy,0.9141601051993045,1.0,0.8949979328125385,0.9341607652645597,0.9447762073716146,1.0,0.911731141782648,0.9803067478648425,0.8605988130154079,1.0,0.8554448195524872,0.8658152870018367,0.8880244964925726,1.0,0.814235846389079,0.9765198380478344,0.8501370565251548,1.0,0.8411662495905555,0.8593012680811718
prelu,42,BraTS20_Training_024.npy,0.8746282517122737,1.4142135623730951,0.9326927610312788,0.8233696216957006,0.8129124818993825,3.3166247903554,0.7561003504818895,0.8789557659431985,0.8346715522889822,1.4142135623730951,0.7343194421209314,0.966793582818305,0.5128468649256194,15.394804318340652,0.5830574477447762,0.4577281754200762,0.8098734406556655,2.0,0.9130427360538907,0.7276523394004825
prelu,42,BraTS20_Training_025.npy,0.9095351361943783,1.0,0.9580729058978344,0.8656782527387661,0.9610240528362978,0.0,0.975344766594775,0.9471177876431587,0.8859622864994252,1.0,0.9338610675535702,0.8427373429740463,0.9541226711677305,0.0,0.93489422831439,0.9741586854774177,0.8232197908585582,1.7320508075688772,0.89914586046344,0.7591180139696024
prelu,42,BraTS20_Training_026.npy,0.945996737403115,1.0,0.9615175635093788,0.9309690260422187,0.7665779318687258,4.58257569495584,0.7340818604147217,0.8020843110812492,0.7071398393098564,2.449489742783178,0.7069606349438416,0.707319134251471,0.33780600208040257,8.602325267042627,0.2934947047312497,0.3978767035856235,0.8961890027328859,1.0,0.9237030846790821,0.8702666176246971
prelu,42,BraTS20_Training_027.npy,0.7142864826971977,7.0710678118654755,0.9961889327517421,0.5567397592925463,0.920334393778467,1.0,0.9162239794922976,0.924481854631747,0.8367798644037249,1.0,0.7894988062115162,0.8900847565652599,0.8264375687416657,3.0,0.906044145491686,0.7596899217444866,0.5968929225597992,9.1104335791443,0.9792894383462375,0.42927000388764947
prelu,42,BraTS20_Training_028.npy,0.8641560650430982,1.4142135623730951,0.917179411604073,0.8169283629172597,0.8416577394075865,1.4142135623730951,0.8384020269184994,0.8449388352971241,0.6783056344478173,1.7320508075688772,0.6551724130848855,0.7031322497643477,0.8379301717874093,1.0,0.8755006079131106,0.8034515806911928,0.3530190480598521,4.69041575982343,0.4376367606899403,0.29582152065102735
prelu,42,BraTS20_Training_029.npy,0.9377891044301164,1.0,0.9413160974256521,0.9342884430222399,0.9383027999310011,1.0,0.903976195693838,0.9753392660508693,0.8837081221810849,1.0,0.8444132593502662,0.9268386582078578,0.8389021454686689,1.0,0.830478435732555,0.8474984879596233,0.9273376364963996,1.0,0.9358589440952273,0.9189701072205102
prelu,42,BraTS20_Training_030.npy,0.8641246486503225,1.4142135623730951,0.861997805407544,0.8662620130636052,0.8409828459891497,2.0,0.8039761924731212,0.8815606763655087,0.8128637053500278,1.0,0.8632297920584977,0.7680509321834019,0.23835213222975904,21.498832657038008,0.13901601751135,0.8350515176958242,0.8548910371481299,1.4142135623730951,0.8558539838525127,0.8539302547950931
prelu,42,BraTS20_Training_031.npy,0.91952927546071,1.0,0.9353663024990346,0.9042196043863696,0.9155535190294375,1.0,0.9113777493908087,0.9197677297313431,0.8801766977544228,1.0,0.8740632421522284,0.8863762739173419,0.767806052727145,2.8284271247461903,0.7703580589660703,0.765270897845909,0.859218092198419,1.0,0.884084775344125,0.8357119918586163
prelu,42,BraTS20_Training_032.npy,0.8952501448160595,1.0,0.9612452826561338,0.8377347318585409,0.8873219491724514,1.0,0.8988525525537278,0.8760834307017372,0.7745575318374096,1.4142135623730951,0.8900972488862311,0.6855670097571143,0.7739613013544613,4.358898943540674,0.6559044099963082,0.9438448857804191,0.6446235062310718,2.449489742783178,0.7673649385144818,0.5557329922103698
prelu,42,BraTS20_Training_033.npy,0.9515532543987693,0.0,0.9442586852924271,0.9589614045917706,0.9440711078549345,1.0,0.9027304451230834,0.9893798933537126,0.9141313354882475,1.0,0.929976887419591,0.898816710396754,0.724078834101629,5.385164807134504,0.6074766347861531,0.8960763504841351,0.9285863107621805,1.0,0.9297817126209961,0.9273939786711672
prelu,42,BraTS20_Training_034.npy,0.9393624523702448,1.0,0.9526825591656184,0.9264096845145577,0.916876049219374,1.0,0.880137823523366,0.9568148861873332,0.8288463196072037,1.4142135623730951,0.786369217852489,0.8761744044165948,0.8691544400337037,1.4142135623730951,0.8458769151807946,0.8937493569992035,0.8706353518011395,1.4142135623730951,0.9285867603398757,0.8194923279372054
prelu,42,BraTS20_Training_035.npy,0.8453199278888905,3.0,0.8542137636225469,0.8366093839432825,0.8160269054516027,3.3166247903554,0.7851601392330816,0.8494198961312762,0.7732972453108645,1.0,0.9303025303230144,0.6616345193581419,0.44317157548246106,9.0,0.3182577464636024,0.729491719412758,0.6791803277575114,5.744562646538029,0.7431123544471544,0.6253773696940654
prelu,42,BraTS20_Training_036.npy,0.8757356126879342,1.0,0.9536562324921369,0.8095865302888635,0.8731996104328006,1.0,0.8596033387967931,0.8872328947975707,0.8396273656820321,1.0,0.8117373604266176,0.8695020728848505,0.7361319285147532,3.8320773014030385,0.8393162249689534,0.6555407122090693,0.7812485093322292,3.0,0.9024900827429594,0.6887244591871484
prelu,42,BraTS20_Training_037.npy,0.8976680351503593,1.4142135623730951,0.8254640587568336,0.9837142801180141,0.9177616190590292,1.0,0.9171766101830798,0.9183473743007627,0.812460176703554,1.4142135623730951,0.798108351903395,0.8273376102463141,0.8335817712768411,1.0,0.8553479724075735,0.8128958562839831,0.8742735241130405,1.4142135623730951,0.7937599711467723,0.9729643353721331
prelu,42,BraTS20_Training_038.npy,0.8962636002757309,1.0,0.8791836733724011,0.9140202992242651,0.8128379929815645,3.0,0.7695587849129583,0.8612752415877946,0.7321618626094915,3.3166247903554,0.6991910389134242,0.7683960970327364,0.7465169470022266,3.7416573867739413,0.69251543143083,0.8096526828939415,0.773794083612526,2.449489742783178,0.7752816987779194,0.7723121662666799
prelu,42,BraTS20_Training_039.npy,0.8873711227313376,1.4142135623730951,0.9834532233461027,0.8083922512272292,0.9234374581440075,1.0,0.9116626349186757,0.9355204225244049,0.8730171009544931,1.0,0.879619522158413,0.8665130561701129,0.903716359757611,1.0,0.8541666652871985,0.9593687629976987,0.8225472964924858,2.23606797749979,0.9692705951060543,0.7144043635739512
prelu,42,BraTS20_Training_040.npy,0.9424535674958577,1.0,0.9280827519871439,0.9572764298622202,0.9573347661403863,0.0,0.9339919380847661,0.981874295551395,0.8865916821865523,1.0,0.8525758582641815,0.9234346075014968,0.9385670972452084,1.0,0.9323189090017864,0.944899597887604,0.909200340089607,1.0,0.8992299709574321,0.9193942844629753
prelu,42,BraTS20_Training_041.npy,0.9437381305242404,1.0,0.9673532949717062,0.9212484830900298,0.8308394156793616,1.7320508075688772,0.7936895312527765,0.8716377899189837,0.8097022278250824,1.4142135623730951,0.8060463279596305,0.8133914410810995,0.6387356483692626,5.196152422706632,0.558977034031897,0.745043475669414,0.9254831752512118,1.0,0.9611574995839969,0.8923622552465573
prelu,42,BraTS20_Training_042.npy,0.9432168496331279,1.0,0.9814375698663915,0.9078614489035605,0.9581254453520357,0.0,0.9614785293990653,0.95479566704173,0.8626097546407628,1.0,0.8812153259287524,0.8447735966773828,0.9416270872423197,1.0,0.9283987910733138,0.9552377986969031,0.8904086220221122,1.0,0.9700952892579255,0.8228196380663151
prelu,42,BraTS20_Training_043.npy,0.7906423109172057,3.3166247903554,0.6921103954975792,0.921886120668368,0.7348350882333858,2.8284271247461903,0.6201661035295015,0.9015280118816676,0.5149700586942192,4.123105625617661,0.42606707154700046,0.6507566900421613,0.7150605877494973,3.7416573867739413,0.6096025174938952,0.8646385686166939,0.7391188452954726,4.242640687119285,0.6530296401261549,0.8513531291498079
prelu,42,BraTS20_Training_044.npy,0.7470472989792758,4.69041575982343,0.6969190596882929,0.8049457172467155,0.6341463393732817,4.69041575982343,0.5303197324679176,0.7885245837006182,0.6966205810421636,4.104639781775,0.6423512702383055,0.7609060338850165,0.013953488047593303,8.780477525666917,0.007462686381525215,0.10714281887756469,0.715255688550509,5.385164807134504,0.6744923853977317,0.7612630203377194
prelu,42,BraTS20_Training_045.npy,0.946067215665897,1.0,0.954871166061968,0.9374241275654007,0.954447460443354,0.0,0.9750338824140391,0.9347123684187174,0.884059667835508,1.0,0.9551664808837246,0.822806329100125,0.8128235896407257,1.4142135623730951,0.7161068144537779,0.939744707096056,0.8526941092229484,1.0,0.8454153907826746,0.8600992501161178
prelu,42,BraTS20_Training_046.npy,0.5198525778867258,16.431676725154983,0.37647900490438635,0.8395925375309324,0.5773252598312458,6.48074069840786,0.6901315744070291,0.4962157024776929,0.7407407375506427,1.7320508075688772,0.6337509164793595,0.8911917006094124,0.0975609748661511,14.89966442575134,0.3926380127215943,0.05570060874063874,0.4658395232091585,16.822603841260722,0.3277812875975586,0.8048230145220541
prelu,42,BraTS20_Training_047.npy,0.8945992368346299,1.4142135623730951,0.8420108531171232,0.9541941048544004,0.9349592174199006,1.0,0.9244449441049312,0.9457154125257674,0.8625100035121848,1.0,0.9261585572556612,0.8070471623986909,0.8338882040881622,2.8284271247461903,0.74947925252125,0.9397230739823716,0.7771120005070608,2.8284271247461903,0.6987818382175112,0.8752200585266791
prelu,42,BraTS20_Training_048.npy,0.6663065251612068,9.055385138137417,0.5062074624623936,0.9745193567457734,0.7214960044998258,2.23606797749979,0.5741115268011802,0.9706888081549154,0.6535947692076104,2.8284271247461903,0.5144536966464787,0.8959044292158326,0.6797385591296794,3.0,0.5492957707796072,0.8914285612408165,0.5821835091903226,9.486832980505138,0.43948328014606125,0.8621109498043444
prelu,42,BraTS20_Training_049.npy,0.9213193884936695,1.0,0.9360797774987594,0.9070172657994935,0.9478380952429214,1.0,0.9585302944595396,0.9373818009300656,0.8467722279576465,1.0,0.9525897480060571,0.7621135699142435,0.32418952348969643,6.074486277268386,0.1940298488156234,0.9848484351086649,0.9120899498411928,1.0,0.9271017280249406,0.8975565713439708
prelu,42,BraTS20_Training_050.npy,0.9379713277650393,1.0,0.9308319071121003,0.9452211125735674,0.9359922394815775,1.0,0.8932224480387861,0.983063869424261,0.8392794388242326,1.0,0.8895834680023375,0.7943600865381459,0.8143309513380421,2.23606797749979,0.7012849798111692,0.9708265798431329,0.6922350399068221,12.569805089976535,0.8269664725765905,0.5952546695699881
prelu,42,BraTS20_Training_051.npy,0.9408649674019,1.0,0.9543390638352933,0.927766049249291,0.9366762518162364,1.0,0.8906801863446051,0.9876816165586345,0.8784083699752662,1.0,0.845631437737023,0.9138286460675941,0.8550049057225161,1.0,0.7833220930921059,0.9411288119332195,0.9232313189523804,1.0,0.9463351791122198,0.9012286901081075
prelu,42,BraTS20_Training_052.npy,0.8960753673374464,1.0,0.9905372250061238,0.8180615281140295,0.9454828130782158,1.0,0.9399233916135183,0.9511083904861224,0.8542606575484054,1.0,0.9042713018842334,0.809491785176778,0.8519269768236035,1.0,0.7549883142998592,0.9774261089657293,0.8332112996009993,1.4142135623730951,0.9761021340610005,0.726813617513275
prelu,42,BraTS20_Training_053.npy,0.9586016432763743,0.0,0.958315613230467,0.958887844051168,0.86039513257611,2.23606797749979,0.7787409403729142,0.9611786710937917,0.8482357332791141,1.0,0.8771251922310387,0.8211886296421823,0.7012627036745392,5.916079783099616,0.5667468675294559,0.919504642725125,0.9373238045983605,1.0,0.9520593542448719,0.9230374430636465
prelu,42,BraTS20_Training_054.npy,0.898884353680348,1.0,0.825901618747934,0.9860159688103849,0.9363232434134513,1.0,0.9009459168178318,0.9745924381504819,0.8978123150776565,1.0,0.8635167189212892,0.9349447607716048,0.8475633521656426,1.0,0.8171703490946168,0.8803045013276571,0.7710322751705745,2.0,0.679006835479785,0.8919127400129863
prelu,42,BraTS20_Training_055.npy,0.9308640509626105,1.0,0.9770684652710434,0.8888322242549556,0.9412044101980647,1.0,0.9396423242516988,0.9427716978571524,0.8496379679458602,1.0,0.9735949600610526,0.7536802618343363,0.759711956831806,5.744562646538029,0.616200429424838,0.9903656102016659,0.9183140618727111,1.0,0.9710190951308167,0.8710359212954267
prelu,42,BraTS20_Training_056.npy,0.8788456301829519,1.4142135623730951,0.8091005493475174,0.9617491346087251,0.9271862180595264,1.0,0.9079399759300987,0.9472660830241489,0.8785722152961171,1.0,0.882207176918356,0.8749670846682318,0.7966591707056478,4.0,0.7275287482662184,0.880306686241223,0.6653351856358297,4.358898943540674,0.5540397220622639,0.8325847574380001
prelu,42,BraTS20_Training_057.npy,0.9221366498187176,1.0,0.9082338359752317,0.9364717156588467,0.9233064752852852,1.0,0.9206767548710452,0.9259512604309951,0.869153547302559,1.0,0.8845930559798061,0.8542437483414691,0.804050631554345,3.0,0.7564306104908523,0.8580691611741024,0.8991718425919274,1.0,0.883970028764649,0.9149056627411217
prelu,42,BraTS20_Training_058.npy,0.7646971104325283,5.0,0.7299883926403289,0.8028711820981222,0.6561717350609132,4.69041575982343,0.693484583657077,0.6226691038795147,0.5989898986537655,6.324555320336759,0.7956171723380782,0.48029157624163826,0.636456926472343,5.916079783099616,0.5621064676949948,0.7334744171125677,0.6936001564499381,5.916079783099616,0.6456725839521835,0.7492134548892242
prelu,42,BraTS20_Training_059.npy,0.8199693207123993,3.0,0.7940427499058405,0.8476461135764874,0.8881355910698897,1.0,0.8847081481683157,0.8915896893943135,0.7785372495607066,1.4142135623730951,0.9718429951207935,0.6493728583274068,0.39534883392567416,4.242640687119285,0.26415094046447346,0.785478521931402,0.7952330299791102,3.0,0.768169427230795,0.8242732423615007
prelu,42,BraTS20_Training_060.npy,0.9301971069528168,1.0,0.9511845678417384,0.9101158096913805,0.9210850299775303,1.0,0.9858384011045934,0.8643138248408495,0.8278403037253272,1.0,0.8891911941075988,0.7744089607548016,0.8759381220003221,2.23606797749979,0.9345789296575995,0.8242217521021226,0.8535535228239165,1.4142135623730951,0.8461217442483218,0.8611170098146456
prelu,42,BraTS20_Training_061.npy,0.8960286425552294,1.4142135623730951,0.9111377241144251,0.8814124839513358,0.8923431657420915,1.0,0.8369127510537564,0.9556369201672029,0.7836976974202275,1.0,0.8286895272065378,0.7433397408083772,0.7717813044340553,3.7416573867739413,0.6362314617094629,0.9807261295815193,0.6390751441392629,6.4031242374328485,0.7405224370522138,0.5620742241361726
prelu,42,BraTS20_Training_062.npy,0.9504199796150185,0.0,0.9694242325468718,0.932146506104504,0.9625778822782568,0.0,0.9950150543368995,0.9321888249925858,0.898147311206786,1.0,0.9890853594568937,0.8225232430759722,0.9074868602092977,1.0,0.8457117148911877,0.9789979165823895,0.9058873440143338,1.0,0.917231254318174,0.894820598687133
prelu,42,BraTS20_Training_063.npy,0.7840909087482121,3.7416573867739413,0.6860420644848627,0.9148393667365229,0.6670487093275097,2.449489742783178,0.5779543178485458,0.788617882616902,0.5107212459040895,5.477225575051661,0.3487133968557524,0.9538834835693752,0.45804357692144837,2.449489742783178,0.6440677882129363,0.355395680896434,0.737886086291932,4.58257569495584,0.6475034805574861,0.8575945186963582
prelu,42,BraTS20_Training_064.npy,0.8291448182434835,3.7804087787563465,0.8598131815624053,0.8005889040357823,0.9052402636508368,1.0,0.8333521041116552,0.9907020335038156,0.7742266639329961,1.4142135623730951,0.7261965446824704,0.8290601051346438,0.8407362993607773,3.3166247903554,0.7624044302229984,0.9370074398079339,0.49968985025593354,13.038404810405298,0.8104250497922377,0.3611982960539182
prelu,42,BraTS20_Training_065.npy,0.7122932302394093,10.246950765959598,0.981169195783679,0.5590839413944304,0.9363057312913303,1.0,0.9633027497685379,0.9107806668877803,0.8855835225799551,1.0,0.9699248085573762,0.8147368396549267,0.7678983789382311,3.605551275463989,0.6506849251400693,0.9366197051180324,0.6714720644003173,11.74734012447073,0.967284623314549,0.5142158591233009
prelu,42,BraTS20_Training_066.npy,0.9334074817243331,1.0,0.949749167956058,0.917618643364838,0.9172147126748357,1.0,0.8975486702687092,0.9377618590770632,0.8215662576548902,1.0,0.8238892085125341,0.8192563681211197,0.893633539678856,1.0,0.8468216585538234,0.9459237328305001,0.9000665040013227,1.0,0.9282154448977605,0.8735745942438197
prelu,42,BraTS20_Training_067.npy,0.9581007753269609,0.0,0.9552366478032163,0.9609821296908431,0.9612847317938608,0.0,0.9907234015180422,0.9335450767072385,0.8719274016823974,1.0,0.9946887514089712,0.7761387978870724,0.7817623929514995,3.0,0.6525532250259699,0.9747728347982152,0.930576731452869,1.0,0.9133523103948825,0.9484632915327766
prelu,42,BraTS20_Training_068.npy,0.9250058276228807,1.0,0.9655520020568771,0.8877277083912227,0.901406264411665,1.0,0.8560941090700824,0.9517831385368484,0.8338983048020684,1.0,0.8723404249132337,0.7987012981826616,0.827062932821662,4.329834379435327,0.7287819150626794,0.9559835842229392,0.7825821510535855,3.0,0.9226437459045458,0.6794400097657022
prelu,42,BraTS20_Training_069.npy,0.8245955159241501,5.0990195135927845,0.7443679537879545,0.924205912721228,0.9218518017243514,1.0,0.8799278533940484,0.9679705212370967,0.8241414545492394,1.0,0.8513210921557667,0.7986436197343395,0.8515179711377462,2.23606797749979,0.7586796555297546,0.9702451948507321,0.7607493682069147,7.0,0.6751256196105684,0.8712464095144
prelu,42,BraTS20_Training_070.npy,0.9114435907003073,1.0,0.8981946704843905,0.9250892218192203,0.7855722804708601,3.0,0.6662982484083494,0.9568597122799806,0.7318466844525818,1.4142135623730951,0.7739150900306717,0.6941159905024522,0.60511760754722,6.164414002968976,0.4416448563005612,0.9607256576659986,0.6690784956366155,3.605551275463989,0.8038516401552017,0.5730083572490361
prelu,42,BraTS20_Training_071.npy,0.9297365318259179,1.0,0.9652023593667806,0.8967846742745267,0.4429374283932735,17.549928774784245,0.6990725759198357,0.3241655206090347,0.7894095887468271,5.830951894845301,0.6961813836943664,0.9114675545136262,0.15859224631328228,21.18962010041709,0.4825970540786529,0.09488714874814531,0.837506734407818,2.23606797749979,0.8063841943220076,0.8711280759464689
prelu,42,BraTS20_Training_072.npy,0.7696659331064866,4.0,0.9335389339806612,0.6547341903531328,0.9470031897759243,1.0,0.926968753905305,0.9679227581467675,0.8910562298184657,1.0,0.9114549136781163,0.8715506179895868,0.7264497874249224,3.0,0.6053748226257664,0.9080622335105202,0.5681131118380576,6.48074069840786,0.8619697442061565,0.4236763613874678
prelu,42,BraTS20_Training_073.npy,0.9237240478525627,1.0,0.9224376107005013,0.9250140779535951,0.9487102934831888,1.0,0.9385669555564021,0.9590752695363824,0.8381755696979196,1.0,0.850845665062531,0.8258772821404912,0.8779566124017099,1.0,0.8398714676129717,0.9196598725705031,0.8580966471438708,1.0,0.86179775249663,0.8544271953232617
tanhexp,42,BraTS20_Training_001.npy,0.9252686740157343,1.0,0.8726549875672215,0.9846337276852409,0.9138186900834693,1.0,0.9838601363936875,0.8530870392825847,0.882593062085047,1.0,0.9157594979036264,0.8517450629122121,0.7994127775050357,4.123105625617661,0.9167907784000577,0.7086795471475225,0.8811640377846449,1.4142135623730951,0.8007900004289126,0.9794721193211684
tanhexp,42,BraTS20_Training_002.npy,0.8957504709444037,1.0,0.9578992924577053,0.841174774475627,0.9407242060575632,1.0,0.9658157737820258,0.9169033656149735,0.8562949071725282,1.0,0.8370743612199201,0.8764188635069243,0.9151758169261897,1.0,0.9717248897688593,0.8648464818647041,0.8523421037646242,1.4142135623730951,0.9226270540338368,0.7920076307726278
tanhexp,42,BraTS20_Training_003.npy,0.760909896080475,4.47213595499958,0.7636796723039287,0.758160138303304,0.9154722023905262,1.0,0.9158402548489942,0.9151044431839731,0.8628784185480356,1.0,0.8889259476686926,0.8383139325627117,0.6987577585500174,2.449489742783178,0.6139154077228458,0.8108107962016073,0.7265019285936481,5.0990195135927845,0.729483049267724,0.7235450738974724
tanhexp,42,BraTS20_Training_004.npy,0.9578611897518194,0.0,0.9583602524895942,0.9573626464141982,0.9320266254131465,1.0,0.9023468655685181,0.9637252260049658,0.8950802689815017,1.0,0.9313169042809707,0.8615578885673548,0.7656796451587319,4.69041575982343,0.6634343427642078,0.9051819171648541,0.9471390093312267,1.0,0.957752920986631,0.9367577678899249
tanhexp,42,BraTS20_Training_005.npy,0.7426288755492267,10.198039027185569,0.6029964472002284,0.9664163701902663,0.8434432959300259,25.179356624028344,0.7386595980775013,0.9828698095698611,0.7594616859327319,25.1555150366452,0.700689235048967,0.8289962815337615,0.6060113716368575,30.347981810987037,0.44684037003042715,0.9413249151966883,0.41198145677881676,15.588457268119896,0.2787069792880235,0.7895216364942066
tanhexp,42,BraTS20_Training_006.npy,0.9317551796975717,1.0,0.8875107020679389,0.9806424942181362,0.9060885031240429,1.0,0.8419924054406985,0.9807472158963608,0.8372201400343268,1.0,0.8641866428027793,0.8118856623312297,0.6638912540877752,3.7416573867739413,0.5309221143407374,0.8857190937593882,0.9093602678267304,1.0,0.8762271679480979,0.9450975901842942
tanhexp,42,BraTS20_Training_007.npy,0.9238695784727943,1.0,0.9086142130968778,0.9396459574680902,0.9323976853801169,1.0,0.9106414137170227,0.9552189650365285,0.8915071175818139,1.0,0.8845591802491327,0.8985650653165677,0.8520012397579876,15.890225169878864,0.8081224225776267,0.9009186322148338,0.8910977827193379,1.0,0.8783128525810984,0.9042604113710386
tanhexp,42,BraTS20_Training_008.npy,0.8176198651673993,1.4142135623730951,0.9254851535671186,0.7322734046106244,0.5656174320445099,11.575836902790225,0.8538011633494067,0.422881968056184,0.8346456654254485,1.0,0.7440132060775128,0.9504219309027223,0.10045662049489285,15.132745950421556,0.6305732082437446,0.05457552340366305,0.7888516344245806,1.7320508075688772,0.8802182382290824,0.7146690290558995
tanhexp,42,BraTS20_Training_009.npy,0.9094814267002683,1.0,0.865091805987558,0.95867288281015,0.8096892420320315,3.605551275463989,0.7228188886629662,0.9202925166259904,0.6996556187016516,3.1622776601683795,0.5627787272228878,0.9245118602793249,0.6419607480619256,7.280109889280518,0.6869380025686472,0.6025113284435604,0.8146967985679234,2.449489742783178,0.8122885842411358,0.8171193346692261
tanhexp,42,BraTS20_Training_010.npy,0.8378528458077449,2.0,0.8192574826770305,0.857311962674942,0.8918383802215749,1.0,0.8694595355026316,0.915399667446335,0.8770850195327247,1.0,0.8367063172613838,0.9215586167746153,0.6029525982676566,3.1622776601683795,0.744721674765419,0.5065274085309738,0.8081260386511372,2.23606797749979,0.7906307950679627,0.8264130798891973
tanhexp,42,BraTS20_Training_011.npy,0.9236131804582294,1.0,0.9655250536258118,0.8851885827488293,0.9165800656983562,1.0,0.9349522974511397,0.8989159632179042,0.7832851433407096,1.0,0.9852788344557,0.6500228511768478,0.48254063744349696,4.898979485566356,0.34825113980392974,0.7853993102136242,0.902164811385394,1.0,0.9486721921273867,0.8600042569476363
tanhexp,42,BraTS20_Training_012.npy,0.876349049014527,1.7320508075688772,0.8235071446252462,0.9364373337626669,0.9231248049031281,1.0,0.8955313998846239,0.9524727026943189,0.8413950220457457,1.0,0.8037836919407606,0.8826990239332616,0.7603696523525261,3.1622776601683795,0.7667967023545873,0.7540494426511106,0.8088890929795263,4.0,0.7514196657907777,0.8758771707182217
tanhexp,42,BraTS20_Training_013.npy,0.9036996496383866,1.0,0.8908478817214769,0.9169276557790969,0.892760412527355,1.0,0.8390780867980199,0.9537811832691162,0.6923267932799518,1.7320508075688772,0.690269867070389,0.6943960132144558,0.8789703130169346,1.4142135623730951,0.8067835358167078,0.9653442761452984,0.8386270650490916,1.4142135623730951,0.8442963146634712,0.8330334426900063
tanhexp,42,BraTS20_Training_014.npy,0.9044090249930858,1.0,0.960155209965573,0.854780829632449,0.9060475551181557,1.0,0.9312923142134915,0.8821353062430813,0.8447822271943922,1.0,0.8988351046715477,0.7968616830616826,0.596335998754276,3.23945122526189,0.5715372900940017,0.623384322751827,0.8459450198249963,1.4142135623730951,0.9126478615194403,0.7883283390171557
tanhexp,42,BraTS20_Training_015.npy,0.9473854203293101,1.0,0.9364738559518166,0.9585542600993003,0.7288698444103303,4.58257569495584,0.5773604115079706,0.9881874506311121,0.8587314190067336,1.0,0.8407020652736036,0.8775510193905949,0.28268619300251835,11.916375287812984,0.16910662804713933,0.8609154879054256,0.9319428448750271,1.0,0.9512684693846977,0.9133868103010192
tanhexp,42,BraTS20_Training_016.npy,0.9152958821477584,1.0,0.9559573663405682,0.8779523289056808,0.8327965831134091,2.8284271247461903,0.7333138599062086,0.9635078514205048,0.5891472866877748,2.8284271247461903,0.9943979732987507,0.41856709076214,0.017348377991061925,15.394804318340652,0.008769740826077593,0.7961164790900817,0.8341122221214388,1.7320508075688772,0.936500918987307,0.7519055446913853
tanhexp,42,BraTS20_Training_017.npy,0.9351304981840124,1.0,0.9558460405603807,0.915293822353929,0.8729790357882807,1.4142135623730951,0.8083810882461454,0.9487977123349608,0.8685296068738991,1.0,0.9392718363228209,0.8076970661951528,0.6284183290572632,5.817993507599241,0.48509485025660415,0.8919485945660933,0.9098562581414221,1.0,0.9443356281366233,0.8778060027607245
tanhexp,42,BraTS20_Training_018.npy,0.7753465459220847,3.0,0.9266789893141008,0.6665025357121633,0.5147668040695352,15.937377450509228,0.9459724904421783,0.35358913098294636,0.6725740205909359,14.247806848775006,0.9179940948790909,0.5306957689948985,0.14495798268572133,18.681541692269406,0.6070381053654516,0.08230616269460769,0.7656196986824017,3.0,0.8910853174844835,0.671124729511333
tanhexp,42,BraTS20_Training_019.npy,0.8941736027474229,1.4142135623730951,0.8585062901891667,0.9329330320489955,0.8912515023664347,1.0,0.8118946800934955,0.9878019889934854,0.8043266325591539,1.0,0.8828085184114863,0.7386596173783598,0.6079023527067432,4.242640687119285,0.4500652129214969,0.9362403082631002,0.7478409941609684,3.0,0.7504946233331206,0.7452060641703155
tanhexp,42,BraTS20_Training_020.npy,0.9055489569799983,1.4142135623730951,0.8632188567288344,0.9522446606047363,0.8209102297698474,3.605551275463989,0.7066400688212032,0.9792665925171578,0.7231666917682882,1.4142135623730951,0.7926788805276371,0.6648630261997208,0.6967012913604225,6.164414002968976,0.5504014371284597,0.9489331598063373,0.7240821073239593,8.366600265340756,0.8320660319627095,0.6409064981509848
tanhexp,42,BraTS20_Training_021.npy,0.7860911632343954,4.123105625617661,0.7053556892112008,0.8876976129724118,0.855167257657291,1.4142135623730951,0.8071970350904975,0.9091992829143667,0.7217945304993436,1.4142135623730951,0.9054279024128274,0.6000882794083243,0.15467171668348573,32.58297019027205,0.09189797414891981,0.48804779904287254,0.7415543890587531,5.0,0.6591105836483663,0.8475715342427759
tanhexp,42,BraTS20_Training_022.npy,0.9435196237335128,1.0,0.9572946943601846,0.9301353643815687,0.9159743363235161,1.0,0.8690798704608546,0.9682181814661025,0.8652543591683947,1.0,0.823774764928503,0.911132693388896,0.8117908024862253,3.1622776601683795,0.7663498705167929,0.8629602749292942,0.8796074317151623,1.0,0.9397561428617816,0.8266951437963961
tanhexp,42,BraTS20_Training_023.npy,0.9008992987373108,1.0,0.8623641269210991,0.943039489178822,0.9290921137029061,1.0,0.8799497883830025,0.9840479830372333,0.8474332546386266,1.0,0.8082655199704988,0.8905903678313617,0.8958248878023308,1.0,0.8385187420875417,0.9615384598650567,0.8353173729770882,1.4142135623730951,0.8058651520083633,0.8670040574171322
tanhexp,42,BraTS20_Training_024.npy,0.8705494340252116,1.4142135623730951,0.8900141475017668,0.8519178900554187,0.8721724736085871,1.4142135623730951,0.7835519289371847,0.9833955397725163,0.8581916127447471,1.0,0.7703503528325272,0.9686438146237593,0.6645063721489454,6.48074069840786,0.5990262889989751,0.7460586933154046,0.8026158486225928,2.23606797749979,0.8651010375366771,0.748549065827579
tanhexp,42,BraTS20_Training_025.npy,0.9122104585461258,1.0,0.9462396338431254,0.8805438693192073,0.9499205956752202,1.0,0.9399604429976535,0.9600940913352444,0.8866120997977757,1.0,0.8885447135383785,0.8846878743019659,0.9371686523182067,1.0,0.9167180114414059,0.9585525604216941,0.8320871526772388,1.7320508075688772,0.9033070518771059,0.7712769685675236
tanhexp,42,BraTS20_Training_026.npy,0.9388930005943043,1.0,0.9628619281009808,0.9160884255366137,0.7786812746756424,4.898979485566356,0.7817145473658194,0.7756714506819179,0.7202872529896953,2.23606797749979,0.7201807734751728,0.7203937636907374,0.37920274232883455,11.704699910719626,0.3839102960007918,0.37460923899391346,0.885689870031524,1.4142135623730951,0.9129587075473186,0.8600027548910155
tanhexp,42,BraTS20_Training_027.npy,0.7564287711696266,4.58257569495584,0.9941633655932416,0.610451350124796,0.9245451123756023,1.0,0.9187423755877927,0.9304216143578459,0.8420448015693265,1.0,0.7872315031102437,0.905062422208079,0.8208044233810817,3.1622776601683795,0.9091644505845783,0.7480981354620596,0.6454660656192982,6.48074069840786,0.9758457618586526,0.48221026514048315
tanhexp,42,BraTS20_Training_028.npy,0.8790855935782886,1.4142135623730951,0.8957417712199718,0.863037545467659,0.8245784467335444,1.4142135623730951,0.792517006274165,0.8593433606744697,0.6888776708234463,1.7320508075688772,0.6638201268362122,0.7159011416228711,0.7837714902358124,1.7320508075688772,0.7501305924601592,0.8205714270084354,0.3727343141961779,4.58257569495584,0.4387308525916651,0.32399676767573826
tanhexp,42,BraTS20_Training_029.npy,0.9378192279580866,1.0,0.9305544416399809,0.9451983382022972,0.9387925045532322,1.0,0.9147957791252425,0.9640820966874543,0.8793422017005338,1.0,0.8347658290917983,0.928947880287043,0.806469601766677,1.4142135623730951,0.8541051337619308,0.7638668739362553,0.9281049337826222,1.0,0.923139909215725,0.9331236548523747
tanhexp,42,BraTS20_Training_030.npy,0.8482103215264483,2.23606797749979,0.8077290891988314,0.8929632637531897,0.7962867452318936,13.74772708486752,0.7820691391894782,0.811030859079408,0.8100602976752933,1.4142135623730951,0.8302162939824097,0.7908597973805426,0.2929848683184839,27.50727039926415,0.24370709242730496,0.3672413761444709,0.8344464659476725,2.23606797749979,0.7924695434491296,0.8811191361006396
tanhexp,42,BraTS20_Training_031.npy,0.9177748389220867,1.0,0.9197570252890223,0.9158011777674298,0.8866424712956285,1.0,0.8785391008390208,0.894896718999751,0.8596578564311056,1.0,0.8679857426119605,0.8514882549527129,0.7140649144114009,4.58257569495584,0.6630911003730305,0.7735283736807749,0.8553913539120994,1.0,0.8624379563171272,0.8484589675364911
tanhexp,42,BraTS20_Training_032.npy,0.9123775955321516,1.0,0.9475471694537558,0.8797253263918561,0.8945115287725453,1.0,0.8691336770687701,0.9214159717040229,0.8010083182248509,1.0,0.8307016617894994,0.7733644852284225,0.7915360495928071,3.7416573867739413,0.706114146808041,0.9004700909378018,0.680521443094407,2.23606797749979,0.7942668127957367,0.5952735080191096
tanhexp,42,BraTS20_Training_033.npy,0.949413402391174,1.0,0.9427662696996602,0.956154934041657,0.9546386954227084,0.0,0.9267501535919729,0.98425780525717,0.911121116340651,1.0,0.9480292329639395,0.8769790818924194,0.7290294870247427,5.0990195135927845,0.6102324459498772,0.9052612852732648,0.9284942619637327,1.0,0.9271052764537622,0.9298874155689043
tanhexp,42,BraTS20_Training_034.npy,0.9408003853070662,1.0,0.9384425539254537,0.943170094503241,0.8998123198331426,1.4142135623730951,0.8366344335141415,0.9733112648770789,0.7930477147892886,2.23606797749979,0.692918542491642,0.9270029018525804,0.8530345195905876,1.7320508075688772,0.8499635121138587,0.8561277988650327,0.8610376233555105,1.4142135623730951,0.9151712885474432,0.8129504631787074
tanhexp,42,BraTS20_Training_035.npy,0.8643100419839079,2.0,0.8538588926904659,0.875020203534963,0.8507039806282413,2.23606797749979,0.8127904080623982,0.8923276625692131,0.7889818517075715,1.0,0.9308795643677852,0.6846221465686676,0.5260410690243085,6.4031242374328485,0.38298671996033296,0.8396813762683745,0.7146661168007239,4.47213595499958,0.7461615724113354,0.6857218208928488
tanhexp,42,BraTS20_Training_036.npy,0.8809014223590264,1.0,0.9440097133405223,0.8257021472588494,0.8535655953061463,1.4142135623730951,0.8183716060919075,0.8919226376717433,0.8176983611809208,1.4142135623730951,0.7445283735337432,0.9068176435319235,0.6432098725727786,5.103876159048473,0.8905982753743885,0.5033816376484866,0.768192770714124,3.3166247903554,0.8781401488782061,0.6827137222179941
tanhexp,42,BraTS20_Training_037.npy,0.8831943430501922,2.0,0.7996544271345267,0.9862253247612663,0.941371188290922,1.0,0.9426313101552646,0.9401144306250839,0.8568863347613983,1.0,0.8296821748176632,0.8859349466167126,0.8363240323429499,1.0,0.8809133607768892,0.7960311967656915,0.8561609253538206,2.23606797749979,0.7631806019800744,0.9749405233168168
tanhexp,42,BraTS20_Training_038.npy,0.8956703034180098,1.0,0.8743629342664795,0.9180420907701168,0.8533461317975003,1.7320508075688772,0.825225538588105,0.8834508242342005,0.7831608549682154,2.23606797749979,0.7393486825391625,0.8324925257695757,0.7630074189485339,3.0,0.7786458325823247,0.7479848042731541,0.783244041882349,2.23606797749979,0.7690157892431038,0.7980087186349178
tanhexp,42,BraTS20_Training_039.npy,0.8984119882891154,1.0,0.9683142728543547,0.8379226326160805,0.9016406733244207,1.0,0.8770112520364859,0.927693419585242,0.8704305602221297,1.0,0.8456260713818602,0.8967341869394508,0.8275919171682743,2.23606797749979,0.8070090426243395,0.8492522079380487,0.8368504104366458,1.4142135623730951,0.9529160953394499,0.7459886034031927
tanhexp,42,BraTS20_Training_040.npy,0.9424072663832518,1.0,0.925100762903974,0.9603736441146892,0.9524694635069196,0.0,0.919336424213207,0.988080033809611,0.8738789361698669,1.0,0.8102284091321156,0.9483826896870846,0.9311576255946725,1.0,0.9436783426091413,0.918964807100759,0.908548938163662,1.0,0.8988586094807647,0.9184504809135454
tanhexp,42,BraTS20_Training_041.npy,0.9507920296008122,0.0,0.9818928291948902,0.9216009353511213,0.8580356385195357,1.7320508075688772,0.8855573948526476,0.8321729864590278,0.7983915862676204,2.0,0.844522967092628,0.7570389479621786,0.6784621515518663,4.123105625617661,0.6654488500379727,0.691994570713719,0.9242527145362246,1.0,0.9545992358347251,0.8957761668444532
tanhexp,42,BraTS20_Training_042.npy,0.9512730059585858,0.0,0.9748330689145003,0.9288248827476471,0.9605095867362926,0.0,0.955271157188221,0.9658057848745335,0.8658816251730573,1.0,0.8711567372472875,0.8606700128774357,0.9378872443704522,1.0,0.9222557900693577,0.9540577138482875,0.9029197078859219,1.0,0.9613773058858629,0.851163764479398
tanhexp,42,BraTS20_Training_043.npy,0.8405589803268978,1.7320508075688772,0.7850329955956522,0.9045376182414304,0.7012305162418125,2.8284271247461903,0.5546327529786754,0.9531668132177369,0.5731777299154817,3.0,0.5708841441658378,0.5754898172282373,0.521039780954991,5.0,0.35694608351643825,0.9643806434642177,0.7825996568469068,3.3166247903554,0.7599165626753973,0.8066785711404719
tanhexp,42,BraTS20_Training_044.npy,0.7870851599003846,4.123105625617661,0.7077806784815767,0.8864037663420288,0.745803355078527,3.605551275463989,0.6857772839813822,0.8173455925272958,0.7641812316654254,3.5914063094313784,0.7584985781976021,0.7699496709565085,0.16135084125045326,5.477225575051661,0.10696517146852808,0.32824424975234734,0.7528693133731331,4.47213595499958,0.6754153203302865,0.8503885533805008
tanhexp,42,BraTS20_Training_045.npy,0.9510217457448743,0.0,0.9507704664069447,0.9512731578386692,0.9566507017581677,0.0,0.9777623223878731,0.9364314869197056,0.893032664854759,1.0,0.949372532904217,0.8430050996735626,0.8238101461742252,1.4142135623730951,0.7612977279112508,0.8975071218678724,0.8599364260706371,1.0,0.8317679412506439,0.8900796843462587
tanhexp,42,BraTS20_Training_046.npy,0.488379112488504,17.11724276862369,0.33391117705852424,0.9087845421187865,0.6528692359583905,9.433981132056603,0.6848684165469183,0.623726778767365,0.7145877348220391,1.6684833585296341,0.622697121424487,0.8382936424772456,0.13592232844754457,15.990606617576379,0.34355826113139504,0.08472011974704811,0.44325463371537976,17.549928774784245,0.2959910400620323,0.8821465244076117
tanhexp,42,BraTS20_Training_047.npy,0.8797193165113542,1.7320508075688772,0.8135514018078421,0.9576032859043476,0.9100038430572958,1.0,0.8749317223797622,0.9480051523207065,0.8589767732487481,1.0,0.8551920249819718,0.8627951698153172,0.8047664985877788,3.1622776601683795,0.7446850716664952,0.875393524476119,0.7425043950820157,3.7416573867739413,0.6625919299397177,0.8443362942405267
tanhexp,42,BraTS20_Training_048.npy,0.6663970884067041,9.16515138991168,0.5072676902399987,0.9709983627031108,0.8924763019957401,1.0,0.8705576397845777,0.9155271925994312,0.7794656868007708,1.0,0.7290543815332955,0.8373663430649052,0.790729376991379,2.0,0.8169014026978775,0.7661822934862464,0.5915470577322315,9.695359714832659,0.43327643710401254,0.931992656098137
tanhexp,42,BraTS20_Training_049.npy,0.927943985801963,1.0,0.9220024338506525,0.9339626111477951,0.9541796319839257,0.0,0.955307260517174,0.9530546603364316,0.8623019274508023,1.0,0.9619073692466227,0.7813891345026956,0.29202037103548073,6.928203230275509,0.17114427690403705,0.99421959570985,0.9182270537241235,1.0,0.9117045971325414,0.9248435076535547
tanhexp,42,BraTS20_Training_050.npy,0.9336525044525883,1.0,0.9314704604056766,0.935844795609751,0.9413087049761203,1.0,0.9087170302442229,0.9763251861250712,0.851667712369605,1.0,0.8572261446987024,0.8461808994321127,0.8551187877101271,1.4142135623730951,0.7944888632797005,0.925766952510226,0.6759728395284966,10.677078252031311,0.7902965822128494,0.5905450162056338
tanhexp,42,BraTS20_Training_051.npy,0.9405566325859424,1.0,0.9537632638846949,0.9277107469013864,0.9423684751890914,1.0,0.9086817814123951,0.9786489962705387,0.8877842573534055,1.0,0.8653948867871843,0.9113629050856936,0.8436897870379458,1.4142135623730951,0.7873679460836864,0.908690010612996,0.9239542831992349,1.0,0.9446912012628161,0.904108202520669
tanhexp,42,BraTS20_Training_052.npy,0.9031838558876599,1.0,0.9910128671228625,0.8296552445080886,0.9454630150249682,1.0,0.954707344294935,0.9363959920007936,0.8623387174325212,1.0,0.910925090243695,0.8186728387165578,0.8482685436015545,1.0,0.7904008614229717,0.9152789323162387,0.8466532424582257,1.4142135623730951,0.9729503287560541,0.749377746136073
tanhexp,42,BraTS20_Training_053.npy,0.9584432136019346,0.0,0.9697707598144013,0.9473772380623877,0.8678821304152284,2.23606797749979,0.8049831837407119,0.9414436868087953,0.8396946560612241,1.0,0.9107970844438098,0.7788897273613201,0.6899343989903985,6.557438524302,0.5584501779154981,0.9023997842842207,0.937730598424984,1.0,0.9621977139793705,0.9144769439999332
tanhexp,42,BraTS20_Training_054.npy,0.8815847719620419,1.4142135623730951,0.7966497905123258,0.9867917807115417,0.9397587052802395,1.0,0.9147605812006304,0.9661614876058584,0.900456003901291,1.0,0.8662788805555913,0.9374406579676335,0.8356415323253158,1.0,0.8573146882313717,0.8150371629287634,0.7413934939498049,2.23606797749979,0.6245096425678256,0.912103746084773
tanhexp,42,BraTS20_Training_055.npy,0.9408696706487932,1.0,0.9663635230235131,0.9166863624846636,0.9426102218139861,1.0,0.9457390591073438,0.9395020182102948,0.8656152096437209,1.0,0.9705668592895266,0.781146421543043,0.7706157717225282,5.385164807134504,0.657854287338066,0.9300304195349187,0.9278714268214592,1.0,0.9563493688579383,0.9010404601091575
tanhexp,42,BraTS20_Training_056.npy,0.8552888442023613,2.0,0.756039718354181,0.9845334937771081,0.9207235071071941,1.0,0.8799845760483325,0.9654175623205071,0.8682102942221331,1.0,0.8370724364630858,0.9017542182754532,0.819055998479633,3.0,0.7646092457584965,0.8818513995373509,0.617916472405553,5.830951894845301,0.4796567679909098,0.8681615907266717
tanhexp,42,BraTS20_Training_057.npy,0.9315048208639776,1.0,0.9049473834631743,0.9596681451149207,0.9220327756488856,1.0,0.9471178362972983,0.8982422182726639,0.8707716112808028,1.0,0.9145477755549196,0.8309948298016723,0.7845849789450182,3.7416573867739413,0.7564306104908523,0.814916179216845,0.9091761597550487,1.0,0.8756758130906542,0.945341683016735
tanhexp,42,BraTS20_Training_058.npy,0.6891455636366908,6.48074069840786,0.6229605132801559,0.771065721422715,0.3753955554220816,16.06237840420901,0.30709714932687776,0.48276177367831574,0.5973136329097961,14.45683229480096,0.6629397724166074,0.5435101435547419,0.10321118239273806,19.339079605813716,0.06515932067815368,0.2480929885648638,0.6580618785017988,7.3484692283495345,0.6079695677159702,0.717149858269874
tanhexp,42,BraTS20_Training_059.npy,0.7881959069711114,5.0,0.6858168065877703,0.926505081612455,0.8764505099511934,1.0,0.9290882733763227,0.8294573607689174,0.7445972470707359,2.0,0.9701365104937159,0.6041445238887113,0.401193136456427,4.0,0.2985571553989217,0.6113636224690087,0.7549867346086796,5.196152422706632,0.6444537636215334,0.9112850614295884
tanhexp,42,BraTS20_Training_060.npy,0.927989193129821,1.0,0.9212351139957551,0.9348430393087869,0.9259839088274795,1.0,0.9849406310498289,0.8736866440070679,0.8341107452184544,1.0,0.9011872366428474,0.7763277042687222,0.883620689425732,1.7320508075688772,0.9268438822710297,0.8442492801209441,0.8441869555219474,1.4142135623730951,0.7988125271167151,0.8950265672911739
tanhexp,42,BraTS20_Training_061.npy,0.8980949959618757,1.0,0.8468982031871146,0.9558799670419681,0.9039363813503235,1.0,0.8476510060793058,0.9682282785619861,0.7839377112076003,1.0,0.8323637464293269,0.7408366252339057,0.7681532043903243,3.605551275463989,0.6298342532279235,0.9843217428213549,0.6431786212073287,3.1622776601683795,0.6125920956294815,0.6769800138016581
tanhexp,42,BraTS20_Training_062.npy,0.9544930574328995,0.0,0.9643364811503853,0.9448485558205942,0.9608371680150146,0.0,0.9950549339006091,0.9288945142808677,0.9007811906104237,1.0,0.9850379852751757,0.8298026938600964,0.9070594743189386,1.0,0.8602059172030159,0.9593110746562002,0.90986473430259,1.0,0.9066934912830522,0.9130582385052611
tanhexp,42,BraTS20_Training_063.npy,0.8812197306255714,1.0,0.9393499036792735,0.8298648643041454,0.8406216103349808,1.4142135623730951,0.7699437246939962,0.9255869441878752,0.7675276733886157,1.4142135623730951,0.6921029250572186,0.8614025352766288,0.5704560886966911,3.0,0.5462842171279764,0.596866088363731,0.8363099230847725,1.4142135623730951,0.9291824140350284,0.7603157802878524
tanhexp,42,BraTS20_Training_064.npy,0.843209977970534,3.0,0.8565777800076629,0.8302530018481732,0.9000279041931228,1.4142135623730951,0.8274330191303534,0.9865860935561643,0.7568191520126469,1.4142135623730951,0.6777400168004134,0.8567899463475028,0.8446887321251417,2.8284271247461903,0.7924934416733944,0.9042441605300099,0.5215241844855093,12.696446444631073,0.7826961765702363,0.3910407437592936
tanhexp,42,BraTS20_Training_065.npy,0.765377423356399,4.898979485566356,0.9367622255935267,0.6470049915011078,0.9204089544190385,1.0,0.9321100892998424,0.9089979526866105,0.883053334067765,1.0,0.9692087326558942,0.8109646470612203,0.6779448579076137,4.358898943540674,0.5293542022568082,0.9425086943813816,0.725069967368833,6.4031242374328485,0.9151296757312931,0.6003794946496269
tanhexp,42,BraTS20_Training_066.npy,0.9369479134144796,1.0,0.935222877061091,0.9386793250930441,0.900915630836849,1.0,0.8909514255928133,0.9111052312248792,0.8170443810097708,1.0,0.7988459309880601,0.8360913143663591,0.8633030207807986,2.449489742783178,0.866097703257655,0.8605263145313943,0.9047347273188824,1.0,0.906017100062636,0.9034559793681994
tanhexp,42,BraTS20_Training_067.npy,0.9550800898975369,0.0,0.9373367670160492,0.9735081185402049,0.9582150894051396,0.0,0.987352712112197,0.9307479221849035,0.8762657346471298,1.0,0.9932484129300768,0.7839354858844237,0.7857514051184621,2.8284271247461903,0.6655994872213867,0.9588377712915511,0.9218795521065275,1.0,0.8839022053148657,0.9632668443460415
tanhexp,42,BraTS20_Training_068.npy,0.9372498729731864,1.0,0.9463640154083766,0.928309606865858,0.9017101343941711,1.0,0.8526740960986278,0.9567302917871149,0.832226208364809,1.0,0.8307801412547658,0.8336773177470093,0.8320368927569627,3.605551275463989,0.7556261980242072,0.9256397571234765,0.807278456535378,2.23606797749979,0.8894487251717128,0.7390065430454491
tanhexp,42,BraTS20_Training_069.npy,0.8638529828111219,1.4142135623730951,0.7963019648956109,0.9439271816947743,0.9102072139815491,1.0,0.8488648398611855,0.981105853220904,0.8271732128695515,1.0,0.8218284173617629,0.832587983127495,0.8410677615602616,2.449489742783178,0.7428749089320785,0.9691725250343615,0.8176432527307099,2.23606797749979,0.7511044413085435,0.8971170208648819
tanhexp,42,BraTS20_Training_070.npy,0.8808161278191093,1.4142135623730951,0.8466856091952795,0.9178138790651115,0.7479360737120013,3.605551275463989,0.620047610774798,0.9422886425159186,0.7115461125521023,2.0,0.7017185900480902,0.7216528119428192,0.5934494019977077,6.164414002968976,0.439249434219381,0.9144809744048015,0.6304853405332865,4.242640687119285,0.7372057771321301,0.5507560112733111
tanhexp,42,BraTS20_Training_071.npy,0.9302544798804426,1.0,0.9636716326675769,0.8990772601646604,0.3271281449188987,19.672315572906,0.6765340231443254,0.2157176259858817,0.7895230938840015,3.4641016151377544,0.6690533009792734,0.9629035940429316,0.06634660504884911,22.737634001804146,0.30756358716940496,0.0371838964116561,0.7384904531026372,4.0,0.6587403018690429,0.8402101891088812
tanhexp,42,BraTS20_Training_072.npy,0.8010681911782307,3.0,0.9232588958343231,0.7074404478781967,0.9424765707251722,1.0,0.9100749373526282,0.977270588005348,0.8917206499471927,1.0,0.8958696083989752,0.8876099434690997,0.7318832408813912,3.1622776601683795,0.6123526632603935,0.9093964418017134,0.6116503862763828,5.385164807134504,0.8535939144601025,0.4765707013716286
tanhexp,42,BraTS20_Training_073.npy,0.9163040988188339,1.0,0.8988297129542825,0.9344714039993294,0.943549112888704,1.0,0.9285840859303065,0.9590043918014859,0.8354925700198337,1.0,0.8350951365379544,0.8358903810857155,0.8850798050762805,1.0,0.8537956877041162,0.9187436955500019,0.8488124547198554,1.0,0.8309532436277807,0.8674562030846963
relu,1337,BraTS20_Training_001.npy,0.9239911093406113,1.0,0.8687266919927819,0.986764555437256,0.9304408922217591,1.0,0.9812666432832542,0.8846210047628288,0.871004736828554,1.0,0.9444885008490778,0.8081300309014804,0.856514568167217,1.4142135623730951,0.8575406327413452,0.8554909555197087,0.8853774849743444,1.0,0.806354558838571,0.9815717330996931
relu,1337,BraTS20_Training_002.npy,0.8685605908249817,1.4142135623730951,0.9705101034279751,0.7859940049330407,0.9518971461423966,0.0,0.9661977204365665,0.9380137192151204,0.8468652145584612,1.0,0.8879218187693971,0.8094376380714955,0.9545629779398783,0.0,0.9460698679628059,0.9632099578045905,0.8260530155766509,2.0,0.9489053938926437,0.7313650363261415
relu,1337,BraTS20_Training_003.npy,0.7297622350618678,4.47213595499958,0.7939074711329864,0.6752075782020692,0.9136577696053666,1.0,0.9359421041652584,0.8924099133851011,0.8599063949143426,1.0,0.9192795166134772,0.8077373950535246,0.661264176164796,2.8284271247461903,0.5566166363353802,0.814371241230115,0.6918021323733958,5.0990195135927845,0.7588970698117438,0.635607374370268
relu,1337,BraTS20_Training_004.npy,0.957885594717179,0.0,0.9711460307847418,0.9449824076589657,0.9358932637084514,1.0,0.9055795789472356,0.9683066973566589,0.8916686492091273,1.0,0.9423090732507299,0.8461935478411655,0.7620532497229232,4.47213595499958,0.6418181811698807,0.9377213681556651,0.9427855670301302,1.0,0.970227452150439,0.9168533143519911
relu,1337,BraTS20_Training_005.npy,0.7432175881121876,6.782329983125268,0.6248262366138978,0.9169625984760389,0.854363983497828,25.37715508089904,0.7616811807938803,0.9727272717865307,0.7655319144864192,25.179356624028344,0.7293736055854717,0.8054622780328383,0.5648050567654267,30.639842646116726,0.4013177586064158,0.9530583147008654,0.38999231823769087,67.07458535093602,0.28578320957577485,0.6138169236137584
relu,1337,BraTS20_Training_006.npy,0.9308444376984317,1.0,0.887071824730589,0.9791612067297897,0.9170801017207886,1.0,0.8649988829874918,0.9758346980028134,0.816996843705177,1.0,0.9183436218558713,0.7357957280437464,0.5674913651344571,5.385164807134504,0.40612389002919497,0.9416374257992545,0.9123050067378402,1.0,0.8736375117146243,0.9545538881468384
relu,1337,BraTS20_Training_007.npy,0.9214398742886676,1.0,0.9321602337126174,0.9109632912266658,0.929966400183764,1.0,0.9267552569564139,0.9331998725811823,0.8874674240800225,1.0,0.9123234276468203,0.8639298879705876,0.8529365687502951,16.1245154965971,0.8013537351343327,0.9116170039785169,0.8851966212672652,1.0,0.8997343072402079,0.8711212576381487
relu,1337,BraTS20_Training_008.npy,0.8337961972823921,1.4142135623730951,0.9336482968233566,0.7532386073979594,0.758111144368419,2.449489742783178,0.8625730931098459,0.6762177611678065,0.8575140716435077,1.0,0.8175061864780662,0.9016393360506436,0.22636815638845578,5.0,0.5796177974765734,0.14064914774885398,0.8192190350334732,1.4142135623730951,0.916695245232519,0.7404805075197741
relu,1337,BraTS20_Training_009.npy,0.9090364153781196,1.0,0.8739727290036785,0.9470311992014694,0.8409456703858547,3.0,0.7708144825037945,0.9251156786607831,0.7590054410589566,2.8284271247461903,0.6494960804994998,0.912931819812517,0.7143752015500132,10.198039027185569,0.7421123202626154,0.6886367792539299,0.8316318897716525,2.0,0.8287802921182406,0.8345031781648442
relu,1337,BraTS20_Training_010.npy,0.8441556923025326,1.7320508075688772,0.8171987057267485,0.8729518099296844,0.8748748742493387,1.4142135623730951,0.8747497842797402,0.8749999987485698,0.8820103702576703,1.0,0.8540089589772765,0.9119102591357469,0.5003445864896996,3.7416573867739413,0.6967370307728017,0.39032257644814433,0.809995390497675,2.23606797749979,0.7792888432877445,0.8432210781006161
relu,1337,BraTS20_Training_011.npy,0.9142301597909558,1.0,0.958728240577214,0.8736795015874058,0.9111914709476394,1.0,0.9348559304858284,0.8886954920404035,0.7512395050233096,1.4142135623730951,0.9840665033182083,0.607505612522714,0.43464158216892385,5.385164807134504,0.2911144899171964,0.8573256503050183,0.8926554929681323,1.0,0.9410411136816921,0.8490022452974193
relu,1337,BraTS20_Training_012.npy,0.8668112796818269,2.0,0.8193432381251875,0.9201176092245147,0.9233413116532614,1.0,0.9084541051830265,0.9387245713980724,0.8476383944069423,1.0,0.8382722236091207,0.8572162286300014,0.7684751043347285,3.1622776601683795,0.745990460572213,0.7923572707534194,0.7971675411240077,4.123105625617661,0.74262414041133,0.8603581317469539
relu,1337,BraTS20_Training_013.npy,0.8990073087270637,1.0,0.8892293746327651,0.9090026690545095,0.9038193074045819,1.0,0.8685930506580027,0.9420235778674649,0.6936130088456128,1.4142135623730951,0.7286457025782478,0.6617944666926142,0.873476941610469,1.0,0.8093559443508423,0.9486320480752295,0.8309666890259415,1.7320508075688772,0.8325996727353164,0.8293400980834539
relu,1337,BraTS20_Training_014.npy,0.8840846784240474,1.4142135623730951,0.9759524824853765,0.8080242035257398,0.8889589682734225,1.0,0.9437541846054035,0.8401775066763222,0.8319229792673111,1.0,0.928409861497167,0.7536032310871187,0.5358927757065579,4.123105625617661,0.5129375945717138,0.5609988102722964,0.8210712480359549,2.23606797749979,0.9240787077411133,0.7387252226558275
relu,1337,BraTS20_Training_015.npy,0.949566162650042,1.0,0.9481829718208447,0.9509533948423053,0.7292431639765986,4.69041575982343,0.5786049665788284,0.985926353397025,0.8536379489878803,1.0,0.842590534500566,0.8649789019671811,0.2770428012869234,12.083045973594572,0.16414985571855925,0.8872274088023214,0.9275740688641609,1.0,0.9574760709081427,0.8994831860094036
relu,1337,BraTS20_Training_016.npy,0.9168231709514012,1.0,0.9511004753809077,0.884930603809651,0.8036941032020717,3.3166247903554,0.6905700791853926,0.9611410370426734,0.6259683311507994,2.23606797749979,0.9859565643573351,0.4585459864882594,0.07919049711354344,12.328828005937952,0.041709742953295874,0.7810413833041296,0.8286694442287654,2.0,0.9302068547211058,0.7471173072990415
relu,1337,BraTS20_Training_017.npy,0.9212709358695409,1.0,0.972092601266658,0.8754992374486693,0.883323554970914,1.0,0.8628223489521331,0.9048227156664493,0.8225188475945379,1.0,0.9576917528310668,0.7207841430512465,0.6257889985340045,4.58257569495584,0.4949365276067087,0.8506986985763699,0.8971265724288713,1.0,0.9581285698082208,0.8434273559879174
relu,1337,BraTS20_Training_018.npy,0.7682634555488241,3.605551275463989,0.9034252981667635,0.6682815663963062,0.4529972746900576,12.870495574904114,0.9798624706293592,0.2945953923588373,0.6333720467801548,13.638181696985855,0.9651917347186328,0.47133390817823706,0.10214168011493223,11.702560104668168,0.5454545294588115,0.05634656147729002,0.7529309411103168,4.123105625617661,0.8491803276656262,0.6762788746138066
relu,1337,BraTS20_Training_019.npy,0.8988252687444324,1.0,0.8883485168188806,0.9095520850688348,0.9150228402940659,1.0,0.8578867957084311,0.9803125515931748,0.795788916925474,1.0,0.9205136034642682,0.7008301647134532,0.6092505998930554,4.58257569495584,0.44913359376827505,0.9467792597274564,0.7671141636451005,2.449489742783178,0.7926021501967303,0.7432143574336704
relu,1337,BraTS20_Training_020.npy,0.9049634543484375,1.4142135623730951,0.8773093183021191,0.9344177352816536,0.8558007868315997,2.8284271247461903,0.7602789356827806,0.9787745425136062,0.7078168326901271,1.4142135623730951,0.8703874365501576,0.5964181063462619,0.7126212906592837,4.58257569495584,0.5599161638839696,0.9798560032253961,0.7339574413625426,5.744562646538029,0.8375747284776898,0.6531549294854712
relu,1337,BraTS20_Training_021.npy,0.8020498590294243,2.23606797749979,0.768571273327752,0.838577898570623,0.8651031556470612,1.0,0.8654083597364467,0.8647981652303929,0.7041106027600166,1.4142135623730951,0.9497169465543891,0.5594350714801195,0.11107682779673919,12.24744871391589,0.06751687896655334,0.31304347281663525,0.756193399201276,3.0,0.7188431816605716,0.7976376829380826
relu,1337,BraTS20_Training_022.npy,0.9424822974772668,1.0,0.9623300741415881,0.9234366854602339,0.9184563813366926,1.0,0.8898717234422849,0.948938391594522,0.8653985846093791,1.0,0.8826628610489748,0.8487967063284797,0.7808811601131268,3.3166247903554,0.6980509014996369,0.8860151289245398,0.8811858836588344,1.0,0.9373282460613834,0.8313888821186102
relu,1337,BraTS20_Training_023.npy,0.8928762510090072,1.0,0.8319188773114998,0.9634730198931302,0.9387199002047448,1.0,0.904199474549698,0.9759807840266177,0.8537225466855184,1.0,0.847673035706617,0.859859023502264,0.8842577209529577,1.0,0.8081651224644634,0.9761686508227889,0.8172529623921683,1.4142135623730951,0.7423401276677798,0.9089824083291047
relu,1337,BraTS20_Training_024.npy,0.8631436080086528,1.4142135623730951,0.8847323743356835,0.8425833397883988,0.792039800837405,7.615773105863909,0.7587311267505219,0.8284072929696081,0.8297332323064766,1.4142135623730951,0.7284407145837762,0.9637458439667905,0.48796730703196056,15.706657153690955,0.6278481000431391,0.3990592890220828,0.7909376945644822,2.23606797749979,0.8344654558925338,0.7517258343580624
relu,1337,BraTS20_Training_025.npy,0.9204290118017173,1.0,0.9594210001825482,0.8844826070017847,0.9615425193920734,0.0,0.9876723831619191,0.9367596040249878,0.8921275000288459,1.0,0.9568634194017878,0.8355958519082323,0.9462891639048898,1.0,0.9335592519338882,0.9593710421278119,0.835464333673845,1.4142135623730951,0.8836782739586951,0.792239347930434
relu,1337,BraTS20_Training_026.npy,0.9317828682789565,1.0,0.9405566789186516,0.9231712345205393,0.7761973786349886,4.0,0.7362014147348548,0.8207887591183813,0.702787493226754,3.0,0.700160499788748,0.7054342734986875,0.41064399285642994,7.280109889280518,0.34813562307721313,0.5005117700863463,0.8821265891331114,1.4142135623730951,0.9035025415428242,0.8617387261166409
relu,1337,BraTS20_Training_027.npy,0.7253453751851745,5.477225575051661,0.9953637016871678,0.5705648108635522,0.908212929034754,1.0,0.9362137485002897,0.8818383984870873,0.8446109896966517,1.0,0.8203460615630394,0.8703551301700607,0.786448880426271,3.7416573867739413,0.9014214712799937,0.697487256820632,0.6073519045840342,7.810249675906654,0.9612465136507222,0.4439180637655346
relu,1337,BraTS20_Training_028.npy,0.8783623175729796,1.0,0.8842172082799994,0.8725844533407622,0.8170426062278786,1.4142135623730951,0.7718420696466306,0.8678665160345959,0.6716754316178262,1.7320508075688772,0.6281483076119897,0.7216840527549876,0.8304008699161973,1.0,0.797144348255016,0.8665530931922145,0.37038759661210263,4.242640687119285,0.43563092553677807,0.32214131563896803
relu,1337,BraTS20_Training_029.npy,0.9398703131353838,1.0,0.9449728150398593,0.9348226183704349,0.9477801407069374,1.0,0.9340005397159853,0.9619724182170604,0.8930140786539198,1.0,0.87335555012567,0.9135779799750863,0.8199883085330557,1.0,0.8287064333803519,0.8114517014953632,0.9284515278118106,1.0,0.9359863164044641,0.9210370819672622
relu,1337,BraTS20_Training_030.npy,0.8481948897875146,2.0,0.8254059331354849,0.8722779543970512,0.7672716082637517,34.07785138179673,0.7896669611375624,0.746111509037914,0.8000924778051075,1.4142135623730951,0.8442023079456785,0.7603632623987648,0.143946324660121,37.376463182061514,0.1350114408752206,0.1541476149304532,0.8323121664267267,2.0,0.8059206928100959,0.8604906412829431
relu,1337,BraTS20_Training_031.npy,0.9204741024878541,1.0,0.9287029082183454,0.9123898391849747,0.9110713477561851,1.0,0.9199733358172918,0.9023399859248659,0.8800472628598588,1.0,0.8848930721600745,0.8752542368925404,0.7414785297760967,3.1622776601683795,0.759178122436655,0.7245854351483988,0.8527799089719875,1.4142135623730951,0.8600222694509931,0.8456585074608609
relu,1337,BraTS20_Training_032.npy,0.9013545187787223,1.0,0.9504528298300178,0.8570796607829722,0.8871822790247922,1.0,0.8881239237589651,0.8862426284500815,0.7839645747201975,1.0,0.8701244370279991,0.7133304751707411,0.7646499372560904,4.358898943540674,0.6642938850078888,0.9007238867619375,0.6488804189381228,2.449489742783178,0.7508269010464974,0.5713087243529289
relu,1337,BraTS20_Training_033.npy,0.9488533271920472,1.0,0.9467949762724844,0.9509206473239858,0.9463111680166374,1.0,0.9071648528404168,0.9889883612403813,0.9132013797853635,1.0,0.9424073952511666,0.8857511883486461,0.7191093527289905,5.744562646538029,0.588185956640084,0.9250047090163847,0.9252321816787165,1.0,0.9322139112672656,0.918354252624779
relu,1337,BraTS20_Training_034.npy,0.944412051542174,1.0,0.9462942132564954,0.9425373620328332,0.9205452279947708,1.0,0.8872513057936531,0.9564352637232667,0.8227514388104152,1.4142135623730951,0.7664756443853968,0.8879457507170212,0.8748968394400464,1.0,0.8767696419962201,0.8730320201167311,0.8768221498138516,1.0,0.9108783375738648,0.8452207857778355
relu,1337,BraTS20_Training_035.npy,0.853637608102913,2.23606797749979,0.8564481361578717,0.8508454657111907,0.845457410757284,2.449489742783178,0.8067955524380195,0.8880111416041436,0.7739741243913154,1.0,0.9332701339818358,0.6611287918884846,0.4838786719357897,7.810249675906654,0.3384281298177449,0.8485863865459828,0.6863604891552602,4.242640687119285,0.7468072891566914,0.6349661438922204
relu,1337,BraTS20_Training_036.npy,0.8639115717502681,1.4142135623730951,0.9384781429179182,0.800322153368048,0.8676129024794728,1.0,0.8773486414799084,0.8580908612249603,0.8380086913887705,1.0,0.8216153383272994,0.8550695407073785,0.6542305086327082,4.58257569495584,0.8393162249689534,0.5360261950215481,0.7585268677686683,3.1622776601683795,0.8600705146980272,0.6784286453342355
relu,1337,BraTS20_Training_037.npy,0.8781467925571025,2.0,0.7894930695430372,0.989229286500351,0.942817354771135,1.0,0.9206612268737628,0.9660661727610514,0.8595783171457873,1.0,0.8591000759029834,0.8600570905381487,0.836895910294554,1.0,0.7870643496262817,0.893463970118487,0.8510980500179681,2.23606797749979,0.7555450713111669,0.9743191532866105
relu,1337,BraTS20_Training_038.npy,0.8923210046115917,1.0,0.8645670159002132,0.9219159872343677,0.8210932513717156,2.449489742783178,0.7838888403144811,0.8620051673539809,0.7408245616199106,3.0,0.7197261975856768,0.7631972546352291,0.7432183298692555,4.123105625617661,0.6804591042819647,0.8187304156681787,0.7651380656447038,2.449489742783178,0.748010751597983,0.7830680927317155
relu,1337,BraTS20_Training_039.npy,0.903755597844743,1.0,0.982701097143328,0.8365510899598517,0.919181730954255,1.0,0.9344305389975652,0.9044226164667807,0.86711025868685,1.0,0.8991891463439973,0.8372413787025471,0.8935852802141677,1.4142135623730951,0.8706395334776493,0.917773236435524,0.8412102889631015,1.4142135623730951,0.949170092599613,0.7553013593884832
relu,1337,BraTS20_Training_040.npy,0.9452061496417001,1.0,0.9338087659373702,0.9568851871160866,0.9583958109058198,0.0,0.9382091845247538,0.979470214546114,0.8890507506825229,1.0,0.8648716235141416,0.9146207074912414,0.9376991242703812,1.0,0.9252390759627839,0.9504993481597377,0.9121893490622162,1.0,0.9050406858276401,0.9194518418864345
relu,1337,BraTS20_Training_041.npy,0.9536193770966354,0.0,0.9754229488248852,0.9327692410569594,0.8783123672336868,1.4142135623730951,0.8854702336917369,0.8712692959937657,0.8106010858887357,1.4142135623730951,0.8886271418811319,0.745171201991691,0.6815047011261682,4.69041575982343,0.5673277646990402,0.8532182070124873,0.9317030163939372,1.0,0.9556641085569006,0.9089140742851999
relu,1337,BraTS20_Training_042.npy,0.9506973199947307,0.0,0.980259233793477,0.9228662209758318,0.9580435496120427,0.0,0.9676859016099097,0.9485914608867931,0.8692189890583922,1.0,0.8828744745772414,0.8559794898426686,0.930930780178705,1.0,0.9351963741514621,0.926703921301914,0.9051775028471994,1.0,0.9585051020617338,0.8574710556339072
relu,1337,BraTS20_Training_043.npy,0.7117121628330056,5.0990195135927845,0.56945149467807,0.948722513598895,0.6774668624795722,3.1622776601683795,0.5372437055057829,0.9167404762693967,0.49632265599923453,4.392870046978315,0.398628047261326,0.6574481416879439,0.6521793422602981,4.358898943540674,0.5137741036722273,0.8926495695977792,0.6693096720010677,6.164414002968976,0.5367560473247128,0.8888022279171018
relu,1337,BraTS20_Training_044.npy,0.665119016261732,12.206555615733702,0.5311227151273511,0.8895399677369775,0.5334201377312932,4.358898943540674,0.6775082652838574,0.43987115089523565,0.7409451509453426,2.4873834809794446,0.7606232240749063,0.7222595781959679,0.025746050171175833,8.774964387392123,0.054726366797851575,0.01683244057511522,0.5522790265813524,13.038404810405298,0.41376326695099025,0.8302083323724441
relu,1337,BraTS20_Training_045.npy,0.9463361966809923,1.0,0.9541524867409845,0.9386469260104753,0.9541644839397446,0.0,0.9744810612428702,0.9346777502506366,0.8837242107936608,1.0,0.9509918022085335,0.8253441951592314,0.8126208648642508,1.4142135623730951,0.7235379405971859,0.9267198011864739,0.8459067125393845,1.0,0.8368533026732257,0.8551581512699423
relu,1337,BraTS20_Training_046.npy,0.5095140368388463,16.792855623746664,0.35182433538280106,0.9233769040778675,0.47421771601097906,8.717797887081348,0.7078947321849031,0.3565275004753893,0.741582147092973,1.4142135623730951,0.6735445786769007,0.824909739847385,0.055957549175313315,15.132745950421556,0.35582819902894486,0.03036649198760999,0.42548903629154033,17.233687939614086,0.278904140980155,0.8968510472833585
relu,1337,BraTS20_Training_047.npy,0.8767668006792383,2.0,0.807642447934305,0.9588310560260175,0.9280856534454609,1.0,0.9218905631009396,0.934364568764249,0.8468552450189566,1.0,0.9084091119313743,0.7931137967443008,0.830476121069959,3.0,0.7551992062307161,0.9224214518526689,0.7457649571324442,3.3166247903554,0.6394071044326025,0.8945653899383113
relu,1337,BraTS20_Training_048.npy,0.6557845984708081,9.0,0.4939635416758564,0.9752852988214699,0.7305625210846247,2.23606797749979,0.5891360861336721,0.9613389865094814,0.606509827242959,3.0,0.4610485033755585,0.8860640217884744,0.7365873306309506,2.23606797749979,0.6429577419510019,0.8621340806219634,0.5694899390190064,9.433981132056603,0.4248971989972468,0.8632566197483791
relu,1337,BraTS20_Training_049.npy,0.9295357229675237,1.0,0.9286324086010512,0.9304407962489643,0.9454205209009039,1.0,0.9770090223957693,0.9158106728785284,0.8426167328245832,1.0,0.9742395150061948,0.7423261625760573,0.27942421439945625,5.830951894845301,0.16417910284398904,0.9374999467329576,0.9206216376847358,1.0,0.9168039046574725,0.924471298908691
relu,1337,BraTS20_Training_050.npy,0.9410561785586831,1.0,0.9344461187537424,0.9477604205917255,0.9469497681834093,1.0,0.9177770357061679,0.978037972478242,0.8296672305593156,1.0,0.9052600891023969,0.7657260271874723,0.8194320176261006,1.7320508075688772,0.7061107936304651,0.9760795764679563,0.7120535711722158,9.1104335791443,0.7969858149605208,0.6434799579363093
relu,1337,BraTS20_Training_051.npy,0.9409651410079489,1.0,0.9393435879789961,0.9425923020905653,0.9422216954594065,1.0,0.9062321972734236,0.9811879350020428,0.8836666403845356,1.0,0.8665394880835258,0.9014844797162146,0.8463732165575037,1.0,0.7671386811257841,0.9438606168587925,0.9235334092229135,1.0,0.9276265189078962,0.9194762620862341
relu,1337,BraTS20_Training_052.npy,0.8945492637584062,1.0,0.9833525256638079,0.820456586498641,0.9488350069497701,1.0,0.9427457825799705,0.9550034030258656,0.8576821052552122,1.0,0.9022322377095597,0.8173245179687687,0.848399718221732,1.0,0.760021569728525,0.9600363284286187,0.8307010916654018,1.4142135623730951,0.9652902449769438,0.7290505316150749
relu,1337,BraTS20_Training_053.npy,0.9587224984847416,0.0,0.9593307998738336,0.9581149679759601,0.8579198899326907,2.23606797749979,0.769551418327151,0.9692160834213005,0.84342224306904,1.0,0.8744756007126567,0.8144987138154255,0.6984808796760184,6.164414002968976,0.5531402965625651,0.9474207745524786,0.9366246001742282,1.0,0.9536555042347178,0.9201913178710313
relu,1337,BraTS20_Training_054.npy,0.8880395097652537,1.4142135623730951,0.8103256452515375,0.9822408096217473,0.93740386715318,1.0,0.9119548950107003,0.9643139689861228,0.898311030772597,1.0,0.8736879729393664,0.9243622358095434,0.839083120445255,1.0,0.8173207024247171,0.8620361546748555,0.7516980305916529,2.23606797749979,0.6460266377003061,0.8986994311160383
relu,1337,BraTS20_Training_055.npy,0.9423684828863494,1.0,0.9629553826404674,0.9226434076015753,0.9496893982696125,1.0,0.942419725685937,0.9570720962045459,0.857476263269784,1.0,0.9790455414497995,0.7627630454253439,0.750789850884835,6.4031242374328485,0.6026744534234946,0.9954303097348811,0.9299089674533904,1.0,0.9543722339622221,0.9066684832502853
relu,1337,BraTS20_Training_056.npy,0.8521239081156486,2.0,0.7571194445662548,0.9743920593115651,0.911564396339925,1.0,0.8687702834520837,0.9587928646552031,0.8555094973681251,1.0,0.8310544710690497,0.8814474112350649,0.8055014916274157,3.3166247903554,0.7284674950381748,0.9007544966617027,0.617080225112778,4.69041575982343,0.4885268026954653,0.8374514496013128
relu,1337,BraTS20_Training_057.npy,0.9151154048476164,1.0,0.9024576467116157,0.9281332861890574,0.9137644396974447,1.0,0.9112395843298422,0.9163033248556867,0.8548607936702072,1.0,0.8698479033207386,0.8403813787544797,0.7931208889004875,3.0,0.746903776605577,0.8454349358539361,0.8906533662682173,1.4142135623730951,0.8768588837312701,0.9048888070857656
relu,1337,BraTS20_Training_058.npy,0.7371689942571211,4.58257569495584,0.6953308073963195,0.7843643459676412,0.42305798179853865,19.261360284258224,0.474752762958259,0.3815155904906196,0.5627777774651235,18.138357147217054,0.7550685737103927,0.44854764395275626,0.26198921322482427,22.38302928559939,0.2572028236431952,0.26695712420342893,0.6678983073167014,5.477225575051661,0.6022770192896081,0.7495676990263463
relu,1337,BraTS20_Training_059.npy,0.7999526092846093,3.605551275463989,0.7815417853300634,0.8192517691327597,0.8875464663393438,1.0,0.921369990731452,0.8561183287489093,0.7824887942692561,1.4142135623730951,0.9684300258666381,0.6564488105468548,0.4861012082245103,3.3166247903554,0.3784683642789305,0.6792828549943655,0.7724810633003558,3.7416573867739413,0.750597609246971,0.7956788473389887
relu,1337,BraTS20_Training_060.npy,0.931546249371172,1.0,0.9280548327245572,0.9350640350911662,0.9155390892241813,1.0,0.9876049808897754,0.8532752837778923,0.8375185064483065,1.0,0.89197378129361,0.7893296849305994,0.855252315699455,3.1622776601683795,0.9328902925520807,0.7895440501638725,0.8407956191777263,1.4142135623730951,0.7922302102182919,0.8957042055256172
relu,1337,BraTS20_Training_061.npy,0.848596388852977,5.0,0.8724790414982136,0.8259863941832262,0.8857790319700318,1.0,0.8307233401709744,0.9486502589213572,0.7633564964781017,1.4142135623730951,0.7819963245835941,0.7455845851035111,0.7886151225245411,3.0,0.6747601037005524,0.948691739679698,0.5762997971098921,13.784048752090222,0.6860013386657718,0.4968468026614468
relu,1337,BraTS20_Training_062.npy,0.9500814642441127,0.0,0.96431537014874,0.9362616489754133,0.9571070217186769,0.0,0.9966501164489939,0.9205820055399977,0.890794654442967,1.0,0.9907109441692231,0.8091857469694659,0.8923471841028003,1.0,0.8339664130178097,0.9595169632205193,0.9033060904608472,1.0,0.903866021325228,0.9027468528057493
relu,1337,BraTS20_Training_063.npy,0.8767464883652696,1.0,0.9142638616334502,0.842186838916312,0.6367286235885077,6.557438524302,0.7087057242346715,0.5780237565388128,0.7285914816832207,5.385164807134504,0.690771957893647,0.7707920753921185,0.24479804061689903,7.582803770567329,0.3911342843398399,0.17814726735066944,0.7892328656594466,2.0,0.8063457322395606,0.7728312671374344
relu,1337,BraTS20_Training_064.npy,0.8456727287031773,3.1622776601683795,0.8713875697050162,0.8214320850808295,0.9178152253443806,1.0,0.864574338843892,0.9780436012205487,0.7753629641674292,1.4142135623730951,0.7395921833079603,0.8147697489034164,0.8471312311907666,2.0,0.7900271292594275,0.9131336164317576,0.5093165052425453,12.884098726725126,0.7510689130086338,0.3852977226032844
relu,1337,BraTS20_Training_065.npy,0.7205078898879058,10.392304845413264,0.9478037416896316,0.5811422942931702,0.913467628387853,1.0,0.944954125963423,0.8840117683079652,0.8723196866921383,1.0,0.9613318977395922,0.7983942884377213,0.70811743979207,4.123105625617661,0.6017612465581091,0.8601398481099323,0.675932191509043,11.874342087037917,0.9235218809333261,0.5330304853229078
relu,1337,BraTS20_Training_066.npy,0.9355240602921925,1.0,0.9449183316816853,0.9263147435212752,0.9065193514238347,1.0,0.8809262008402262,0.9336440903937181,0.8042146247470568,1.0,0.8103866118749145,0.7981359390791817,0.8894009209523273,1.0,0.8235726886056906,0.9666666649971215,0.9010117703860572,1.0,0.9222486395404305,0.8807309403369288
relu,1337,BraTS20_Training_067.npy,0.9571654182810216,0.0,0.9431244254708729,0.9716308066402634,0.9615007148919748,0.0,0.9878712797130963,0.9365014335828208,0.8760251800393142,1.0,0.9927983071554223,0.7838308454925974,0.7701845577899831,3.0,0.6463102283925802,0.9528023587577553,0.9269149199240564,1.0,0.895301816901846,0.9608422553945978
relu,1337,BraTS20_Training_068.npy,0.9198887666999792,1.0,0.9601466906006418,0.8828709325444494,0.8933220317107643,1.4142135623730951,0.8700395067898933,0.9178849141779518,0.8259522140604645,1.0,0.878936169589407,0.7789930223276177,0.8095066416679589,4.242640687119285,0.7364517101945445,0.898651560311156,0.7746854180653802,3.1622776601683795,0.8862731810965055,0.6880546970323927
relu,1337,BraTS20_Training_069.npy,0.8044665477787569,6.557438524302,0.6979568974607463,0.9493373727942545,0.9203633449329136,1.0,0.8716825557926987,0.9748030988746869,0.8175417917633155,1.0,0.8431962121149024,0.793402359262339,0.8412735846576433,2.23606797749979,0.7393512277234163,0.9757899049543224,0.731042334505246,8.717797887081348,0.617138232167307,0.8965094916232076
relu,1337,BraTS20_Training_070.npy,0.8848107604560339,1.4142135623730951,0.8570636541707849,0.9144145807766618,0.7843704774397496,3.0,0.6758487783608658,0.9344095286676556,0.7014336494779352,2.0236067977496353,0.7045436704821912,0.6983509639869703,0.6515947625176531,4.898979485566356,0.5088497535781175,0.9056529283865049,0.6320577163127239,4.47213595499958,0.7186162621618152,0.5641097422438026
relu,1337,BraTS20_Training_071.npy,0.9323349051791384,1.0,0.9640213245428261,0.9026652003593966,0.619866456825423,17.05872210923198,0.6482260322181462,0.5938843053925386,0.8169663019166292,3.0,0.7194112961659417,0.9451295976744047,0.20215002089835443,21.61018278497431,0.28162650555283386,0.15765807947760369,0.8796411262546692,1.4142135623730951,0.9080937630880426,0.8529172932790394
relu,1337,BraTS20_Training_072.npy,0.7742954247961154,3.7416573867739413,0.9170537161821357,0.6699966518563766,0.9394869248280175,1.0,0.9123756516691406,0.9682587664012048,0.887450353933167,1.0,0.8961265090354447,0.8789405899325435,0.7314292098086025,3.0,0.6169731253022412,0.8980236056848427,0.5728208326277853,6.164414002968976,0.8372411040035209,0.43533263210699147
relu,1337,BraTS20_Training_073.npy,0.9174972566617711,1.0,0.9015251912887698,0.9340454744271345,0.9060942657141715,1.0,0.8914289084461995,0.9212502283613636,0.8127755558224261,1.0,0.8379492591565019,0.7890702759415984,0.7552883216782902,3.0,0.6979515320686149,0.8228887121974922,0.8210343680421879,1.4142135623730951,0.8061254074642532,0.8365051899968011
swish,1337,BraTS20_Training_001.npy,0.9279967557755293,1.0,0.878341302029619,0.9836029906773928,0.9513821600511391,0.0,0.9663077455212903,0.9369106419090905,0.8832450208508597,1.0,0.8712421595879021,0.8955832218409726,0.8705561446065899,1.0,0.9300006469403609,0.8182543295246956,0.8980391779206869,1.0,0.8339986177473668,0.9727327685570234
swish,1337,BraTS20_Training_002.npy,0.8590173819010686,1.7320508075688772,0.9779870457902297,0.7658532593827159,0.9434680814910354,1.0,0.9619963072366183,0.9256400827357344,0.8239528789071067,1.0,0.7689723610185183,0.8874008794935667,0.9090909086320272,1.0,0.9830786015468574,0.845460519345169,0.8119498576526751,2.23606797749979,0.9539544220999366,0.7067446561659814
swish,1337,BraTS20_Training_003.npy,0.6992312930817455,4.58257569495584,0.8437950814091337,0.5969571820476224,0.9164508642272716,1.0,0.9010988986837338,0.9323349946413338,0.8609599194112487,1.0,0.8705803840207458,0.8515497525234917,0.7488226000877347,2.0,0.6507503321862165,0.8817005382310437,0.6612798364352064,5.0990195135927845,0.8191440401828716,0.554430773878827
swish,1337,BraTS20_Training_004.npy,0.9543192384517174,0.0,0.9721047036479477,0.9371728799677352,0.928753292157868,1.0,0.8882404799159325,0.9731383096577259,0.8867278551548923,1.0,0.8745599533913644,0.8992391217409772,0.7726469284287191,3.7416573867739413,0.7064646457510458,0.8525109692192699,0.9400396134058888,1.0,0.9768805354378033,0.905876455501674
swish,1337,BraTS20_Training_005.npy,0.6995484741021113,60.778285596090974,0.6261648557760569,0.7924159494446078,0.8226255129497834,25.768197453450252,0.7054146151416777,0.986549458815347,0.7409866082516959,25.794377576090646,0.6561929853474631,0.8509463711212587,0.6298086204720499,29.34280150224242,0.48787061848496366,0.8882224597152538,0.3586275153755959,68.76772498781678,0.3496301055811674,0.3681002364238059
swish,1337,BraTS20_Training_006.npy,0.9313470628869838,1.0,0.89443920822971,0.971431920221025,0.8873199520832785,1.4142135623730951,0.8042662495411511,0.9895023218583905,0.8068399233085858,1.0,0.8114326942951043,0.8022988502567187,0.6113029724005735,5.916079783099616,0.47770379314078704,0.8486423507046847,0.9117740450622542,1.0,0.8990246334788397,0.9248902669704004
swish,1337,BraTS20_Training_007.npy,0.8972389551229938,1.0,0.9556306247118181,0.8455721613103787,0.9276875062263599,1.0,0.9020613153687754,0.9548122705118925,0.8628118871984911,1.0,0.822536124658977,0.9072349553953529,0.8341370731636167,15.0,0.8399058244852683,0.8284470222686589,0.856700702332433,1.0,0.9376619060319954,0.7886092565043966
swish,1337,BraTS20_Training_008.npy,0.8066052633884692,1.7320508075688772,0.9544897285068654,0.6983984595680219,0.7743589715224946,1.7320508075688772,0.772660813065345,0.776064605168395,0.8332563471905018,1.0,0.7448389699022381,0.9454926525629701,0.24424778328764987,22.13142377444212,0.43949041786685233,0.16911764291378328,0.7934675930340009,1.7320508075688772,0.9452221353249503,0.6837001622127683
swish,1337,BraTS20_Training_009.npy,0.8939216403974758,1.0,0.8441660230728706,0.9499098584356942,0.7958178660642575,4.123105625617661,0.6972081250642946,0.9269164384095057,0.6185956769198504,4.123105625617661,0.46610086236692777,0.9193954656386765,0.6650500789553593,9.486832980505138,0.7463322287638696,0.5997337895037923,0.8201170506110067,2.23606797749979,0.8183547361410684,0.8218869716115892
swish,1337,BraTS20_Training_010.npy,0.8398306289221932,1.7320508075688772,0.8682835228007774,0.8131833204480923,0.8823113756125373,1.0,0.8034029156371134,0.9784084955974082,0.850968187369495,1.0,0.7603893082644998,0.966045140400304,0.5731394305120665,4.242640687119285,0.6429942295010704,0.5169753006639615,0.8147215864715583,2.0,0.8612089120699844,0.7729959229071488
swish,1337,BraTS20_Training_011.npy,0.900710709580514,1.0,0.9714533850070888,0.8395718433509166,0.9035898429304456,1.0,0.8950563738122228,0.9122875936427781,0.7980987508526541,1.0,0.9741946640557765,0.6759192493680375,0.5010832551824772,5.196152422706632,0.3517271337133888,0.8708983277520262,0.8750186777301622,1.4142135623730951,0.9625020542951226,0.8021132959980211
swish,1337,BraTS20_Training_012.npy,0.8601287702020157,2.8284271247461903,0.8554619725385755,0.8648467644019369,0.8995276388998292,1.0,0.8509661825471423,0.9539669632358964,0.7868478563272376,1.4142135623730951,0.6931190345000519,0.9098901078903514,0.7408127537608152,2.23606797749979,0.8257477207379812,0.6717207310588126,0.7889517216431144,7.3484692283495345,0.798215276547451,0.7799007130366273
swish,1337,BraTS20_Training_013.npy,0.8966710352926164,1.0,0.9227648415108731,0.8720123988759253,0.8861183472697736,1.0,0.8190574469769126,0.9651398451843212,0.6924433581706101,2.23606797749979,0.6318395626842298,0.7659063602463794,0.8763526330189484,1.4142135623730951,0.8140243894683457,0.9490169932811097,0.8244361724218033,1.4142135623730951,0.8879071812074245,0.7694340751561445
swish,1337,BraTS20_Training_014.npy,0.8746984563851493,1.4142135623730951,0.9766682571543978,0.7920082279414661,0.8820505392654314,1.0,0.906331373816557,0.8590367389961792,0.8323590522697439,1.0,0.8494684455725693,0.8159252616284149,0.5920935816010792,3.605551275463989,0.6163296362075129,0.5696914877201372,0.8065681819377795,2.23606797749979,0.9371966937865489,0.7078995975446527
swish,1337,BraTS20_Training_015.npy,0.9452568296670358,1.0,0.9650881575131427,0.9262241082756599,0.6959141678806899,5.385164807134504,0.5357243873192712,0.9927665363321454,0.8274282954763628,1.4142135623730951,0.762719394842569,0.904134842106749,0.2966101692122315,12.68857754044952,0.1815561957561312,0.8097686333687988,0.9165715285122774,1.0,0.9736176934324302,0.8658402544633824
swish,1337,BraTS20_Training_016.npy,0.9127440985863693,1.0,0.947975376983849,0.880037707381449,0.7897646500208548,3.7416573867739413,0.6693929213111842,0.9629188693711549,0.7006560141817089,2.0,0.9876448461456183,0.5429005312819959,0.25929978110281426,10.488088481701515,0.15208013969124803,0.8790438885657452,0.8189437699719446,2.0,0.9253205201706354,0.7345037123919966
swish,1337,BraTS20_Training_017.npy,0.9083313841554788,1.0,0.9784924561354459,0.8475586866015802,0.8622754487665155,1.4142135623730951,0.7942693404052512,0.9430175191843703,0.8542837554117315,1.0,0.8968196849952228,0.8156000512817694,0.6338964767847803,5.0990195135927845,0.5030666088959256,0.856691763768055,0.880543679360999,1.0,0.9710653169712922,0.8054596218729791
swish,1337,BraTS20_Training_018.npy,0.762303644401263,3.605551275463989,0.8909198783937108,0.6661377285240687,0.5499280567626935,12.68857754044952,0.9386051034449652,0.3888888880974992,0.6816889068438222,13.416407864998739,0.9191740358750794,0.5417246156407349,0.1765447659666046,12.84523257866513,0.6158357590664001,0.10304219772795782,0.7462164454229498,3.7416573867739413,0.8525547443215137,0.6634633291124774
swish,1337,BraTS20_Training_019.npy,0.8911088688570801,1.0,0.9175285976396719,0.8661680387838582,0.8784311595751244,1.0,0.7880955853467194,0.9921573426921406,0.813259213087678,1.0,0.8050545186945333,0.8216328644600802,0.650344036324344,4.123105625617661,0.528321221792136,0.8456606011845205,0.7477448754294123,2.23606797749979,0.8574623652225969,0.6629202272261098
swish,1337,BraTS20_Training_020.npy,0.9015828202162011,1.4142135623730951,0.8692361150825717,0.9364299974459428,0.8360055127084568,3.0,0.726554308012024,0.9842818865218873,0.7253496598307426,1.4142135623730951,0.7293471446421104,0.7213957555890776,0.7522131004330973,4.47213595499958,0.6228597408819575,0.9493762886735783,0.7404520412570644,5.744562646538029,0.8629869776467956,0.6483878846213444
swish,1337,BraTS20_Training_021.npy,0.7847471676117643,3.1622776601683795,0.731998480456889,0.8456884929800682,0.7951781962314695,1.7320508075688772,0.6690774375214722,0.9798501653840088,0.7361379504442724,1.4142135623730951,0.8245088217632073,0.6648764751211694,0.09811589015955957,11.949825172687799,0.051762940541024226,0.9387754463418063,0.742202934644433,4.123105625617661,0.7046394559926129,0.7839968604509143
swish,1337,BraTS20_Training_022.npy,0.9359876363950979,1.0,0.9735752663064717,0.9011944718774281,0.9071312106913015,1.0,0.8625844564211299,0.9565296072982012,0.8573917080311834,1.0,0.8103836228470536,0.9101892369412629,0.7999664158515737,3.3166247903554,0.7673969065984239,0.8354230593288706,0.8656072480446768,1.4142135623730951,0.9635281873579871,0.7857531383595323
swish,1337,BraTS20_Training_023.npy,0.9025360009044812,1.0,0.8610996277360358,0.9481618333606013,0.9234704750971554,1.0,0.8651146862574948,0.9902684338121165,0.8311115561636205,1.0,0.7581603723524181,0.9195963170460283,0.9100364814794407,1.0,0.8896645911524289,0.9313632015707608,0.8363684174092502,1.4142135623730951,0.8087044959915648,0.8659920126765329
swish,1337,BraTS20_Training_024.npy,0.8614009472085871,1.4142135623730951,0.8555411458552769,0.8673415723391411,0.7913972575798144,4.242640687119285,0.6579990846965079,0.9926377539441863,0.7121161597162338,4.69041575982343,0.556867206866322,0.9873907187395842,0.5703529406396678,7.615773105863909,0.5900681585393025,0.5519125673007057,0.8026779421485458,2.0,0.8553386126339195,0.7561255279486835
swish,1337,BraTS20_Training_025.npy,0.9083767100170684,1.0,0.9588626985090808,0.8629411763648356,0.9660255111066983,0.0,0.9695196290960145,0.9625564877978919,0.896885773457308,1.0,0.9028279694241794,0.8910212857274563,0.9525495021666796,0.0,0.9534298619052014,0.951670766219931,0.8215979838890208,2.0,0.9103975030359183,0.7485818474814104
swish,1337,BraTS20_Training_026.npy,0.9395027908879509,1.0,0.9442312754690303,0.9348214285195863,0.722590179254035,6.082762530298219,0.7702861396126697,0.6804564544606911,0.6612571150148341,3.3166247903554,0.576533197931858,0.7751717867140827,0.3866063347250056,13.19090595827292,0.5702589654086865,0.2924291515116921,0.8730134173134013,1.4142135623730951,0.8644662627348746,0.8817312745293449
swish,1337,BraTS20_Training_027.npy,0.6783710443821859,8.0,0.9977493696738462,0.5138790145193441,0.9095128521034647,1.0,0.9098886393145679,0.9091373748096495,0.7907288763993128,1.4142135623730951,0.7032816224920754,0.9030108014226532,0.7612437003131864,3.7416573867739413,0.9252282434702089,0.6466359739547404,0.5572673116933118,9.695359714832659,0.9811810352901221,0.3891410983563392
swish,1337,BraTS20_Training_028.npy,0.8326414581642808,2.23606797749979,0.9011133895394504,0.7738404760656544,0.8303630360151596,1.4142135623730951,0.7970521536634306,0.866579652768777,0.5814060141640529,2.23606797749979,0.4796238239329545,0.7380239508682237,0.7856825907516028,1.4142135623730951,0.9249521140084415,0.6828641204745287,0.34931462748612224,5.830951894845301,0.49489423688020745,0.2699154646743755
swish,1337,BraTS20_Training_029.npy,0.9354332191584153,1.0,0.9554618208279799,0.9162270649611314,0.9222350223774229,1.0,0.8661076536839226,0.986141051761409,0.8457779506980279,1.0,0.7589896496071047,0.9549768242000071,0.8145514200914895,1.0,0.8795038341435095,0.7585328540064552,0.9221211799969933,1.0,0.9520716194566531,0.8939976419611465
swish,1337,BraTS20_Training_030.npy,0.8598205958740246,1.4142135623730951,0.8399520831858633,0.8806518342465643,0.8059939186289315,12.36931687685298,0.7049512464164224,0.9408484013168018,0.7980924799471238,2.23606797749979,0.7620751329288094,0.8376832305368552,0.22404635333632855,22.825424421026653,0.13272311136886092,0.7182662316326245,0.8490345198199933,1.4142135623730951,0.8369130158092656,0.8615123097948337
swish,1337,BraTS20_Training_031.npy,0.917692372045927,1.0,0.9414652103397392,0.8950905356431899,0.9008806579746891,1.0,0.8721187240388315,0.9316043919605725,0.8507950659209403,1.0,0.7848199594293457,0.9288804754305676,0.741695921724483,2.8284271247461903,0.8298836669740389,0.6704503836562304,0.8524853591582912,1.4142135623730951,0.9010889461752715,0.8088566635367604
swish,1337,BraTS20_Training_032.npy,0.8963327510722455,1.0,0.9587547166193379,0.841542181166062,0.8856320486120676,1.0,0.865002868121054,0.9072692255943741,0.7905916481242402,1.0,0.7978667773733485,0.7834479918025998,0.7938423974000798,3.1622776601683795,0.7439938976179054,0.8508504130675237,0.6502671904560936,2.790533386549062,0.8116868789286804,0.5424003532436452
swish,1337,BraTS20_Training_033.npy,0.950132844448791,0.0,0.959500897002161,0.9409459523552083,0.9295454045985805,1.0,0.8718948877553295,0.9953595195484394,0.8949525169458331,1.0,0.8594540565560285,0.9335097354410002,0.7160163304223169,5.0990195135927845,0.6409058223808941,0.8110689904305247,0.9235773806414065,1.0,0.9491375361574174,0.8993577874624549
swish,1337,BraTS20_Training_034.npy,0.933738436864404,1.0,0.9396983826084436,0.9278536153061337,0.8991812584833345,1.4142135623730951,0.8361676112401538,0.9724663906482764,0.7567131326102438,2.23606797749979,0.633278755369104,0.939914944750963,0.8598947981625026,1.4142135623730951,0.8947214785236092,0.8276777674042854,0.8656532537639688,1.4142135623730951,0.935090581064847,0.8058155449658141
swish,1337,BraTS20_Training_035.npy,0.8420890562011504,3.1622776601683795,0.8626255190496522,0.8225076758164662,0.8183362403162059,3.1622776601683795,0.7445029869016546,0.9084259280395792,0.803222722771069,1.0,0.8485285628354923,0.7625097222998964,0.5664911124186714,8.558584125748805,0.4312202453724128,0.8254196636087773,0.6725741614576194,7.211102550927978,0.8222844020582994,0.5689817801298263
swish,1337,BraTS20_Training_036.npy,0.8432435632852654,2.0,0.9599973010253661,0.7518093925977023,0.8307959136338448,1.4142135623730951,0.7499999986951984,0.9311015098680313,0.7815733829068952,1.7320508075688772,0.6802246742587166,0.9184100394393042,0.7318475863993703,3.605551275463989,0.8700854552122145,0.6315136398075231,0.7169197857895531,5.0,0.9232040536324327,0.5859850335086474
swish,1337,BraTS20_Training_037.npy,0.8910195765315292,1.4142135623730951,0.8136723340890976,0.9846166954417299,0.9281194293832176,1.0,0.8850501441080019,0.9755949030468452,0.8106940315532989,1.0,0.730718408282413,0.9103274987780909,0.8296851095365341,1.0,0.859281109079776,0.8020599624698552,0.8649271831909066,1.7320508075688772,0.7847401125598433,0.963366864733778
swish,1337,BraTS20_Training_038.npy,0.8894381446534156,1.4142135623730951,0.8812796468967149,0.8977491093195917,0.7879418877179699,5.385164807134504,0.713485916307404,0.8797481934044824,0.6864900116702117,7.0,0.589504251985271,0.8216722557987324,0.7497147200695536,4.242640687119285,0.7604166659332401,0.7393098267635879,0.7619405149256915,2.8284271247461903,0.7948448651948582,0.7316521652441212
swish,1337,BraTS20_Training_039.npy,0.8865460349539478,1.4142135623730951,0.9746398470725628,0.813057048036768,0.9107358923906237,1.0,0.870701440282521,0.9546293088005136,0.8616539509356396,1.0,0.8233276151385251,0.9037227206643366,0.8785961352580814,1.0,0.8409237712517381,0.9198021534714677,0.8241142605864857,2.0,0.9744175419599763,0.7139828615741357
swish,1337,BraTS20_Training_040.npy,0.945878855408923,1.0,0.9464134330096218,0.9453448813048487,0.9510337584696952,0.0,0.9179617416719956,0.9865778532111539,0.8672926799711974,1.0,0.798807935645712,0.9486214913881,0.9289151014204264,1.0,0.9486447926514266,0.9099893563884297,0.9144523132767534,1.0,0.930118507899064,0.8993051154374915
swish,1337,BraTS20_Training_041.npy,0.9441073312940302,1.0,0.9812982231214981,0.9096325458123842,0.8461397560004855,1.4142135623730951,0.8052819656538988,0.891365170389421,0.7999736020590157,1.4142135623730951,0.7932207815819647,0.8068423844424356,0.7009723250546412,5.0990195135927845,0.6114300610348902,0.8212407962802636,0.9189340543437895,1.0,0.9707582568251989,0.8723627248617964
swish,1337,BraTS20_Training_042.npy,0.950146544455368,0.0,0.976215068012363,0.9254340599719452,0.9589225066234168,0.0,0.9484507111787747,0.9696281205030741,0.8455420210118632,1.0,0.7881993048228344,0.9118829098962973,0.9247607336070102,1.0,0.9657603217695064,0.8871005037291982,0.8993810231294552,1.0,0.9696898016592249,0.8385786502911724
swish,1337,BraTS20_Training_043.npy,0.7842899016168324,2.8284271247461903,0.6898394291352055,0.9087069751148353,0.48395643167112506,4.58257569495584,0.3200103811056185,0.9923541207551141,0.30684596483237786,7.645190794766012,0.1913109748806746,0.774691346069578,0.5223298156925426,5.0990195135927845,0.35556867305082906,0.9836690202304353,0.7551211096177817,3.4641016151377544,0.7069272951226567,0.8103667704846439
swish,1337,BraTS20_Training_044.npy,0.7328207445400811,4.47213595499958,0.6345691902691545,0.8670709947434385,0.6209912513812271,5.0990195135927845,0.4696802620194032,0.9161290224072148,0.7087958979129124,4.242640687119285,0.5878186927208308,0.8924731086830848,0.0,373.0,0.0,0.0,0.6956378814977687,5.0,0.6103484075851705,0.8086358419498388
swish,1337,BraTS20_Training_045.npy,0.9405287612328757,1.0,0.9487940982742402,0.9324061859627126,0.9549129631097584,0.0,0.9498894355963532,0.9599899071910049,0.8902027454527895,1.0,0.8876125895942686,0.8928080620723753,0.8502321033318373,1.0,0.8409859830588533,0.859683793935472,0.8473473914003117,1.0,0.8721135382512288,0.8239490131575072
swish,1337,BraTS20_Training_046.npy,0.43686805372339177,15.556349186104045,0.2877111880777857,0.9071664055985021,0.5611510767619505,14.866068747318506,0.43618420765668287,0.7864768589979021,0.5493387561071273,16.147749690201906,0.3979366219754118,0.8866994928292367,0.2317380294272537,7.810249675906654,0.28220857164364593,0.1965811881802911,0.41617404671658625,15.748015748023622,0.2719257939601614,0.886361508109743
swish,1337,BraTS20_Training_047.npy,0.8855271528070864,1.4142135623730951,0.8340593909531159,0.9437645512895806,0.9254349694251905,1.0,0.9079137613809861,0.9436457444699952,0.8556692849550631,1.0,0.8424736724344634,0.8692848388246325,0.8439445194783585,2.8284271247461903,0.8248305502314992,0.8639653676661592,0.766232140282137,3.0,0.6951614276208704,0.8534897502347145
swish,1337,BraTS20_Training_048.npy,0.724370493937637,4.898979485566356,0.5858955502630406,0.9485603538490807,0.7410891971393356,2.23606797749979,0.5917364906335264,0.9912875073025773,0.49563953308270514,3.7416573867739413,0.33414992486942713,0.9592123634428641,0.7891891863452641,2.23606797749979,0.7711267551329102,0.8081180752168408,0.6548884418618001,5.0990195135927845,0.5306074945571388,0.8551956978521973
swish,1337,BraTS20_Training_049.npy,0.9304591575455656,1.0,0.9435998036540061,0.9176794797700537,0.944720290251881,1.0,0.919853887151152,0.9709684713745329,0.8551282040318869,1.0,0.9139490246260645,0.8034208605072974,0.3832145654535664,6.708203932499369,0.24079601750451723,0.9379844597680442,0.9204662858027967,1.0,0.9369035098043803,0.9045958733108688
swish,1337,BraTS20_Training_050.npy,0.9216629422842315,1.0,0.9323388928849404,0.9112287182446417,0.9307151033124893,1.0,0.8822047529544108,0.9848708172833763,0.8389657480295043,1.0,0.8318326096936476,0.846222280521196,0.8388281837417062,2.23606797749979,0.7628497998963878,0.9316152877208762,0.6219887158954032,17.349351572897472,0.8396195995812221,0.4939547672021456
swish,1337,BraTS20_Training_051.npy,0.9361201272240207,1.0,0.9584354691981216,0.914820281636008,0.9317996555469613,1.0,0.8791158705257401,0.9912004618207975,0.8680801910452602,1.0,0.8028996560069442,0.944778664860574,0.8616146820610127,1.0,0.8599685303214913,0.8632671460666356,0.9172200006062091,1.0,0.9515266881103362,0.8853010366212598
swish,1337,BraTS20_Training_052.npy,0.8841593801139531,1.4142135623730951,0.98850948756108,0.7997367086987874,0.9417893224690455,1.0,0.9051139030272738,0.9815624537373835,0.8552109523022012,1.0,0.821206266558053,0.8921534325613228,0.8875607014497939,1.0,0.8542153498935551,0.9236151585546839,0.812279719224566,1.7320508075688772,0.9838420103794766,0.6916669002070885
swish,1337,BraTS20_Training_053.npy,0.959676707272059,0.0,0.9692151509082344,0.9503241773862471,0.8437525336242188,2.449489742783178,0.7393775753212176,0.9824395764209217,0.8412361671686049,1.0,0.8098918074520957,0.8751043768637667,0.7098885362972244,6.082762530298219,0.575956193000949,0.9249833432045526,0.9356160499265698,1.0,0.9660878282762312,0.9070077411287233
swish,1337,BraTS20_Training_054.npy,0.9080028224289384,1.0,0.8525657852550077,0.9711506968870732,0.9191578886208143,1.0,0.8638841382898983,0.981988275375273,0.8630318670711847,1.0,0.7823741589112618,0.9622317249661357,0.813990242002343,1.0,0.8905427741835171,0.7495570732098746,0.7886572768965687,1.7320508075688772,0.739869864287926,0.8443330471680427
swish,1337,BraTS20_Training_055.npy,0.9382677987617477,1.0,0.9749417144837119,0.9042529484327515,0.9343678812164123,1.0,0.8891749079466367,0.9844007792227383,0.8909216425664931,1.0,0.9378633709570454,0.8484549629098674,0.7700205331621985,5.385164807134504,0.6340301250629725,0.9802756630696872,0.9246562339835647,1.0,0.9730269626933057,0.8808669281101682
swish,1337,BraTS20_Training_056.npy,0.853356737219547,2.0,0.7592596161651866,0.9740767306567203,0.8906271727001412,1.4142135623730951,0.8231740622656167,0.9701215583102505,0.8229349734370887,1.4142135623730951,0.7459179606416576,0.9176874076336832,0.8236714970871549,3.0,0.8002816230928401,0.8484697675435808,0.6544126105585051,4.242640687119285,0.5483513302408642,0.811340940933423
swish,1337,BraTS20_Training_057.npy,0.9352108861431628,1.0,0.9171526262941483,0.9539945441518866,0.9120990927174966,1.0,0.8764665865699145,0.9507516361239956,0.8386937460098193,1.0,0.788691511913745,0.8954653296922419,0.7905088966741978,2.449489742783178,0.8040647799172284,0.7774025152674162,0.914030016688715,1.0,0.8990828021092899,0.9294826269852596
swish,1337,BraTS20_Training_058.npy,0.7694820868781798,3.3166247903554,0.7504982369253304,0.7894512531342781,0.5185482051653061,12.36931687685298,0.6021524138440068,0.45532925682693476,0.6311598552951023,7.14142842854285,0.6262671427753919,0.636129617449834,0.39930855646187347,18.05547008526779,0.5068689176618308,0.3294066586090851,0.6803313677473263,4.69041575982343,0.6342200398432228,0.7336735170429484
swish,1337,BraTS20_Training_059.npy,0.7826667682829592,4.543921785970506,0.7913033410018893,0.7742166852494463,0.8495670972684872,1.4142135623730951,0.7573564845279475,0.9673444179461219,0.8713114718388874,1.0,0.9069965792918381,0.8383280690983591,0.4681528625147065,4.123105625617661,0.32630410292670253,0.8281689907558032,0.7555838395558416,5.0,0.7717760533563531,0.7400571034945683
swish,1337,BraTS20_Training_060.npy,0.9328179392754635,1.0,0.9459580271016816,0.9200379019095883,0.9345532291699681,1.0,0.9747176365552511,0.897567870047051,0.8106699668401557,1.0,0.7695399451091146,0.8564448414724074,0.8586569870880442,2.23606797749979,0.9664451460036795,0.7724996731081554,0.8599367160173138,1.0,0.8557770736468734,0.8641369929580062
swish,1337,BraTS20_Training_061.npy,0.8768907276047636,3.7416573867739413,0.9289580833873254,0.8303502608416758,0.9076263784986801,1.0,0.85287099116117,0.9698948431395058,0.7919430894477315,1.0,0.758420084570698,0.8285666485556671,0.844535496931262,2.23606797749979,0.779150914831127,0.921899189881474,0.6350974927024242,12.083045973594572,0.8093770920169094,0.5225739486917714
swish,1337,BraTS20_Training_062.npy,0.9458836782083868,1.0,0.9808452844369102,0.913328659080058,0.96704323194607,0.0,0.9908476399292441,0.9443557580873516,0.9150958338483928,1.0,0.9582656003190573,0.8756479822731232,0.9177871393461852,1.0,0.9091863250154006,0.9265522330125033,0.9028476758618129,1.0,0.9422978629827309,0.8665679910325361
swish,1337,BraTS20_Training_063.npy,0.8845325444878135,1.0,0.9265774371498452,0.8461377281421024,0.7740958775877277,2.23606797749979,0.7616683192265199,0.7869357018230653,0.7258667978900802,2.449489742783178,0.6455190743322134,0.8290598243358415,0.4586776835812103,3.0,0.578878740822963,0.3798118017124739,0.8265572543703109,1.4142135623730951,0.8816391477206693,0.7779533080762214
swish,1337,BraTS20_Training_064.npy,0.831924342975368,3.605551275463989,0.8611803996387642,0.8045907521106352,0.9020671277620874,1.4142135623730951,0.838795660066975,0.9756626539678225,0.7500926894897891,1.4142135623730951,0.6589068250753591,0.8705706264282242,0.8436189749190178,2.23606797749979,0.8187933004150594,0.8699971410162957,0.49709588590608433,12.36931687685298,0.777603118223338,0.3653147430463135
swish,1337,BraTS20_Training_065.npy,0.6622841710997676,10.0,0.9748654938669937,0.5014871115950332,0.9127297468853237,1.0,0.878636957067793,0.9495750681315154,0.8908606905219864,1.0,0.8986752563599166,0.8831808554427133,0.729824557135529,4.0,0.6105675087028619,0.9069767310032453,0.6185792017493097,10.63014581273465,0.9675216912581093,0.45461836642725606
swish,1337,BraTS20_Training_066.npy,0.9303642787963304,1.0,0.951657855015513,0.9100027456414641,0.8863144668552186,1.0,0.8214216410184195,0.9623399250114876,0.7739791675033681,1.4142135623730951,0.6989036345079012,0.8671248555739908,0.8866169568094266,1.0,0.8485874031068461,0.928215031501344,0.8891388521394429,1.0,0.9396918291482574,0.8437474339346934
swish,1337,BraTS20_Training_067.npy,0.9574584997133675,0.0,0.9434611288715467,0.9718774606310813,0.9716134597394861,0.0,0.9732649589544337,0.9699675554939942,0.9049704492314786,1.0,0.9580051307746298,0.8574996974910359,0.8323704555895607,2.23606797749979,0.7495597880986395,0.9357513979458919,0.9316782859424128,1.0,0.9110378034915749,0.9532757107529506
swish,1337,BraTS20_Training_068.npy,0.924235356756494,1.0,0.9642658507779015,0.8873960331274158,0.899547228587112,1.0,0.8493425317385038,0.9560600023376942,0.8247796782845369,1.0,0.7898581554681857,0.8629319689579018,0.8320915665608217,3.605551275463989,0.7776768590283193,0.8946940665884744,0.7695246936454085,3.1622776601683795,0.9123973236885438,0.6653390142443686
swish,1337,BraTS20_Training_069.npy,0.8335909957509683,3.1622776601683795,0.751519138161695,0.9357862894291656,0.9005237223185528,1.0,0.8319448020750823,0.981424566523211,0.805750516798647,1.0,0.7601560995712647,0.8571634678566127,0.848680267984397,2.23606797749979,0.7705979890296414,0.9443703556586205,0.7680278837187119,5.0990195135927845,0.6873672140519199,0.870135968657801
swish,1337,BraTS20_Training_070.npy,0.8504339405348557,2.23606797749979,0.8217020685363834,0.8812479094575703,0.7378698848144206,3.605551275463989,0.5943150256208368,0.9728613838500365,0.6538513847513935,3.3166247903554,0.5658793058417333,0.7742108645327348,0.6619519906103343,5.385164807134504,0.5107128596412577,0.9404509059463724,0.6029180530583029,5.744562646538029,0.7350213976751866,0.5110656498322901
swish,1337,BraTS20_Training_071.npy,0.9333684537605323,1.0,0.9702629946180268,0.8991769798403381,0.4519278620631969,19.240579306188643,0.5141270352021314,0.40315420049758816,0.7691865474900899,3.7416573867739413,0.638663483978788,0.9667630046161332,0.09135675088338567,23.173260452512935,0.1629852741583245,0.06346517230503344,0.8465679035558897,2.23606797749979,0.8684519154937412,0.8257596877023325
swish,1337,BraTS20_Training_072.npy,0.7603959990611183,4.123105625617661,0.9208684773255962,0.64755219169221,0.9195991012467436,1.0,0.8655068143070452,0.9809034242268485,0.8665897847005265,1.0,0.815088630486944,0.9250380637775639,0.764808797418241,2.449489742783178,0.721357849390516,0.8138297863682662,0.5563935831100699,6.4031242374328485,0.8690350699783381,0.4091860277392839
swish,1337,BraTS20_Training_073.npy,0.9214692418308061,1.0,0.9269749992302219,0.916028500828832,0.93671039816062,1.0,0.910981156057073,0.9639352453503749,0.8224610605078102,1.0,0.7563424939150714,0.9012470073041353,0.8916221257700933,1.0,0.9268978431826245,0.8589330014157159,0.849087249594102,1.0,0.8715839068968525,0.8277227038318454
prelu,1337,BraTS20_Training_001.npy,0.927482015085837,1.0,0.8775926039587367,0.9833855465946273,0.9317560007386262,1.0,0.9739261315331883,0.8930861678997141,0.8842913510212413,1.0,0.8966909376048263,0.8722300137194144,0.8428726810586257,2.23606797749979,0.9283170362440478,0.77183159213318,0.8918222877634616,1.0,0.8211238739323005,0.9758418532827438
prelu,1337,BraTS20_Training_002.npy,0.8757785043979038,1.4142135623730951,0.9632570216154885,0.8028659567117541,0.9496031363521714,1.0,0.9481825698973948,0.95102796516982,0.8509957603367226,1.0,0.8123377602499042,0.8935169618852588,0.9449862195542791,1.0,0.9732532740466667,0.9183147909782501,0.8316167787815235,1.7320508075688772,0.9405033430920905,0.7453267417356207
prelu,1337,BraTS20_Training_003.npy,0.7219971684274124,3.7416573867739413,0.8640252286831868,0.620070303698158,0.9199561390899724,1.0,0.8994907507384327,0.9413744714126943,0.8651778314885396,1.0,0.8722481625341956,0.8582211983648795,0.7402078278160845,1.8660254037844386,0.6316507417237279,0.8938223765671356,0.685955187651502,4.47213595499958,0.8423838008734531,0.5785245856939807
prelu,1337,BraTS20_Training_004.npy,0.9549737788288256,0.0,0.9668007418286892,0.9434326794033705,0.9287771838668387,1.0,0.88664511487189,0.9751131217217134,0.896421845255864,1.0,0.9062432639512585,0.8868110229985862,0.7791623394605041,4.123105625617661,0.6821212114322008,0.9083938647990397,0.9433589550000432,1.0,0.9730272913672048,0.9154463061986768
prelu,1337,BraTS20_Training_005.npy,0.7460428897287328,16.881943016134134,0.6018122840952416,0.9811970108442902,0.820923948788181,26.038433132583073,0.7017796283969863,0.9887964137976991,0.7371519126459407,26.019223662515376,0.6600445969389371,0.8346577789865961,0.6025667129709377,30.49917608617335,0.44294698879021566,0.9420382105602662,0.4603265207668381,21.118712081942874,0.32422000591151495,0.7933884266297189
prelu,1337,BraTS20_Training_006.npy,0.9316463694070434,1.0,0.8910936678712224,0.9760660723789657,0.9026811234785038,1.0,0.8358722356855322,0.9810974488160088,0.8161842030928979,1.0,0.8866752181164614,0.7560758842057509,0.5647812759247767,6.164414002968976,0.40899919269118284,0.9122412230960383,0.9091485442392346,1.0,0.8827437619126581,0.9371816828619032
prelu,1337,BraTS20_Training_007.npy,0.9185897199595713,1.0,0.9468071694489607,0.8920055099534472,0.9327339856944753,1.0,0.9118970378655467,0.9545454534999502,0.8850053574437348,1.0,0.8715700586595713,0.8988613514754499,0.8483831591696414,15.628493474484614,0.8184225991217698,0.8806206431899283,0.8827911988962667,1.0,0.9247758216789187,0.8444532052997957
prelu,1337,BraTS20_Training_008.npy,0.8355603447150376,1.4142135623730951,0.9274287591043181,0.7602519791258543,0.6481207438646914,10.488088481701515,0.8004385906400688,0.5445052185753098,0.7907434722267678,9.433981132056603,0.6630883512544314,0.9792682807406308,0.1854599392770034,16.840332075471245,0.7961782932370514,0.10495381943783527,0.8168950479365384,1.4142135623730951,0.9023538578636465,0.7462228637275762
prelu,1337,BraTS20_Training_009.npy,0.8940315042028953,1.4142135623730951,0.8394806302032366,0.9561647072096412,0.774742915579022,4.242640687119285,0.6550218339752387,0.9480157146751663,0.6525983930829098,4.123105625617661,0.504273000431372,0.9245398548699565,0.678453522000228,10.198039027185569,0.6727007411765654,0.6843055441369231,0.8118426731934164,3.0,0.8218299214667925,0.8020952494830016
prelu,1337,BraTS20_Training_010.npy,0.8302930654309004,2.0,0.8454333610449009,0.8156855039365059,0.8539292796780642,3.0,0.8304260783093708,0.8788016328055658,0.8624535308698432,1.0,0.7885061010528255,0.9517061328515642,0.4210526291960802,31.362343318017725,0.7140115026101439,0.29855537481095207,0.7951472954423908,2.23606797749979,0.8164861448607825,0.7748954186371555
prelu,1337,BraTS20_Training_011.npy,0.911421848778244,1.0,0.9617112863040985,0.8661304856462004,0.9187849327247704,1.0,0.9108605561232914,0.9268484007385287,0.7922233999348014,1.0,0.9703844804808028,0.6693346067741792,0.4902021765315674,5.0990195135927845,0.3423854000817176,0.8626163061706825,0.8877217603903728,1.0,0.9505036509543535,0.8327196427225804
prelu,1337,BraTS20_Training_012.npy,0.8712086014350553,2.0,0.8281442223184934,0.9189974442822146,0.9149193799535279,1.0,0.8669082115133959,0.968560246972662,0.8394727330810106,1.0,0.7783358433310968,0.9110327240622522,0.7800650037268364,3.1622776601683795,0.7802340668390374,0.7798960104857191,0.8000987054310297,4.147012637917638,0.761410699474228,0.8429287195864394
prelu,1337,BraTS20_Training_013.npy,0.9040814579335927,1.0,0.9120611146308593,0.8962402186533832,0.8424449951421085,1.7320508075688772,0.7362917091597581,0.9843635016700115,0.6697019858309852,2.449489742783178,0.6008913082424082,0.7563103747076647,0.8301117898396874,2.23606797749979,0.7180830785841434,0.9835573522333847,0.8268002172411402,1.7320508075688772,0.8850459058970426,0.7757475538719174
prelu,1337,BraTS20_Training_014.npy,0.8874183657048165,1.0,0.9649395985427154,0.821426662445463,0.9091147883768406,1.0,0.9012350268204616,0.9171335550737684,0.84384024387189,1.0,0.8757634014500321,0.8141625481998935,0.6330761809106339,3.605551275463989,0.5709936936605853,0.7103056522716992,0.8224852563897729,2.0,0.9345806792283551,0.7343999045546171
prelu,1337,BraTS20_Training_015.npy,0.9438467614161198,1.0,0.9537382169775205,0.9341583731963007,0.6783412196138674,5.830951894845301,0.5149629459099604,0.9935603569160005,0.8117200875876437,1.4142135623730951,0.7370584306409038,0.9032126314957628,0.29434753570265226,11.874342087037917,0.1779827087285502,0.850220259635351,0.9194163305110238,1.0,0.967010500792955,0.8762873575063547
prelu,1337,BraTS20_Training_016.npy,0.9150580451956734,1.0,0.9614282564815148,0.8729549498700635,0.8171262085578789,3.1622776601683795,0.7065868261753111,0.9686655317620497,0.6257258999647392,2.23606797749979,0.9922492510227541,0.4569388979549285,0.09871807809336225,11.445523142259598,0.052297600779901754,0.8784431085123168,0.8291457799043817,1.7320508075688772,0.9448542242426351,0.7386851487358396
prelu,1337,BraTS20_Training_017.npy,0.9192250627273442,1.0,0.9740982250759317,0.870204471096707,0.8544456142415956,1.7320508075688772,0.8136819478412021,0.8995090268454949,0.8563638776058227,1.0,0.9266081437234017,0.7960192844652995,0.5991341986154682,4.47213595499958,0.4935101975559689,0.7622824393869081,0.8901143167724489,1.0,0.9589026634734635,0.8305346457368995
prelu,1337,BraTS20_Training_018.npy,0.7700332464857085,3.605551275463989,0.901166107368347,0.6722159805480856,0.806264748323826,10.677078252031311,0.9228880111842436,0.7158095210826303,0.7778909812076134,11.180339887498949,0.9008849504372569,0.6844464335076358,0.5904761824425009,9.659163447144863,0.6363636177019467,0.550761407341081,0.7623843277467791,3.7416573867739413,0.8931674043572652,0.665009532854901
prelu,1337,BraTS20_Training_019.npy,0.8997717027571537,1.0,0.8773888620505083,0.923326445066239,0.8861079031914203,1.0,0.8029396014975716,0.9884961048600982,0.8062935741443878,1.0,0.8721084267073185,0.7497152862464168,0.6107814350610398,4.69041575982343,0.4554686040101839,0.9268246427927496,0.7520445014836554,2.449489742783178,0.7791827953637923,0.7267329907225879
prelu,1337,BraTS20_Training_020.npy,0.9003247924666087,1.4142135623730951,0.866902183305328,0.9364279010987534,0.8097710015321955,3.4641016151377544,0.6868622285289496,0.9862535803135782,0.7224227697461952,1.4142135623730951,0.7672429679775711,0.6825500932402354,0.6995621635273375,5.477225575051661,0.5483831617560788,0.96582097987035,0.7047924327116084,6.48074069840786,0.8498383512110393,0.602039510645115
prelu,1337,BraTS20_Training_021.npy,0.8111237292176379,2.23606797749979,0.794508654621925,0.8284485682843588,0.8613592224646998,1.0,0.782501321604337,0.9578924617622707,0.7351002277208393,1.4142135623730951,0.9097569067274162,0.616704287546943,0.13742588023220828,10.770329614269007,0.07389347309117227,0.9800994537263953,0.7695861466142884,3.0,0.7637628648678179,0.7754989091462386
prelu,1337,BraTS20_Training_022.npy,0.9411790335249606,1.0,0.9513344489046457,0.931238144373852,0.8999122343514284,1.0,0.8367007210769003,0.9734553598247616,0.8549012691423068,1.0,0.7983645240116544,0.9200556568717629,0.8063475452060566,3.3166247903554,0.7448453602248346,0.8789203565111953,0.8788396748812376,1.0,0.9465329097552004,0.8201826376557201
prelu,1337,BraTS20_Training_023.npy,0.8995799235769972,1.0,0.8514213455118981,0.9535130716357534,0.9284934495000928,1.0,0.8735022247669164,0.9908737857664247,0.8381486405445027,1.0,0.8063454321968132,0.8725635689397808,0.8860207837026309,1.0,0.802246166637963,0.9893318341955235,0.8325941112994864,1.4142135623730951,0.7915412972871376,0.8781382224362303
prelu,1337,BraTS20_Training_024.npy,0.8624038076871354,1.4142135623730951,0.8779651024666393,0.8473845312584762,0.7700273775403667,9.0,0.7399344209471045,0.8026718501105667,0.7961652331041406,2.23606797749979,0.6693215755609342,0.982326745767933,0.46074559904909607,16.24807680927192,0.6703018487433265,0.35100958560982093,0.808651212166593,2.0,0.8439206716200299,0.7762114812840507
prelu,1337,BraTS20_Training_025.npy,0.904530427110397,1.0,0.9425902472946075,0.8694248714634532,0.9581101758446128,0.0,0.9499850982280784,0.9663754372663849,0.894742817958799,1.0,0.9040325813663554,0.8856420337816004,0.9483194602917712,1.0,0.9242657625157806,0.9736585888286139,0.818411760184016,2.0,0.894656153938169,0.7541422437914472
prelu,1337,BraTS20_Training_026.npy,0.9385669000564,1.0,0.9561345036238393,0.9216332083776102,0.7053550729147121,6.6332495807108,0.6536247241275098,0.7659774433519141,0.69698100865639,3.605551275463989,0.6308920423082902,0.7785364324098111,0.3465641164919818,10.198039027185569,0.3368336741685204,0.3568734675119051,0.8742910267779745,1.4142135623730951,0.9102221293147955,0.841088962330222
prelu,1337,BraTS20_Training_027.npy,0.7193175952449368,6.782329983125268,0.9932331051204487,0.5638249848336279,0.919597588542537,1.0,0.9064258446832621,0.9331577877524173,0.8277393232245855,1.0,0.7563245818876345,0.9140467256172147,0.8132511552063425,3.1622776601683795,0.9149427933491936,0.7319034845780683,0.601506453518554,9.0,0.9770340727592981,0.4345031383668921
prelu,1337,BraTS20_Training_028.npy,0.8330925213409663,2.23606797749979,0.8165348174545685,0.8503356382982427,0.7342858264516527,2.8284271247461903,0.6221155124569058,0.8958033219093409,0.4987629162430775,3.7416573867739413,0.3704464378224555,0.7630817172944072,0.7718816967236334,2.0,0.7839108466238711,0.7602161419111514,0.37407533059105846,5.0,0.5025528801922814,0.2979137387332032
prelu,1337,BraTS20_Training_029.npy,0.9378212488862455,1.0,0.9495757885279184,0.9263541632621406,0.9265884366581365,1.0,0.875710033979294,0.9837435415014532,0.8734069660403975,1.0,0.811436588648594,0.9456255091054262,0.8241206005790109,1.0,0.8233904263237424,0.8248520661251357,0.9248278993556958,1.0,0.944811397830156,0.9056722247774938
prelu,1337,BraTS20_Training_030.npy,0.8451024940216424,2.0,0.8331370357228141,0.8574166544912856,0.7772134854205388,26.036512185576296,0.804229453204724,0.7519535866067327,0.81542953679466,1.0,0.862904535919817,0.7729060440307268,0.14899369135177623,32.64965543462902,0.1418764293942996,0.156862744105865,0.8257038134141942,2.23606797749979,0.8105247040954349,0.8414623068981082
prelu,1337,BraTS20_Training_031.npy,0.917763417316358,1.0,0.9280402502235807,0.9077116964642967,0.9028512826372349,1.0,0.8648563306091092,0.944338032123683,0.8628542385559753,1.0,0.8146134158222385,0.9171682868152656,0.7735962661646875,2.8284271247461903,0.7764012679008895,0.7708114582708693,0.8510317790839188,1.4142135623730951,0.8849529128116419,0.8196151088392765
prelu,1337,BraTS20_Training_032.npy,0.8958684061279691,1.0,0.9638867920890993,0.836816930665438,0.8943051729041283,1.0,0.8851979340876661,0.9036017564254163,0.7901457251672541,1.0,0.8703335764191849,0.7234874819858419,0.7821104325181497,4.123105625617661,0.6679801694826742,0.9432776863340915,0.647364447512161,2.23606797749979,0.803638367360928,0.5419733805175304
prelu,1337,BraTS20_Training_033.npy,0.9486503533442509,1.0,0.9567117924517442,0.9407236334888437,0.9399569890451704,1.0,0.8973106134685648,0.9868593357476364,0.912022454105092,1.0,0.9133612337351732,0.9106875928558249,0.723380671476702,5.0990195135927845,0.6255691341653856,0.8574478553827429,0.9238238457094857,1.0,0.944008548217167,0.9044842480031509
prelu,1337,BraTS20_Training_034.npy,0.9404579165419564,1.0,0.9534032956271604,0.9278593745692755,0.9286675008562861,1.0,0.8825386237895879,0.9798844898361425,0.8262446273222052,1.4142135623730951,0.755423659125901,0.9117182092126677,0.894560238826677,1.0,0.8884456332335463,0.9007595931238238,0.8737296087620819,1.0,0.9392762082640859,0.8167344804179449
prelu,1337,BraTS20_Training_035.npy,0.8676245034367013,1.7320508075688772,0.8698938014733855,0.8653670143477724,0.8405350698714539,2.23606797749979,0.7924825753417518,0.8947910809221493,0.7824459881871747,1.0,0.9307146974978506,0.6749260242475636,0.48612324830913867,7.874007874011811,0.3368412259513734,0.8730382066532761,0.7067886217270298,3.7416573867739413,0.7817118665584332,0.6449712896924846
prelu,1337,BraTS20_Training_036.npy,0.8817109327860353,1.0,0.9427954661745849,0.8280601962151557,0.8549518368512561,1.4142135623730951,0.7952331231815708,0.9243680466645743,0.8144109463177134,1.4142135623730951,0.7377493690920989,0.908852300384509,0.742345028063144,3.7416573867739413,0.8495726350500404,0.6591511848918942,0.7726212571885281,3.605551275463989,0.8942265305264142,0.6801307293386988
prelu,1337,BraTS20_Training_037.npy,0.8841691448548623,1.7320508075688772,0.8003694053872329,0.9875689222397616,0.9281822460305875,1.0,0.8795682471190004,0.9824844538935376,0.8233620421318971,1.0,0.7446275813723989,0.9207154519557009,0.8359959115507526,1.0,0.8490112522134696,0.8233735952284662,0.8571398978460975,2.0,0.7705926537025749,0.9655875168433246
prelu,1337,BraTS20_Training_038.npy,0.9025938019333042,1.0,0.8888582459030493,0.9167605328285306,0.8355375227126184,2.23606797749979,0.7825544626859993,0.8962160722579927,0.7613706341247974,2.23606797749979,0.7180667908242826,0.810232644848461,0.7688684178954944,3.7416573867739413,0.7084297832673324,0.8405813677722804,0.7862626900079617,2.23606797749979,0.7975505988576195,0.7752898423991538
prelu,1337,BraTS20_Training_039.npy,0.898138006492409,1.0,0.9804640038222544,0.8285663063562694,0.9242192733080767,1.0,0.9064570402216547,0.9426915289863337,0.8720550635704798,1.0,0.8643380626350086,0.8799111033574799,0.9109427601759741,1.0,0.8738695076326397,0.9513009828563626,0.8373404296260766,1.7320508075688772,0.967869650991969,0.7378343237514314
prelu,1337,BraTS20_Training_040.npy,0.9451966326786388,1.0,0.930559067111073,0.9603020512044216,0.9555659437645407,0.0,0.9287262049608037,0.9840031596267396,0.8796111331114637,1.0,0.8259002997557935,0.9407938462915232,0.9341464047809276,1.0,0.9469540862540529,0.9216805507962149,0.9137718078853873,1.0,0.9050188410348949,0.9226957382520578
prelu,1337,BraTS20_Training_041.npy,0.9477512591474583,1.0,0.9776456429563749,0.9196308477820736,0.8662843054148531,1.4142135623730951,0.7964786884019187,0.9495012458961958,0.8193881053149618,1.4142135623730951,0.7798717435154146,0.863122826096288,0.727716726606049,4.69041575982343,0.6221294347021674,0.8764705850129757,0.9245520704711944,1.0,0.9738176530587509,0.8800311606030471
prelu,1337,BraTS20_Training_042.npy,0.9517741716409202,0.0,0.9714144395671558,0.9329123472389683,0.9613144486479843,0.0,0.9423199731927554,0.9810904252709866,0.8625666853893988,1.0,0.8257375429948994,0.9028344666083705,0.9411853337666535,1.0,0.9435548837142221,0.9388276548402668,0.9019064995749848,1.0,0.9687098732956985,0.8437224083690262
prelu,1337,BraTS20_Training_043.npy,0.702473783157019,8.06225774829855,0.5583905526307433,0.9467723665020283,0.5505607558155893,5.0,0.38541396264545297,0.9633473857822011,0.2342577480122096,11.532562594670797,0.13681402386884897,0.8140589384567135,0.6131538055241406,4.242640687119285,0.4659582832232226,0.8962906854795961,0.6931745867405984,10.04987562112089,0.5680449481653786,0.8890058967517871
prelu,1337,BraTS20_Training_044.npy,0.7803082099667836,4.47213595499958,0.7747258481594121,0.7859716037370356,0.7291860082662147,3.605551275463989,0.6493936017122734,0.8313337979440099,0.7722701121685699,2.8284271247461903,0.761331439367341,0.7835276910821597,0.0044742728305531805,7.5298785367538885,0.0024875621271750717,0.022222217283951712,0.7445322601682619,5.0990195135927845,0.7471735113364251,0.7419096163915977
prelu,1337,BraTS20_Training_045.npy,0.9446026690034691,1.0,0.9481916759022393,0.9410407291040161,0.9575412250423753,0.0,0.9619980025390544,0.9531255519712488,0.8914027148242791,1.0,0.9320665922143339,0.8541386503931976,0.8329780143794211,1.0,0.7553769932604054,0.9283486776593788,0.8508171477011404,1.0,0.8529915414734597,0.848653811185458
prelu,1337,BraTS20_Training_046.npy,0.15367661787375358,31.144823004794873,0.08442023001364254,0.8555493562310391,0.2542955311896018,34.824546410633374,0.1460526306180748,0.9823008414911132,0.2018229153527154,35.10697719730152,0.11422254890034968,0.865921739333981,0.44761902630385586,33.648166747105456,0.28834354059242084,0.9999997872340878,0.14446597869559843,31.304951684997057,0.07920280280305472,0.8208333308903769
prelu,1337,BraTS20_Training_047.npy,0.8901983687084806,1.4142135623730951,0.8328836297231774,0.9559842552916662,0.9269222965366669,1.0,0.917488673823621,0.9365519275592331,0.8553638837052587,1.0,0.888628480082301,0.8244998547913888,0.840166390376112,2.449489742783178,0.7879980159404867,0.899731963871897,0.7719632146523819,2.8284271247461903,0.6852798363453332,0.8837520139000014
prelu,1337,BraTS20_Training_048.npy,0.6850239201294067,7.681145747868608,0.5313451210604517,0.9637717115609357,0.7748654733989491,2.0,0.6449003159638823,0.9704347783894139,0.5777027007510044,3.3166247903554,0.4189122958407041,0.9303590758394007,0.7911460164543161,2.0,0.7802816846459036,0.8023171556675079,0.6086165966441192,8.12403840463596,0.46745286660429325,0.8719247461129344
prelu,1337,BraTS20_Training_049.npy,0.9289036424465043,1.0,0.9377872230509169,0.9201867891276891,0.9467750667243631,1.0,0.9383326150873816,0.9553708139239317,0.8539773423951483,1.0,0.9399835545629389,0.7823905091642552,0.31040268195970905,6.847972944342883,0.18407960015841193,0.9893047599302267,0.919261482830139,1.0,0.9296216192921245,0.9091297174911943
prelu,1337,BraTS20_Training_050.npy,0.9364291515118267,1.0,0.9276391406442186,0.9453873384858669,0.9222684156672235,1.0,0.8668922814115257,0.9852020487771507,0.8437064265363629,1.0,0.8623437193553334,0.8258576832229488,0.8101969947484164,2.449489742783178,0.7028840660471489,0.9561822627680604,0.6572187207981002,12.206555615733702,0.8278529973985711,0.544904779298231
prelu,1337,BraTS20_Training_051.npy,0.9393883433186112,1.0,0.9623920374300903,0.9174586743736506,0.9359078465710523,1.0,0.8863506887966557,0.9913348193747469,0.8789147408103556,1.0,0.8330408234772676,0.9301354682370832,0.8652313537941818,1.0,0.8174870739098965,0.9188984312306759,0.9218837591363301,1.0,0.9565066911863072,0.8896797788686583
prelu,1337,BraTS20_Training_052.npy,0.8965218776739036,1.0,0.9853301955176161,0.8223986625945677,0.9475791141430863,1.0,0.9225858471053116,0.9739642444849856,0.8608118859852418,1.0,0.8704657642514856,0.851369790226336,0.8671535719826752,1.0,0.7896818249331623,0.9614795338991475,0.8328885412240751,1.4142135623730951,0.9774187109605351,0.7255953083978215
prelu,1337,BraTS20_Training_053.npy,0.9588769018218187,0.0,0.9702852125052965,0.9477337441996763,0.8527751142929649,2.23606797749979,0.7583724121271506,0.9740220228910251,0.8541035105252144,1.0,0.8553764618509865,0.8528343413837817,0.6989951039943338,6.164414002968976,0.5626814896186165,0.9224700749150299,0.9365769166176721,1.0,0.9671626227417556,0.9078664035817535
prelu,1337,BraTS20_Training_054.npy,0.8918629843339918,1.0,0.813050815574342,0.9875943330264673,0.9213055637063893,1.0,0.8670104743301061,0.9828552385475856,0.8758613414294998,1.0,0.8095733270043306,0.9539728121945347,0.8437523058205386,1.0,0.8594196348527746,0.8286459831420036,0.760538354337925,2.0,0.6736510768660235,0.873157958569858
prelu,1337,BraTS20_Training_055.npy,0.9397625842479412,1.0,0.9654647705987413,0.9153933768474674,0.944210821087675,1.0,0.9126134663916723,0.978074632657126,0.8773948495350529,1.0,0.951308138382621,0.8141391097604032,0.7687388312153307,5.385164807134504,0.628189362698756,0.990307727186073,0.9270286162799751,1.0,0.9609080477625688,0.895456845195229
prelu,1337,BraTS20_Training_056.npy,0.8816962643868793,1.4142135623730951,0.8093704809005359,0.9682166249266038,0.9233225241667377,1.0,0.8920664500202222,0.9568484176753125,0.87207684346872,1.0,0.8597283061818097,0.8847852812583518,0.8086281050211028,3.3461201553117097,0.7390283962226843,0.8927002113498226,0.6828364587918724,3.4641016151377544,0.5774681832927747,0.8352391571362159
prelu,1337,BraTS20_Training_057.npy,0.9331593101829978,1.0,0.9137776498087021,0.9533809759108048,0.919035873071515,1.0,0.9028226484417423,0.9358420719698228,0.8669628239028742,1.0,0.861024032438147,0.8729841072713548,0.8101982989331806,3.1622776601683795,0.7719911058368017,0.8523842887363804,0.9115083928988681,1.0,0.8921497537314875,0.9317257870424172
prelu,1337,BraTS20_Training_058.npy,0.7755328559777389,4.242640687119285,0.7727601234343575,0.7783255577123024,0.6016112559624166,17.544226113414318,0.7710878413199024,0.49320930214206166,0.5609128083198299,15.352516962042841,0.8281156815323261,0.4240781735826566,0.5912276359999886,20.149441679609886,0.6841251663002049,0.5205429729090135,0.6883836259524395,5.385164807134504,0.6403847190632406,0.7441608927572874
prelu,1337,BraTS20_Training_059.npy,0.7923336817648753,4.123105625617661,0.7600509295624466,0.827480466761539,0.8886659957656319,1.0,0.8547998029194412,0.9253263659251887,0.8351987617321545,1.0,0.9232081832490769,0.7625088036468725,0.544022902333408,3.0,0.42175360242226856,0.766129016811915,0.7658299805916936,4.242640687119285,0.7344516667081352,0.8000091358092325
prelu,1337,BraTS20_Training_060.npy,0.9331748108915642,1.0,0.9356081010309113,0.9307541446112113,0.9269454809580476,1.0,0.9746886762309038,0.8836610914790712,0.8287022515120422,1.0,0.8169675978129065,0.8407789227180992,0.8606712330017255,2.449489742783178,0.9547881027591306,0.7834443298692869,0.8512097876664964,1.4142135623730951,0.8261661322104508,0.8778192077239102
prelu,1337,BraTS20_Training_061.npy,0.9121234384246574,1.0,0.8920239516684916,0.933149586102155,0.9067864588052357,1.0,0.8429530195056278,0.9810796728162822,0.7986206890432026,1.0,0.7977648487480636,0.7994783663708525,0.8259552256977317,3.7416573867739413,0.713434136793495,0.9806155056342616,0.680966158836982,2.23606797749979,0.7251172126924084,0.6418830776213885
prelu,1337,BraTS20_Training_062.npy,0.9486099639966482,1.0,0.9779882622142635,0.9209452115911055,0.9617631745471777,0.0,0.9945564393542389,0.9310634483337881,0.9058287710806722,1.0,0.9798294791560795,0.8422208278652272,0.9107008384849261,1.0,0.8764494197938577,0.9477382041032599,0.9033345307301242,1.0,0.929769996092679,0.8783607465939611
prelu,1337,BraTS20_Training_063.npy,0.8553150394884868,1.4142135623730951,0.8129254295885848,0.9023686213580366,0.6218721028392461,4.0,0.6663356482411927,0.582971327590584,0.5884155666919535,5.477225575051661,0.4259094923429037,0.9514370569728736,0.31018374241612034,4.58257569495584,0.6492829120041341,0.20376431995186448,0.7574537536684147,2.23606797749979,0.6923612485653857,0.836055728037406
prelu,1337,BraTS20_Training_064.npy,0.8358572973429059,3.4641016151377544,0.854866148217412,0.8176754214391427,0.9017630181275506,1.4142135623730951,0.8279335759998081,0.9900487832595024,0.7577485585626484,1.7320508075688772,0.6830359669546768,0.850813136892506,0.8482426575772457,2.449489742783178,0.7900271292594275,0.9157202627626184,0.5138575865436523,13.601470508735444,0.7956488928598787,0.37946441947417625
prelu,1337,BraTS20_Training_065.npy,0.7280832541562248,5.830951894845301,0.9705291893637962,0.5825560936585553,0.9168639819562432,1.0,0.9134993422975115,0.9202534963816913,0.8817979055038636,1.0,0.9201575334043768,0.8465085611116319,0.7501409997171968,3.7416573867739413,0.6506849251400693,0.8854860068510518,0.6862935182600653,7.0,0.9566165658543376,0.5350872538760177
prelu,1337,BraTS20_Training_066.npy,0.9344540894604663,1.0,0.9473337498188716,0.921919947247157,0.9026748194914512,1.0,0.8545372221366424,0.956559512773994,0.8011156919711887,1.0,0.7623773793856002,0.8440015320761447,0.8969564189836817,1.0,0.8434373148271964,0.9577276508642814,0.8982537320665175,1.0,0.9319418405806909,0.866916189765239
prelu,1337,BraTS20_Training_067.npy,0.959501443555074,0.0,0.9541446367740042,0.9649187387527453,0.9636516364645911,0.0,0.9749647083129368,0.95259809690013,0.890325738696978,1.0,0.982355853183438,0.8140619168914354,0.7963224890163496,3.0,0.6759244431919926,0.9689077547396653,0.9315775988152449,1.0,0.9189257494321575,0.9445826951235257
prelu,1337,BraTS20_Training_068.npy,0.934717220848573,1.0,0.9587041155174666,0.9119013372824973,0.8987685111615326,1.4142135623730951,0.8499321891473753,0.9535591423149117,0.8359852680530678,1.0,0.8290780135963985,0.8430085809165583,0.8267971144386045,4.123105625617661,0.7547683919897222,0.9140238307888642,0.791944315398247,2.449489742783178,0.9032517567519469,0.7050599858858909
prelu,1337,BraTS20_Training_069.npy,0.8256017686987922,4.58257569495584,0.7442116437469984,0.9269802381050248,0.8988196911655633,1.0,0.8360960803813174,0.9717175747082859,0.8122062617289315,1.0,0.7849785677276063,0.8413906597809843,0.8418418703897603,2.6768521719604337,0.7583687424819314,0.9459634148109602,0.7592835628884422,6.164414002968976,0.6779921086670833,0.8627244833541394
prelu,1337,BraTS20_Training_070.npy,0.8741724146127401,2.0,0.8750129940616422,0.8733334484647264,0.7539418088087076,4.123105625617661,0.6220030605276871,0.9569236131160954,0.7079910377943777,2.449489742783178,0.6695440628819399,0.7511224573015913,0.6317702225580978,7.813437585811865,0.47810850353630463,0.93098384647924,0.6037505450320539,6.164414002968976,0.7714425816817749,0.49594474522226667
prelu,1337,BraTS20_Training_071.npy,0.9321209692255397,1.0,0.966878241184012,0.8997758879501566,0.6012432888948167,18.05547008526779,0.5736546961211826,0.6316195674236408,0.8042179914127389,3.605551275463989,0.6856006358905326,0.9724667107058602,0.17738931066242347,22.494443758403985,0.2071619809117102,0.15509897249423832,0.8799836580496498,1.4142135623730951,0.9230017440816893,0.8407968716252596
prelu,1337,BraTS20_Training_072.npy,0.7792279344477592,3.605551275463989,0.9284113004956203,0.6713507800283598,0.9397312858823832,1.0,0.9118716856759999,0.969346873900739,0.8891301241409613,1.0,0.8884194899413639,0.8898418958487457,0.7389008616708508,2.8284271247461903,0.6465818004275513,0.8619736004249232,0.5836086415742553,6.0,0.863109312879089,0.44084863647145767
prelu,1337,BraTS20_Training_073.npy,0.9193480700791267,1.0,0.9103753451536702,0.9284994270495991,0.933045089273303,1.0,0.8923149619633085,0.9776713475000509,0.830279494158355,1.0,0.8023255805472246,0.8602516141218955,0.8681279698743506,1.0,0.8192529109395462,0.9232045852094077,0.8452920825171105,1.0,0.8546212392698002,0.8361644026964913
tanhexp,1337,BraTS20_Training_001.npy,0.9178593715679306,1.0,0.8572640297556655,0.9876725864645398,0.9401766371226821,1.0,0.9798541157856074,0.9035874437532377,0.8837639006186888,1.0,0.9310071368571093,0.8410837564018876,0.8646919053176962,1.0,0.8837013527917494,0.8464830660919966,0.8799981589982478,1.4142135623730951,0.7974000285497951,0.9816853577493099
tanhexp,1337,BraTS20_Training_002.npy,0.882355760283012,1.4142135623730951,0.9616750737304607,0.8151240306104608,0.9545382641163788,0.0,0.9603412050669418,0.9488050308498082,0.853431445522277,1.0,0.8677660698308657,0.8395627111248889,0.9538024159675237,0.0,0.9522925753795933,0.9553170507553204,0.8422542594283744,1.4142135623730951,0.9395871101741646,0.7631941474255863
tanhexp,1337,BraTS20_Training_003.npy,0.689235487863537,7.0710678118654755,0.7086590395851112,0.6708482863814119,0.9029656595955181,1.0,0.9303135863567044,0.8771796793601726,0.858899572979821,1.0,0.9086057341273991,0.8143497733502248,0.6349442331974406,3.0,0.5825375091059003,0.6977124069001241,0.6416072826471649,7.681145747868608,0.6594953211153952,0.6246640026790178
tanhexp,1337,BraTS20_Training_004.npy,0.9605028778039506,0.0,0.9720630222191127,0.9492144571462804,0.9395316623513111,1.0,0.9112893064732821,0.9695805597134138,0.8949210703860944,1.0,0.9367770666450341,0.8566454235223406,0.7740536735180747,4.123105625617661,0.6671717164978064,0.9217136464949572,0.9451079466518207,1.0,0.9696175861824307,0.9218068493560586
tanhexp,1337,BraTS20_Training_005.npy,0.7521383645433527,17.29306104628547,0.6157133292407386,0.9662276795942251,0.8420961526495754,25.729360660537214,0.7368421047051555,0.9824313398804208,0.7537496587107992,25.65151067676132,0.70038516044964,0.8159168723392173,0.5710096343296824,30.572859805461793,0.40820604849294384,0.9498257773531305,0.42894948748251127,21.633307652783937,0.29977484673564675,0.7537403932319433
tanhexp,1337,BraTS20_Training_006.npy,0.9335410527865816,1.0,0.8924390787250658,0.9786117772517505,0.9202849308854553,1.0,0.8772615588837923,0.9677459094796604,0.8143744452858253,1.0,0.9197867389883,0.7306394087598269,0.5844021512258991,5.0,0.4275121063218765,0.9232026133734177,0.909434610707447,1.0,0.870570254946289,0.9519311112069525
tanhexp,1337,BraTS20_Training_007.npy,0.9188321784175904,1.0,0.9310509993367153,0.9069299148109301,0.9315517054338482,1.0,0.9227791138194212,0.9404926938887782,0.8882842502494525,1.0,0.9011203102758235,0.8758087409250296,0.8524386442180202,15.910684280075209,0.8075338410608186,0.9026315759781856,0.8824993896538118,1.0,0.9005978077380944,0.8651140530020374
tanhexp,1337,BraTS20_Training_008.npy,0.8336423253502252,1.4142135623730951,0.9008462156801583,0.7757692800886392,0.6702737088788233,8.06225774829855,0.7697368364785319,0.5935738410734281,0.8497083856002314,1.0,0.7819983420148775,0.9302553936124225,0.1270536678307375,13.616154984035608,0.36942672806199184,0.07671957570476752,0.8149444571836749,1.4142135623730951,0.8782852686271909,0.7601251987911483
tanhexp,1337,BraTS20_Training_009.npy,0.9027018660598306,1.0,0.8571214513274058,0.9534023525783902,0.8243701585656672,3.0,0.729887092236793,0.9469520389017894,0.7212796548380925,3.0,0.5913243353585736,0.924444853673502,0.7060534376418246,9.1104335791443,0.7180548979657458,0.6944465631648308,0.8300844820864934,2.0,0.8299009879777196,0.830268057270231
tanhexp,1337,BraTS20_Training_010.npy,0.7845081370787071,5.196152422706632,0.6963417115684392,0.8982373195300771,0.8960336531730516,1.0,0.8527309109912341,0.9439696091421818,0.8842633831017548,1.0,0.8433492957773069,0.9293496749585467,0.6383419622969745,6.4031242374328485,0.5911708139890439,0.6936936780699623,0.7409715293160968,6.082762530298219,0.6487757678262757,0.8637111775927755
tanhexp,1337,BraTS20_Training_011.npy,0.9163708800329254,1.0,0.9553675941254073,0.8804328912411815,0.9092617823836936,1.0,0.9323503893877322,0.8872890674181135,0.7537721547382407,1.4142135623730951,0.9906477294931629,0.608316494088784,0.4433158577272021,5.0990195135927845,0.29393873496863193,0.9013990612831508,0.89559102267908,1.0,0.9374486367518728,0.8573115737905708
tanhexp,1337,BraTS20_Training_012.npy,0.8490562853831267,4.358898943540674,0.7939497174240719,0.9123830925424552,0.9189819068267514,1.0,0.9048309167816052,0.9335825533537913,0.8438847672555764,1.0,0.8190189170952303,0.8703077728690487,0.7616217347450186,3.0,0.7776332866162405,0.7462562364964382,0.7725094223692454,7.211102550927978,0.7088510308232565,0.8487296146164667
tanhexp,1337,BraTS20_Training_013.npy,0.898860655903367,1.0,0.9133990804908609,0.8847777915287475,0.9118942728037892,1.0,0.8829721356154303,0.942775287634779,0.6987215740482843,1.4142135623730951,0.7645456777307609,0.6433333319930556,0.8799005640479048,1.0,0.8093559443508423,0.9639169397890425,0.8295445939163785,1.4142135623730951,0.8611180980816507,0.8002045286193704
tanhexp,1337,BraTS20_Training_014.npy,0.8893072073877353,1.0,0.9788532535124628,0.814771456260019,0.8823293101003739,1.4142135623730951,0.9395878279370627,0.8316486118890888,0.8356086459727974,1.0,0.9137638538148813,0.7697694356089132,0.5416375084558123,4.123105625617661,0.5469667313035804,0.5364111306787386,0.8250432012312334,2.0,0.9231687896339155,0.7457733536377069
tanhexp,1337,BraTS20_Training_015.npy,0.9487835953752748,1.0,0.9480073749911796,0.9495610878504053,0.7296623448035111,4.69041575982343,0.5794535268544133,0.9849985566064059,0.8583078486474641,1.0,0.841812929524758,0.8754621061974791,0.29199462440776097,11.104007013572815,0.17533141190163526,0.8726333856991774,0.9256431826046865,1.0,0.9560635627770594,0.8970989596629754
tanhexp,1337,BraTS20_Training_016.npy,0.9097653606883201,1.0,0.931507604070381,0.8890149351737676,0.8114916816983794,3.3166247903554,0.7064651183714363,0.9531988961661854,0.6260684791070487,2.23606797749979,0.9948584137864643,0.45675228113421684,0.10067738076083232,11.532562594670797,0.054044419074526964,0.7341404322801915,0.8193983479052775,2.0,0.8990273866371515,0.7527274497610824
tanhexp,1337,BraTS20_Training_017.npy,0.9226297349048095,1.0,0.9581137056713686,0.8896802147913787,0.8625556925146746,1.4142135623730951,0.8251432658845679,0.9035218441418764,0.8475145249531862,1.0,0.9445963434384856,0.7685282744777798,0.5947054099343031,4.58257569495584,0.4758237049267955,0.792775663515267,0.8941209265523308,1.0,0.940488617194205,0.8521104309219469
tanhexp,1337,BraTS20_Training_018.npy,0.7699229301634829,3.1622776601683795,0.8845302478527348,0.6816079623188126,0.5275760014425935,12.529964086141668,0.9631630601023425,0.36328269662229956,0.6695943106031069,13.45362404707371,0.9445427672888332,0.518626496538301,0.14253393611412543,10.344080432788601,0.5542521831597601,0.08178277766428914,0.752589701165356,3.605551275463989,0.8397989707215988,0.6817890379292799
tanhexp,1337,BraTS20_Training_019.npy,0.9012935688140415,1.0,0.8956549533311288,0.9070036299320207,0.9179321900430752,1.0,0.8663551852502287,0.976039038833184,0.8014303369232605,1.0,0.9249974514164909,0.7069865248796741,0.6279055348491257,4.58257569495584,0.47186510110688923,0.9381366902423844,0.7732123244911601,2.23606797749979,0.802494623310755,0.74599176332574
tanhexp,1337,BraTS20_Training_020.npy,0.9025136305174231,1.4142135623730951,0.8757340591373294,0.9309826809669208,0.8543816165747122,2.8284271247461903,0.7581732776861484,0.9785553170513775,0.7254725186673827,1.4142135623730951,0.8454307513379914,0.6353260566692541,0.7341045645623985,4.47213595499958,0.5900572213682069,0.9711975466860391,0.7347385839222459,6.782329983125268,0.8420358695898214,0.6516956022461216
tanhexp,1337,BraTS20_Training_021.npy,0.7841356784979077,3.0,0.7263009385408049,0.8519779762413743,0.8831071587429975,1.0,0.8322455444836029,0.9405901097675636,0.7156549511621023,1.4142135623730951,0.9324009292960341,0.58067191916078,0.12727272682771773,10.816653826391969,0.06826706651062615,0.9381442815389546,0.735944716335739,3.605551275463989,0.6795023884448035,0.8026131411465203
tanhexp,1337,BraTS20_Training_022.npy,0.9322124590984981,1.0,0.9718723390334607,0.8956625265990661,0.8980908490951134,1.4142135623730951,0.8905571691449694,0.9057530787419071,0.8661034787546614,1.0,0.8805773553149787,0.8520977159574628,0.7556624063622833,4.242640687119285,0.72148840148076,0.7932347464861111,0.8686386454290975,1.0,0.9417571567082635,0.8060560387280363
tanhexp,1337,BraTS20_Training_023.npy,0.8895788509695084,1.0,0.83955450700592,0.9459422431514213,0.9420920251687847,1.0,0.9083076566767616,0.9784866918811933,0.8572737682211804,1.0,0.8553533868013593,0.8592027912755301,0.884711778709514,1.0,0.8036120795210016,0.9840178387213941,0.8019896863044791,1.7320508075688772,0.7447556889669213,0.8687527802319676
tanhexp,1337,BraTS20_Training_024.npy,0.889767671722232,1.0,0.8912992217765504,0.8882413759648179,0.8270631552015002,2.8284271247461903,0.7878984288592732,0.8703251344043442,0.8213941974917106,1.4142135623730951,0.7080548045758996,0.9779334723821809,0.542220915306665,13.114877048604,0.718403114472438,0.43543437153513415,0.8272424140690862,1.7320508075688772,0.8468391587850151,0.8085321338794595
tanhexp,1337,BraTS20_Training_025.npy,0.912799512685941,1.0,0.959162275016795,0.8707121400211736,0.9643915729428602,0.0,0.9829038985117711,0.9465636901981517,0.8978816889804763,1.0,0.949463660328421,0.8516155583187819,0.9512589269271596,0.0,0.9369480381305463,0.9660137633848525,0.8262304200019936,1.7320508075688772,0.8945740251602676,0.7675882641310778
tanhexp,1337,BraTS20_Training_026.npy,0.935317023093465,1.0,0.934434218507731,0.9362014972592572,0.79030449919856,4.123105625617661,0.7471142552209451,0.8387947387726165,0.6962550183856749,2.449489742783178,0.6702145629877452,0.7244008213994975,0.3803416709675747,8.037354648979038,0.3457328465375698,0.4226501300885007,0.888602987939807,1.0,0.8993663393287817,0.8780942150073702
tanhexp,1337,BraTS20_Training_027.npy,0.745908321624982,4.898979485566356,0.9952886806812974,0.5964590470002195,0.9104148106219422,1.0,0.9249596659485462,0.89632030471065,0.8413233023257505,1.0,0.7973747011948839,0.8903990932837637,0.7867532332846378,4.123105625617661,0.9032705409646706,0.6968616256269066,0.634004896046362,6.708203932499369,0.9703649809699612,0.47080764337661696
tanhexp,1337,BraTS20_Training_028.npy,0.8513896122559085,1.7320508075688772,0.9177654063298343,0.7939673014262315,0.8504104981413115,1.4142135623730951,0.8773509397910157,0.8250752629044937,0.6697590221349932,1.7320508075688772,0.6399308175981723,0.7025038558176055,0.7977375559594739,1.4142135623730951,0.9209472385148054,0.7036051606976119,0.32230716802489806,5.385164807134504,0.3882202764620345,0.27552737119771276
tanhexp,1337,BraTS20_Training_029.npy,0.9373421041254819,1.0,0.9312761622217324,0.9434875859639464,0.9411437697580823,1.0,0.9158777374683829,0.9678433600573912,0.8900628464431526,1.0,0.8570426225977151,0.9257294412168825,0.8259085556098811,1.0,0.8322504380847582,0.8196625897634521,0.9245324370868158,1.0,0.9210837562237597,0.9280070396304091
tanhexp,1337,BraTS20_Training_030.npy,0.8113940915000499,4.47213595499958,0.7418033198701615,0.8953936255731669,0.8201876068039453,13.45362404707371,0.786121310895123,0.8573401452046124,0.8086496571183497,1.4142135623730951,0.8453407044310608,0.775011181191276,0.2033304110283505,33.25582639565965,0.13272311136886092,0.4344569207030539,0.7963243242764971,5.0,0.7249841428747201,0.8832369632972852
tanhexp,1337,BraTS20_Training_031.npy,0.914873635357268,1.0,0.9384218921415607,0.8924782633025059,0.9030549896634326,1.0,0.9333754338373591,0.8746424693840147,0.8880138387381039,1.0,0.8913818310677291,0.8846712014128475,0.6950487116675239,4.123105625617661,0.7868258033134525,0.6224453201596207,0.8537804257675137,1.4142135623730951,0.8721573214425883,0.8361619742280955
tanhexp,1337,BraTS20_Training_032.npy,0.8906638639182581,1.0,0.9593962260530581,0.8311212811928338,0.8821341682609171,1.0,0.9049340212823098,0.8604549665264006,0.7831774836320524,1.0,0.8889469822347099,0.6999012014655844,0.7551949894995766,4.47213595499958,0.6744629456279866,0.8578819711271108,0.6382859015245507,3.0,0.7504961402971377,0.5552655187574309
tanhexp,1337,BraTS20_Training_033.npy,0.9499780838812363,1.0,0.9456124611853195,0.9543842031265682,0.9419905579033843,1.0,0.8971053168149845,0.991603884455113,0.9154463571731369,1.0,0.9332875251837794,0.8982745139792735,0.7221939326964473,5.830951894845301,0.5947759398576852,0.9190890558802277,0.9258360137906458,1.0,0.9314608455776257,0.9202787077167196
tanhexp,1337,BraTS20_Training_034.npy,0.9407289981041542,1.0,0.9493737235921752,0.9322402847074461,0.9193029551596464,1.0,0.8830499053277647,0.9586601344309046,0.8170533304769108,1.4142135623730951,0.7503479325622808,0.8967760868368593,0.8757911961503233,1.0,0.8851860856797927,0.8665936364704736,0.871604662181389,1.0,0.9205374772644161,0.8276114936938938
tanhexp,1337,BraTS20_Training_035.npy,0.830781853050229,3.605551275463989,0.8783844171076199,0.7880735350414403,0.8102340661860133,4.123105625617661,0.8293436772259077,0.7919852619167257,0.7788759852879755,1.0,0.9467892173164664,0.6615499810898972,0.47993955409143946,8.306623862918075,0.3978952641786122,0.6046068909165513,0.667877871815702,6.4031242374328485,0.7450853778357421,0.6051688468852396
tanhexp,1337,BraTS20_Training_036.npy,0.8676218120087331,1.4142135623730951,0.9375337284555223,0.8074130013318928,0.8668139629988387,1.0,0.8531663172352709,0.8809053334275098,0.8285451376867957,1.0,0.7848150285012299,0.8774361176322302,0.6401564495426568,4.69041575982343,0.8393162249689534,0.5173867174142601,0.7576488752255338,3.1622776601683795,0.8649184653317338,0.6740511757907856
tanhexp,1337,BraTS20_Training_037.npy,0.8589143386307772,2.23606797749979,0.7582290204928893,0.9904342103631439,0.9432274590340575,1.0,0.9231259557525388,0.964223888781471,0.8537270945192218,1.0,0.8343417478028085,0.8740346780751606,0.8501893512752343,1.0,0.8339342283033604,0.8670907635271036,0.8278688231446614,2.449489742783178,0.71922353477151,0.9751784390802657
tanhexp,1337,BraTS20_Training_038.npy,0.888346747481227,1.4142135623730951,0.8596138995190717,0.9190668269621085,0.8394232032317818,2.0,0.8333478371962556,0.8455878021882651,0.7743048160851882,2.23606797749979,0.7543248285607448,0.7953720306218574,0.7233369020421131,4.123105625617661,0.7493248449562839,0.6990911538746593,0.757741449984789,2.8284271247461903,0.721558644868619,0.7977446270964054
tanhexp,1337,BraTS20_Training_039.npy,0.904897134281285,1.0,0.9801554392262443,0.8403717052745838,0.9046768639116192,1.0,0.9189715002003516,0.8908201228957541,0.8635210939585334,1.0,0.8761110237984476,0.8512878781429637,0.8584569020232679,3.0,0.8741925050481387,0.843277767809195,0.8362417563388821,1.4142135623730951,0.9384193692893499,0.754130056840811
tanhexp,1337,BraTS20_Training_040.npy,0.945264323738802,1.0,0.9392893792897298,0.9513157695820481,0.9563478839248407,0.0,0.9361821102690691,0.9774015420035997,0.8876181431773298,1.0,0.8572440810031493,0.9202237132347992,0.9304781614046387,1.0,0.9263486020360604,0.9346447033772352,0.9110795764157255,1.0,0.9116268908403007,0.9105329186810087
tanhexp,1337,BraTS20_Training_041.npy,0.9518558177034965,0.0,0.9690238548921888,0.9352855170004939,0.8470088668885521,1.7320508075688772,0.8866904899444866,0.8107268084071352,0.8031186758700639,2.0,0.8829996062256255,0.7364916485793127,0.6582629163897176,3.7416573867739413,0.6200417520353816,0.7015057552361802,0.926734392269695,1.0,0.938271187428033,0.9154778591711918
tanhexp,1337,BraTS20_Training_042.npy,0.950051690131417,0.0,0.9759241208338656,0.925515623794507,0.9590193178858479,0.0,0.9612486267245897,0.9568003252163033,0.8689798568241767,1.0,0.8667496236497384,0.8712215963773079,0.930176745348822,1.0,0.9367573006360739,0.9236879991441895,0.8996015934821352,1.0,0.9537406227770019,0.851278802976451
tanhexp,1337,BraTS20_Training_043.npy,0.7062592327076436,5.916079783099616,0.5684095218765103,0.9323779468260243,0.5660066001411748,4.47213595499958,0.40059693693148596,0.9640849438972987,0.2827030369414041,10.198039027185569,0.17378048714260483,0.7574750704738361,0.6250976300115886,4.58257569495584,0.47245178970395163,0.9234615349097632,0.7065404648033927,7.810249675906654,0.5864145609169954,0.8885603584377242
tanhexp,1337,BraTS20_Training_044.npy,0.7746225632082472,3.3166247903554,0.7086684069406431,0.8541129077637908,0.7013153650904222,3.605551275463989,0.6025358290929668,0.8388334548055759,0.7426002220209807,2.8284271247461903,0.7018413548028233,0.7883850374830148,0.04464285614636482,7.810249675906654,0.024875621271750716,0.21739125708885715,0.7403044919678264,3.7416573867739413,0.681587447691747,0.8100918683600083
tanhexp,1337,BraTS20_Training_045.npy,0.9464841647083337,1.0,0.9478746114959231,0.9450977911666353,0.9539625961756688,0.0,0.9664919036724281,0.9417539833981904,0.8899747301297052,1.0,0.9400870354872768,0.8449346217521467,0.8149770959254541,1.4142135623730951,0.741662638507937,0.9043760122997083,0.8500836747288693,1.0,0.8369051941163133,0.8636838297952488
tanhexp,1337,BraTS20_Training_046.npy,0.3002284948645813,23.68543856465402,0.17896648500936477,0.9311381518523434,0.5226415069686721,6.164414002968976,0.36447368181267314,0.9233333179444447,0.4788882924698648,6.51908961135493,0.3301400123055268,0.8715953137821923,0.48995981968032853,11.342254470294442,0.3742331058752696,0.7093022431043903,0.2822821364616977,24.041630560342615,0.16702084884066942,0.9108848850260222
tanhexp,1337,BraTS20_Training_047.npy,0.8788550678878022,2.0,0.8245327102182295,0.9408400556475996,0.9237108861267439,1.0,0.9435144425435346,0.904721558822349,0.8594362186362662,1.0,0.9150964029514401,0.8101588001963816,0.8225844713419553,3.0,0.8025128117697098,0.8436859116258174,0.7484749213241315,3.3166247903554,0.6471448447273838,0.88742869363405
tanhexp,1337,BraTS20_Training_048.npy,0.6603799184395341,7.810249675906654,0.4993672832520376,0.9746345364297213,0.8849854881854506,1.0,0.8370413151197881,0.9387556677292428,0.7580868101794669,1.0,0.6717295410498307,0.8699238523481989,0.8122866866474856,1.4142135623730951,0.8380281631124777,0.7880794649796062,0.5831231915209505,8.306623862918075,0.42609977483664374,0.9234131980467313
tanhexp,1337,BraTS20_Training_049.npy,0.9292062685074723,1.0,0.9305396616114399,0.9278766910710045,0.9402048913441304,1.0,0.9662655759212171,0.9155130274521315,0.8484190190098733,1.0,0.9632776076643529,0.7580332094931352,0.2609374979614258,5.0990195135927845,0.16616915257543133,0.6072727051900835,0.9191046494548943,1.0,0.9181928211039518,0.92001829043917
tanhexp,1337,BraTS20_Training_050.npy,0.9339286737368276,1.0,0.9362723811733707,0.9315966705722604,0.940412858741589,1.0,0.9080948188138381,0.9751161083720172,0.843030339825297,1.0,0.8963853077358342,0.7956701739992897,0.8239858447114611,2.23606797749979,0.724728726235086,0.9547455136911766,0.6579460620559735,13.152946437965905,0.7884429394032536,0.5645124059062249
tanhexp,1337,BraTS20_Training_051.npy,0.9307135122948594,1.0,0.9121329274564339,0.9500668288023864,0.9385468161981881,1.0,0.8922182973155872,0.9899500657417672,0.8807041189070673,1.0,0.8475391065642586,0.9165703903972847,0.8527968586202198,1.0,0.7812991665963157,0.9386983501520433,0.9105806910848817,1.0,0.8969197045745924,0.9246642548268333
tanhexp,1337,BraTS20_Training_052.npy,0.8988989444344383,1.0,0.9871326288020996,0.8251443875397286,0.94612184616676,1.0,0.9475841670938887,0.9446640309876975,0.859363017811276,1.0,0.9020175993753836,0.8205603818992869,0.8429784318893545,1.0,0.7763796498716886,0.9220751474763554,0.8382764214966895,1.4142135623730951,0.9686415316303046,0.7388393534162565
tanhexp,1337,BraTS20_Training_053.npy,0.9584285753298439,0.0,0.9548653505168628,0.9620184931126027,0.863389990826872,2.23606797749979,0.7771777742517276,0.9711157141336989,0.8495033552485888,1.0,0.8733716042466642,0.8269049850246629,0.710799235998762,5.916079783099616,0.5714759806094117,0.9399563305950378,0.9359003809801927,1.0,0.9476559052779101,0.9244329339610168
tanhexp,1337,BraTS20_Training_054.npy,0.8798148019570303,1.4142135623730951,0.7957872366028143,0.9836822991603673,0.9313075350553586,1.0,0.8893758013869774,0.9773888527111678,0.8924340814214119,1.0,0.8507457833650454,0.9384185242890464,0.8428203319724992,1.0,0.811456922550809,0.8767056515972943,0.7330675113702934,2.23606797749979,0.630523125923628,0.8754443753056181
tanhexp,1337,BraTS20_Training_055.npy,0.9460674551537075,1.0,0.958737475221241,0.9337279438993892,0.9383013092708551,1.0,0.9246037116077742,0.9524108569168859,0.8604967116675742,1.0,0.9589389523268667,0.7803844250562992,0.7491582484575774,5.385164807134504,0.6155856123338678,0.956760628388054,0.9339870037230028,1.0,0.9504486968375626,0.9180858326570068
tanhexp,1337,BraTS20_Training_056.npy,0.8588251666478792,1.7320508075688772,0.7733731802230072,0.9655064507593137,0.919238037743676,1.0,0.8830693098283894,0.9584960934157031,0.8654619379115739,1.0,0.8476923753937377,0.8839924318748593,0.8091219475558062,3.1622776601683795,0.7369162159857825,0.8970147109027072,0.6178605424149629,4.47213595499958,0.5006266869935274,0.8067899310077766
tanhexp,1337,BraTS20_Training_057.npy,0.9321353643544118,1.0,0.9046264840596401,0.9613697565810918,0.9270635819630626,1.0,0.9353001182321883,0.918970845444014,0.8690442542988502,1.0,0.8926042019126853,0.8466960343098061,0.7986754953664313,2.449489742783178,0.7659574443761274,0.8343133834855988,0.9104994230485909,1.0,0.878398147683039,0.9450359947246275
tanhexp,1337,BraTS20_Training_058.npy,0.7629992219504776,4.58257569495584,0.7732090842542642,0.7530554784513517,0.5195265456904782,19.44222209522358,0.8783595108328334,0.36884404915750335,0.5619266052116729,14.347468239737626,0.8035181860412669,0.4320294962872479,0.4571413896417386,21.95449840010015,0.8491700049139763,0.3127547433897559,0.5987933396922864,7.0710678118654755,0.5127610208125019,0.7195154267046157
tanhexp,1337,BraTS20_Training_059.npy,0.7654728641170364,5.385164807134504,0.6976618563555591,0.8478852101435407,0.8800603447823476,1.0,0.844187164282744,0.919117642231525,0.8127953441919471,1.0,0.9539249065364769,0.7080430607470357,0.41109298196498384,4.123105625617661,0.27968923108003074,0.775384591526628,0.7342316313277482,5.830951894845301,0.66613545788797,0.8178354439203813
tanhexp,1337,BraTS20_Training_060.npy,0.932127893089096,1.0,0.929430238182467,0.9348412532642962,0.9269288337288163,1.0,0.9863886472671911,0.8742299792417273,0.839490183133815,1.0,0.8817709616115688,0.8010785906403693,0.870764480889044,2.23606797749979,0.9371935935629189,0.8131291645100764,0.850635329620132,1.4142135623730951,0.8108200389227724,0.8945628058903848
tanhexp,1337,BraTS20_Training_061.npy,0.8410242905138954,9.055385138137417,0.9180359277039349,0.7759332736351392,0.9024077396187167,1.0,0.9181208046844737,0.8872234626452234,0.7837761441607008,1.0,0.8490508253994936,0.7278215213545649,0.7885801288248343,2.8284271247461903,0.7529805164975567,0.8277129601602797,0.5594443833755636,16.0312195418814,0.685197587829608,0.4726919873646687
tanhexp,1337,BraTS20_Training_062.npy,0.9516446648345733,0.0,0.96409722313174,0.9395096862033596,0.9616122654682404,0.0,0.9942374028445619,0.9310602380903275,0.9020606059239301,1.0,0.9875593003391967,0.8301865742169766,0.8976528309514247,1.0,0.8458116749071313,0.9562637729805822,0.9079825865562959,1.0,0.9095427110097827,0.906427804954273
tanhexp,1337,BraTS20_Training_063.npy,0.8849216445897097,1.0,0.9307074562671453,0.8434294421656298,0.8162045478728134,1.4142135623730951,0.8136378655622711,0.8187874722891822,0.7601830646220068,2.0,0.7369121528974616,0.7849716409027805,0.5299455503330578,2.449489742783178,0.5710560551361662,0.49435665356256603,0.834264431641404,1.4142135623730951,0.8911875861436368,0.7841764390126235
tanhexp,1337,BraTS20_Training_064.npy,0.8415548072676343,3.3166247903554,0.872546052197198,0.8126895558740289,0.9128841874666682,1.0,0.8574789452193716,0.9759439402691965,0.7738608605328758,1.4142135623730951,0.7267629564636751,0.8274861341327595,0.844797135937375,2.23606797749979,0.7936369137925973,0.9030077295586602,0.5022135281576827,12.767145334803704,0.7667882288941221,0.37338109660653956
tanhexp,1337,BraTS20_Training_065.npy,0.7433651891806191,4.69041575982343,0.8963302011979724,0.6349982931405739,0.9231757439321997,1.0,0.9418086475968318,0.9052658077468737,0.881795509755951,1.0,0.949516645365139,0.823091245117656,0.758620685366757,3.6872149422499483,0.6565557665699044,0.8982596934637257,0.6990320974981766,5.744562646538029,0.8663410929465928,0.5858851442633517
tanhexp,1337,BraTS20_Training_066.npy,0.9372792330098386,1.0,0.9479418271121494,0.9268538396487441,0.9163053907018217,1.0,0.8954142675794488,0.9381946320559809,0.8142438009467619,1.0,0.8167339863626843,0.8117687533703043,0.8955898387910318,1.0,0.8456444955184749,0.951805231944675,0.9011794137663979,1.0,0.922317223510055,0.8809887756297792
tanhexp,1337,BraTS20_Training_067.npy,0.9536694794637623,0.0,0.9333054262998748,0.9749420129116181,0.9655074760753416,0.0,0.9822246547255264,0.9493498173504441,0.8853358064226997,1.0,0.9882072282539465,0.8018626731914308,0.7863223470840718,2.449489742783178,0.661677604720924,0.9688269061656781,0.9236126012609901,1.0,0.8874005691974512,0.9629057631795814
tanhexp,1337,BraTS20_Training_068.npy,0.9215436492301283,1.0,0.96184997202415,0.8844795344524478,0.8966583020844822,1.4142135623730951,0.8638775868671862,0.932024937676689,0.8278663549548538,1.0,0.8672340419381319,0.7919176214028123,0.8150216387505174,4.0,0.7364517101945445,0.9123585666610249,0.7762698860661802,3.0,0.8997374879753842,0.6825993380609041
tanhexp,1337,BraTS20_Training_069.npy,0.7888770004481345,9.055385138137417,0.6770764811563638,0.9449014278233335,0.9212386198908064,1.0,0.880700850044175,0.9656882746929247,0.8207011477531474,1.0,0.8506813378218404,0.7927621768361283,0.8481675390203118,2.23606797749979,0.7555187062102193,0.9667152891083972,0.7070302574115486,11.238282611120749,0.5864836609629309,0.8899521529961937
tanhexp,1337,BraTS20_Training_070.npy,0.8900005330362696,1.4142135623730951,0.8677189090287746,0.9134566278336878,0.7724465237091761,3.3166247903554,0.650371251870325,0.9509385484809437,0.7070675144364289,2.23606797749979,0.7022679112436099,0.7119331736579688,0.6276315016045177,5.0990195135927845,0.4747815284235543,0.9256248370443442,0.6385830179308858,4.123105625617661,0.7561965046557612,0.552630721435859
tanhexp,1337,BraTS20_Training_071.npy,0.9333512058911447,1.0,0.9647734919726071,0.9039111808401027,0.6019288517550447,18.411952639521967,0.5620079798544118,0.6479547428521978,0.8039851710824907,3.605551275463989,0.6901352420921756,0.9628190888314994,0.17054857480037652,22.825424421026653,0.1862449796080238,0.1572922552892987,0.8799233575933747,1.4142135623730951,0.9218139170534513,0.8416746177715918
tanhexp,1337,BraTS20_Training_072.npy,0.7922978536963342,3.1622776601683795,0.9091764821326526,0.7020466717002632,0.9404194416150625,1.0,0.9142600462521889,0.9681199097500823,0.8894575229032387,1.0,0.8929866123674858,0.8859562173583426,0.7397379433807765,2.449489742783178,0.6414898626671477,0.8735233681644539,0.5907085602420509,5.656854249492381,0.8125124638008853,0.4640341028515588
tanhexp,1337,BraTS20_Training_073.npy,0.9202053827320199,1.0,0.9158336887810072,0.9246190128527261,0.9456649433312778,1.0,0.9509717047959291,0.9404170798876003,0.8457024145179421,1.0,0.86067653185975,0.8312404279415616,0.8628405321011016,1.0,0.8544651213623442,0.8713817574120949,0.8445763921702537,1.4142135623730951,0.8351939105345437,0.8541720721895792
relu,2025,BraTS20_Training_001.npy,0.9204862984488282,1.0,0.8608843166300586,0.9889550580831689,0.9246559619481832,1.0,0.9794373043928591,0.8756780255733347,0.8830548924498111,1.0,0.92693389051729,0.8431423978349643,0.8353486131157586,3.1622776601683795,0.8991776203463203,0.7799809016570348,0.8775531739199487,1.4142135623730951,0.7927350936089358,0.9826959719219291
relu,2025,BraTS20_Training_002.npy,0.8830169631962802,1.4142135623730951,0.966032892432613,0.8131398780462107,0.9085225594489759,1.0,0.9805843777576011,0.8463271244182589,0.85157823979436,1.0,0.8712780563883371,0.8327495609562908,0.8679116481213557,3.4641016151377544,0.9716157194633016,0.7842100618695832,0.8272331211943786,1.7320508075688772,0.908727605725729,0.7591524980849533
relu,2025,BraTS20_Training_003.npy,0.7524563695314128,3.605551275463989,0.8208810008317238,0.6945611443469509,0.9208117775290997,1.0,0.9303135863567044,0.9115020984466856,0.864080730267927,1.0,0.9139426253704381,0.8193779879803289,0.6683375048593359,3.0,0.5457025846425295,0.8620689469381693,0.7176151383196022,4.123105625617661,0.7911489489219401,0.6565881601984125
relu,2025,BraTS20_Training_004.npy,0.9585437851370479,0.0,0.9660400557524498,0.9511629576214347,0.9265940498285198,1.0,0.9035643809968662,0.9508283627343369,0.8948863633263282,1.0,0.9278683806826149,0.8641686176887463,0.7529277994582559,4.123105625617661,0.6688888882132435,0.8611183343808605,0.9448424604232686,1.0,0.962423939877968,0.9278918108659541
relu,2025,BraTS20_Training_005.npy,0.7714036288671811,3.0,0.6369252944257193,0.9778673614908961,0.8444731179163557,3.605551275463989,0.7434305181799088,0.9773021393954185,0.7564420481097348,3.605551275463989,0.7111291296258574,0.8079226153754921,0.5544680839266637,31.32091952673165,0.3902365966150446,0.9573842692330325,0.4587488662072203,5.0,0.32550659323656067,0.7766692218853828
relu,2025,BraTS20_Training_006.npy,0.9344201333107551,1.0,0.8948996696984051,0.9775924673453956,0.9215466516155848,1.0,0.8815724813755701,0.9653182015933771,0.8128834354411455,1.0,0.9348192091177667,0.719087264656464,0.5573550210193229,5.385164807134504,0.3975484259495821,0.9320009449716167,0.9138999495531404,1.0,0.8757177273775785,0.9555635334975259
relu,2025,BraTS20_Training_007.npy,0.9193762566656073,1.0,0.9163284339838332,0.9224444216520037,0.9325003965628141,1.0,0.9215234896708973,0.9437419621262946,0.8882112182904974,1.0,0.8985224859579113,0.87813392434444,0.8494088350195881,15.926386145036389,0.8034137704431613,0.9009900960363363,0.8822571531550534,1.0,0.8817004314574226,0.8828145780517377
relu,2025,BraTS20_Training_008.npy,0.8236966329155652,1.4142135623730951,0.9443829797134279,0.730360983111634,0.5091973233503401,9.16515138991168,0.8903508706845696,0.35655737600539406,0.8695275211550605,1.0,0.8282411161994954,0.9151459770515878,0.08639483210983111,10.954451150103322,0.681528619010916,0.04612068945637633,0.7883786263541517,1.7320508075688772,0.8836477004259867,0.7116528986085687
relu,2025,BraTS20_Training_009.npy,0.9096223926374344,1.0,0.8724627991982122,0.9500881756139294,0.8095532193949045,4.0,0.8078864890032539,0.8112268410766987,0.7432021362192961,2.449489742783178,0.6287892181629459,0.908512872659311,0.6129862266364482,7.280109889280518,0.798627543461655,0.49737191125967184,0.7918564809507495,3.0,0.7354232425396178,0.8576704476297189
relu,2025,BraTS20_Training_010.npy,0.8370577280263969,2.23606797749979,0.8542340669092929,0.8205585133498732,0.8714893610840501,1.7320508075688772,0.878467256393384,0.8646214454480419,0.8874789166432585,1.0,0.8535454953598864,0.9242221463295046,0.43784111317258273,30.23243291566195,0.6928982592533923,0.32003545815571405,0.8006989331020155,2.449489742783178,0.8190125511814946,0.7831864091127537
relu,2025,BraTS20_Training_011.npy,0.9132582492758116,1.0,0.9598988028244725,0.8709401122257536,0.9165096113284444,1.0,0.9372651046186132,0.896653451740893,0.754078868647811,1.4142135623730951,0.9885694475431773,0.6095034697175618,0.42990961309792997,5.385164807134504,0.2841625020982783,0.8825910871620035,0.8920082557433577,1.0,0.9437413414393995,0.8456521279964543
relu,2025,BraTS20_Training_012.npy,0.8648176749605772,2.23606797749979,0.812466483450848,0.9243800018216344,0.9295637924348943,1.0,0.9252415447762784,0.933926611076525,0.8528816979669012,1.0,0.847312906667817,0.85852417157163,0.7648970730988146,3.1622776601683795,0.7650628488727227,0.7647313658373857,0.7941319837528998,5.0990195135927845,0.7303701802953033,0.8700915560172474
relu,2025,BraTS20_Training_013.npy,0.9028965247225494,1.0,0.8990483176376166,0.9067778162748611,0.9070691021347862,1.0,0.8642586853359073,0.9543417146894009,0.6931603765410845,1.4142135623730951,0.7276553584361095,0.6617878841211712,0.8830263290232978,1.0,0.808403200449311,0.9728273320650914,0.8414337693208277,1.4142135623730951,0.8543579421285505,0.8288947863613388
relu,2025,BraTS20_Training_014.npy,0.8958849833814567,1.0,0.9710801917558982,0.8314982472601129,0.8539638385199695,1.7320508075688772,0.9364630604358072,0.7848235438381271,0.8303262067011455,1.0,0.9147251747824445,0.7601860986135692,0.4854213550960633,4.47213595499958,0.5276146982739567,0.44947670607624646,0.8251376694852884,1.7320508075688772,0.8890658172412295,0.7697862980058126
relu,2025,BraTS20_Training_015.npy,0.9484599844593395,1.0,0.9424680931826551,0.954528551950258,0.7244693055348288,5.0,0.5714770602639152,0.9893252365201006,0.8516778898468237,1.0,0.8359253489936399,0.8680355278947566,0.2742488007494873,12.328828005937952,0.16149855889164433,0.9085603053919565,0.9283637037521715,1.0,0.9537403586140935,0.9043024679139415
relu,2025,BraTS20_Training_016.npy,0.9180693191744707,1.0,0.9469441732306634,0.8909033007553376,0.8118626783350522,3.3166247903554,0.6976778149316786,0.9707376546194074,0.6173807076014,2.23606797749979,0.9914051101286124,0.4482650935294014,0.041798518607017936,12.569805089976535,0.021425261123872497,0.8512747754776945,0.8293437099668672,2.0,0.923645205467617,0.7525141941069265
relu,2025,BraTS20_Training_017.npy,0.9291253311225308,1.0,0.9684643370890774,0.8928574746204011,0.8855315391539731,1.0,0.8628223489521331,0.9094684378515038,0.8366261392878508,1.0,0.9506403785427538,0.7470315495340591,0.6428321059912092,4.123105625617661,0.5231778626113567,0.8334469419826246,0.9054553551043502,1.0,0.9538710546493858,0.8617171191831109
relu,2025,BraTS20_Training_018.npy,0.786665050719398,3.605551275463989,0.8887747881406688,0.7055999418980017,0.6094850514799107,13.45362404707371,0.9562868322382768,0.44727773846249086,0.6711381247722948,13.74772708486752,0.9445427672888332,0.5204811426512316,0.2212608144545067,12.375370392223656,0.5249266708232648,0.14017227768071827,0.7771648187093496,4.0,0.8614095965390907,0.7079301391102332
relu,2025,BraTS20_Training_019.npy,0.9053393403823164,1.0,0.8625704954991048,0.9525706646782393,0.9179623830186628,1.0,0.8634350509254709,0.9798409361648951,0.7847164070403612,1.0,0.9072658708781557,0.69133405754672,0.618343565581792,4.242640687119285,0.45975405211500464,0.94395562175984,0.7735642700771009,2.23606797749979,0.7453333330127598,0.8040180017612314
relu,2025,BraTS20_Training_020.npy,0.9024972868483955,1.4142135623730951,0.8620895349011358,0.9468792936143913,0.8560359789775881,2.8284271247461903,0.7610206046937401,0.9781620151673557,0.7153702550225,1.4142135623730951,0.847568842537852,0.6188463917802475,0.7240342097830674,4.58257569495584,0.5792450318733094,0.9653298833921031,0.7538248482628408,4.242640687119285,0.8258348834457646,0.6933656834190058
relu,2025,BraTS20_Training_021.npy,0.7802976288617742,3.1622776601683795,0.6977860978084035,0.8849396136376356,0.8598434209854464,1.0,0.7943199844869996,0.9371488013795031,0.6715138916235862,2.0,0.8611388582712658,0.5503298562453078,0.07647907620317793,10.5520142806664,0.03975993983585919,0.9999999056603862,0.7417173155009797,4.123105625617661,0.6593029591653138,0.847679115818419
relu,2025,BraTS20_Training_022.npy,0.9410720674915143,1.0,0.9652074340166759,0.9181142823942755,0.9128215459545936,1.0,0.887227861446216,0.9399356820982967,0.8732664056478194,1.0,0.8760221717380923,0.8705279227364049,0.7857732941494094,3.7416573867739413,0.7277706179705455,0.8538221668205404,0.8849502331323184,1.0,0.9464795493859609,0.8309324711706995
relu,2025,BraTS20_Training_023.npy,0.8861534418173734,1.0,0.8201493079736036,0.9637111749682226,0.9401796100664798,1.0,0.8990071888057702,0.9853042330152559,0.8468675358961659,1.0,0.842918532647967,0.8508537140278231,0.8689655165015193,1.0,0.7744726046828463,0.9897207118120235,0.8001314459544794,1.4142135623730951,0.7222952067117451,0.8967694407572506
relu,2025,BraTS20_Training_024.npy,0.8783033439963797,1.4142135623730951,0.868108936469216,0.8887400271706147,0.8324939213197955,2.0,0.7310507851414325,0.9666263354675205,0.8108618389574461,1.7320508075688772,0.6922675765930557,0.9784895791875028,0.6821257954994767,8.06225774829855,0.6673807192456072,0.6975371449266494,0.8172720319704234,2.0,0.8481191970152718,0.7885900181244798
relu,2025,BraTS20_Training_025.npy,0.9135504413557913,1.0,0.953252447546434,0.8770233023205933,0.9652155355093343,0.0,0.9803570942099874,0.9505345835105118,0.8991711198333593,1.0,0.945849824501893,0.856883021952459,0.9518537856522574,0.0,0.9359211332224681,0.9683382910282946,0.8252066273009789,2.0,0.8842257991447038,0.7735731562346242
relu,2025,BraTS20_Training_026.npy,0.9346989474825962,1.0,0.9441808617968452,0.925405583412918,0.751429707997485,7.0,0.8656087987667604,0.6638622233455918,0.7129649084444284,2.23606797749979,0.7165484031438806,0.7094170775656866,0.4001704924800065,13.19090595827292,0.5848536080939276,0.30413253722794553,0.8669816437499293,1.4142135623730951,0.8458881692886367,0.8891540161255762
relu,2025,BraTS20_Training_027.npy,0.7223744291844764,6.324555320336759,0.996939142810446,0.5663870703281516,0.8879749895999153,1.4142135623730951,0.9388501944127611,0.8423300967899983,0.842468922285552,1.0,0.8147971355520304,0.872086339566967,0.7317416385704106,5.385164807134504,0.9014214712799937,0.6158218848761867,0.6008047794842035,8.602325267042627,0.9486843698438985,0.4396035375459782
relu,2025,BraTS20_Training_028.npy,0.8719903973094234,1.4142135623730951,0.9046293578940183,0.8416246418419769,0.8445997667350309,1.4142135623730951,0.8462051481617946,0.8430004645252804,0.6819343955383047,1.7320508075688772,0.6775483724164433,0.6863775726167569,0.8405076309033548,1.0,0.8533867301873816,0.8280114870281948,0.35631629672427173,4.58257569495584,0.40426695768733234,0.3185344823009562
relu,2025,BraTS20_Training_029.npy,0.9406766729354344,1.0,0.9393113180318982,0.9420460027437596,0.9389736470603511,1.0,0.9156072478825977,0.963563904122454,0.8867130299352919,1.0,0.8498509018595845,0.9269179243793421,0.8207331018879349,1.0,0.8464264569023836,0.7965536364838597,0.929709993466934,1.0,0.9312917370068795,0.9281336136428018
relu,2025,BraTS20_Training_030.npy,0.8422315789030405,2.23606797749979,0.8054439846580452,0.8825404527986079,0.7829217452264753,25.317977802344327,0.784855007237109,0.7809979828868473,0.8001538455383432,1.4142135623730951,0.8458285886390818,0.7591592457171811,0.13907518482500816,33.436506994600975,0.1127002281882138,0.1815668186030708,0.827206072285381,2.23606797749979,0.7877780450134754,0.8707887578276471
relu,2025,BraTS20_Training_031.npy,0.9246831622857766,1.0,0.9401153514615148,0.9097494358259411,0.9107155105799005,1.0,0.9315159804471403,0.8908236870019045,0.8864155636497193,1.0,0.8952659473152688,0.8777384521850551,0.7263702753127914,3.3166247903554,0.7738329041035914,0.6843933716135845,0.8570843264994521,1.0,0.8685526636970289,0.845914897372316
relu,2025,BraTS20_Training_032.npy,0.9028342995457135,1.0,0.9459999996430188,0.8634359713220927,0.896335319429906,1.0,0.8931726902506181,0.8995204247417112,0.7841746753829548,1.0,0.8788037217622047,0.7079437278174174,0.7665940007768218,4.358898943540674,0.6481505012734835,0.9380058849558391,0.6559599939145262,2.449489742783178,0.7520396904608162,0.5816491851439847
relu,2025,BraTS20_Training_033.npy,0.9469982621992935,1.0,0.9421790897943093,0.9518669873651363,0.9485027897626394,1.0,0.9143091763850096,0.9853533337823119,0.9109622408919116,1.0,0.9343494278628588,0.8887172474073334,0.7297718572128583,5.385164807134504,0.6170620649208458,0.8928571413091936,0.9231518792860691,1.0,0.9255380856942412,0.9207779452967129
relu,2025,BraTS20_Training_034.npy,0.942553377617335,1.0,0.9410197327879375,0.9440920294775029,0.9169012101373368,1.0,0.8690230074760424,0.9703626477597331,0.820060428110169,1.4142135623730951,0.7610315183131267,0.8890164008563973,0.8744020634440125,1.0,0.8492824126250147,0.9010529571069201,0.87281708607928,1.0,0.9140336565394449,0.8351572917480274
relu,2025,BraTS20_Training_035.npy,0.8516301586856099,2.23606797749979,0.8704852530268538,0.833574565990765,0.8446840510046514,2.449489742783178,0.8271448720487999,0.862983162173098,0.7732010758619365,1.0,0.9477784185360736,0.6529331589945672,0.49745233855342863,7.0710678118654755,0.3628580972342529,0.7907717502814237,0.6929960897382333,4.0,0.7597574972163303,0.6370198813014648
relu,2025,BraTS20_Training_036.npy,0.8754876051102657,1.0,0.9386805174455745,0.8202664461092511,0.8580547913307431,1.0,0.8418580361136778,0.8748869989606093,0.8306066448220641,1.4142135623730951,0.7915940329428742,0.8736639570892177,0.6759387991937497,4.69041575982343,0.8307692165680476,0.5697538034026518,0.7671753860416523,3.4641016151377544,0.866791537167484,0.6880958622512937
relu,2025,BraTS20_Training_037.npy,0.8765140770428644,2.0,0.7866602390417851,0.9895413881003795,0.9420240135201492,1.0,0.9335373104990917,0.9506664354549652,0.8494152043826876,1.0,0.8485291043545942,0.8503031564218391,0.8523894591042935,1.0,0.8340434820998105,0.8715606794479271,0.8487796312256793,2.23606797749979,0.7501753688488864,0.9772280669752608
relu,2025,BraTS20_Training_038.npy,0.8880041069597854,1.4142135623730951,0.8586651957133298,0.9194188517694992,0.8412176730899547,2.0,0.820439184051159,0.863075983868454,0.7654752976827719,2.23606797749979,0.7623314661844715,0.7686451663660664,0.7465030415753195,3.0,0.6923225301964482,0.8098837856144829,0.765969259740164,2.449489742783178,0.7367427949629309,0.7976103293895528
relu,2025,BraTS20_Training_039.npy,0.9075021844154019,1.0,0.9814282681847861,0.8439329362955948,0.9011602810822961,1.0,0.9331685766467722,0.8712749762525038,0.8684575321762177,1.0,0.90363324426662,0.8359177779762583,0.8327032129547076,3.605551275463989,0.85368216916395,0.8127306260566872,0.8383745377934538,1.4142135623730951,0.9289782241726882,0.7638735849033672
relu,2025,BraTS20_Training_040.npy,0.9452783619277776,1.0,0.9241935243300421,0.9673477329466941,0.9572020687111406,0.0,0.9335725434111762,0.982058823288711,0.8860512507292955,1.0,0.8517422470607944,0.9232402634303605,0.9389514002769261,1.0,0.9324774127265402,0.9455159107760014,0.9138202309371299,1.0,0.8944568837426184,0.9340404903411417
relu,2025,BraTS20_Training_041.npy,0.954731990589001,0.0,0.9633892544824252,0.9462289336244745,0.871000756075735,1.4142135623730951,0.8530462818329589,0.8897272719184298,0.8148330963072542,1.4142135623730951,0.86415390542579,0.7708381966252181,0.6843281189206382,5.0,0.5594989546985936,0.8808545567754537,0.9335598526846249,1.0,0.9473986679038235,0.9201195086807867
relu,2025,BraTS20_Training_042.npy,0.9542308710123437,0.0,0.9697851353675703,0.9391676761799937,0.9632835474638443,0.0,0.9580299892819296,0.9685950410721603,0.8699600433630947,1.0,0.869238346622472,0.8706829390440494,0.937774952081939,1.0,0.9284491435405594,0.947290007219476,0.9064278322383555,1.0,0.9472866118310176,0.8689479880760809
relu,2025,BraTS20_Training_043.npy,0.8252472914470608,2.0,0.7489379890595692,0.9188710784676071,0.7166625680545344,3.0,0.5673501160558654,0.9726362603500862,0.5189603738411581,3.1622776601683795,0.4641768274993261,0.5884057942589092,0.6327427725686123,4.58257569495584,0.4673356936888318,0.9793814392602826,0.7822014890495735,3.0,0.7333714629299292,0.8379978468253122
relu,2025,BraTS20_Training_044.npy,0.7050359709975904,10.246950765959598,0.5757180153651603,0.9092783497655437,0.6773317214689655,3.7416573867739413,0.6185225985748478,0.7484989943395665,0.727403153775455,3.1054804791094615,0.7181303065288223,0.7369185992956497,0.0,28.30194339616981,0.0,0.0,0.654245046615319,10.770329614269007,0.5276303642549433,0.860813099133434
relu,2025,BraTS20_Training_045.npy,0.9503252324856281,0.0,0.9480754189532568,0.9525857490758642,0.9563142146862578,0.0,0.9718417859740633,0.9412750227228914,0.8908135668889534,1.0,0.9459315856325443,0.8417651692352212,0.8211360455413411,1.4142135623730951,0.7449854997915748,0.9146269092756069,0.8564859986825522,1.0,0.831274972541312,0.8832740603525282
relu,2025,BraTS20_Training_046.npy,0.2753200717624775,25.39685019840059,0.16242914529678357,0.9027374202435581,0.48763935779137485,7.810249675906654,0.3309210504544668,0.9263351578943801,0.420313341867567,8.215782011553886,0.28666175175636144,0.7874493767722799,0.46226412913848447,33.40357934267694,0.30061347848997066,0.9999997959184089,0.25964035468184615,25.612496949731394,0.15217391299977773,0.8837558357509075
relu,2025,BraTS20_Training_047.npy,0.873685962860868,2.0,0.8108757913166359,0.9470436519328677,0.9300984324158572,1.0,0.9275134143675877,0.9326978996877708,0.8537248345295843,1.0,0.9176588228750168,0.7981192583578519,0.8275550575730239,3.3166247903554,0.7572491318375768,0.9122520509391173,0.7416098315218476,4.123105625617661,0.6429991196520147,0.875945302811066
relu,2025,BraTS20_Training_048.npy,0.6184859732581913,13.152946437965905,0.4501521938335264,0.9879156338753167,0.7447069103329713,2.23606797749979,0.6148511972988986,0.9440993746934366,0.6247654764704018,3.0,0.48946594566650686,0.8634399233929134,0.7508939183516331,2.449489742783178,0.6654929530599087,0.8614402838519574,0.5236247182881578,13.92838827718412,0.3742338426665242,0.8715331097013885
relu,2025,BraTS20_Training_049.npy,0.9296238673991375,1.0,0.9225655275965767,0.9367910432268861,0.9506394662819581,0.0,0.9662655759212171,0.9355107115966077,0.8489173813367397,1.0,0.9616333215630766,0.7598527484628568,0.291457283991145,6.082762530298219,0.17313432663547934,0.9206348719240809,0.9203779217384827,1.0,0.9113474471891609,0.9295891518053857
relu,2025,BraTS20_Training_050.npy,0.9280022474761198,1.0,0.9280733568838505,0.9279311488459366,0.9368604742653398,1.0,0.8962120980823425,0.9813713106585065,0.8297198828122618,1.0,0.8999157864546493,0.7696825306749175,0.8004670207451238,2.449489742783178,0.6754140489219262,0.9823490319036676,0.6406076079877537,16.76305461424021,0.7885235325688882,0.5394200019079171
relu,2025,BraTS20_Training_051.npy,0.9402316396915247,1.0,0.9322036685915766,0.9483990827197684,0.9427435620794044,1.0,0.9051498228864363,0.9835953937206913,0.8827607815101411,1.0,0.8598244938116563,0.9069542813047696,0.8446020285553222,1.0,0.7763542351621618,0.9260053594477068,0.9229923416287452,1.0,0.9199930778995545,0.9260112249926445
relu,2025,BraTS20_Training_052.npy,0.9051346994122571,1.0,0.9840785057367248,0.8379161868870878,0.9503336795498395,0.0,0.9521537524681448,0.9485205509783635,0.8628565623475503,1.0,0.912212920248752,0.8185670254058485,0.8510427984075885,1.0,0.7738630221573557,0.9453227910730725,0.8443750984652486,1.4142135623730951,0.96078196650278,0.7531273452736029
relu,2025,BraTS20_Training_053.npy,0.9590244103703223,0.0,0.9550642722240089,0.9630175263198035,0.8603589418397463,2.23606797749979,0.7766093502076599,0.9643550373717105,0.85442191383317,1.0,0.8815411780950086,0.8289214151054486,0.6992430870195958,5.916079783099616,0.5633452247877332,0.9215526589012586,0.9372700748074468,1.0,0.9481933025106722,0.9265956528851007
relu,2025,BraTS20_Training_054.npy,0.8752196103694164,1.4142135623730951,0.7877742357912652,0.9845024213428366,0.9383121813847911,1.0,0.9077864469570899,0.9709623021604039,0.8995750993289986,1.0,0.8668638089016788,0.934851935891063,0.8439526891690555,1.0,0.8314539154541364,0.856832970472834,0.7214772599282773,2.449489742783178,0.6066571138552871,0.8899073081940984
relu,2025,BraTS20_Training_055.npy,0.9434140578441332,1.0,0.9593603729413799,0.927989188830148,0.9479130967898317,1.0,0.9369326643158565,0.9591539521781179,0.8596077586220086,1.0,0.971535851536415,0.7708053038912115,0.7538022806522792,5.830951894845301,0.6094374414241662,0.9877927230000181,0.9309585550234506,1.0,0.9507048023940025,0.9120158808817068
relu,2025,BraTS20_Training_056.npy,0.8602366454138881,1.7320508075688772,0.7681673574147946,0.9773814486231677,0.9170455115805731,1.0,0.8782815459405927,0.9593892590525134,0.8615586529549333,1.0,0.8423824059284117,0.8816283050610715,0.8065373884126484,3.4641016151377544,0.7296409285031202,0.9015513978518901,0.6173183509654667,4.47213595499958,0.49127458518546346,0.8303593246717516
relu,2025,BraTS20_Training_057.npy,0.9288999263630829,1.0,0.89400360725299,0.9666311720406993,0.91733242153316,1.0,0.9127699363094968,0.9219407463100552,0.8642779582465981,1.0,0.8779751528178624,0.8510015745543534,0.7955314813887416,3.1622776601683795,0.7462686543465586,0.8517578802038496,0.9057225413726313,1.0,0.8672798278991871,0.9477313165942322
relu,2025,BraTS20_Training_058.npy,0.7328760156445085,5.0,0.7101246139254369,0.7571335169339731,0.41088500893175556,18.973665961010276,0.49627690488872783,0.350565029648422,0.541580755747874,19.390719429665317,0.8223017280526211,0.4037476208433995,0.2476955801239917,20.615528128088304,0.2499522989410873,0.24547924646727326,0.6366381441991719,6.0,0.5816111799787391,0.703165516789281
relu,2025,BraTS20_Training_059.npy,0.7888903152332584,4.358898943540674,0.7112431512033169,0.8855687928105453,0.8668701552785393,1.0,0.8904968601519687,0.8444647719832352,0.7817119258105468,1.0,0.9701365104937159,0.6545768528809622,0.3792592564499314,4.0,0.2841287426844757,0.570155889306105,0.7562095348425639,4.69041575982343,0.6735164601914378,0.8620504557906331
relu,2025,BraTS20_Training_060.npy,0.9333603895562755,1.0,0.9225875960293662,0.9443877370332632,0.9262375427590483,1.0,0.9851433533202596,0.8739787264595912,0.8400769569808858,1.0,0.8775043279263516,0.8057116897713554,0.8684296768426072,2.449489742783178,0.9382285646921078,0.8082969633449261,0.8487498484419811,1.4142135623730951,0.7971811748018321,0.9074517931144972
relu,2025,BraTS20_Training_061.npy,0.8327671975558792,14.177446878757825,0.9101796402825487,0.7674907090129703,0.9070651556792015,1.0,0.898508575019755,0.9157862727705508,0.7575104400124543,1.4142135623730951,0.8608389454059416,0.6763290826601768,0.7443050927870446,3.605551275463989,0.6341959862835185,0.9006813939692724,0.5582249262703395,24.67488495651157,0.712793033204564,0.45874644326343095
relu,2025,BraTS20_Training_062.npy,0.9525345942231925,0.0,0.9639564831207721,0.9413802107741263,0.9588772845032563,0.0,0.9959123445203659,0.9244979174596024,0.8980521045564388,1.0,0.9880569283123588,0.8230758599355876,0.8983830054696725,1.0,0.8497101155289334,0.9529708514837607,0.9077974749292538,1.0,0.9054972539932035,0.9101094119609888
relu,2025,BraTS20_Training_063.npy,0.8695135585443411,1.4142135623730951,0.9515105155246574,0.8005276360591161,0.7034231191029418,5.385164807134504,0.8298576602785247,0.6104212305565591,0.7535692101105541,2.449489742783178,0.8078970682879455,0.7060876281268412,0.3485838764767587,7.0710678118654755,0.5215123791197864,0.2617801029988213,0.784996276626491,2.23606797749979,0.8388701006177939,0.7376246276564417
relu,2025,BraTS20_Training_064.npy,0.8418279940094854,3.605551275463989,0.8538955277509893,0.8300967917828274,0.9066041051933227,1.0,0.8390209106582296,0.9860287952430211,0.7672848368874637,1.4142135623730951,0.7112432736586679,0.8329132393098589,0.8472697279616634,2.449489742783178,0.7830990334783751,0.9228960230088793,0.5206912133851188,29.444863728670914,0.7606891343305526,0.3958122033712376
relu,2025,BraTS20_Training_065.npy,0.7570696158454406,5.385164807134504,0.9427045688016122,0.6325161636227057,0.9259451049638204,1.0,0.937352553244161,0.9148119700311793,0.88432897421094,1.0,0.9566774043799591,0.822153843624142,0.750743600530972,3.7416573867739413,0.6174168237043364,0.9575113663503587,0.717505800759179,6.708203932499369,0.9236641216994623,0.5865827585478959
relu,2025,BraTS20_Training_066.npy,0.9385357772871793,1.0,0.9379254428089918,0.9391469064473925,0.8926301777099883,1.0,0.8676023537496913,0.9191448534197993,0.7891124806391111,1.0,0.7829197913642011,0.7954039151185321,0.8702278198660852,1.4142135623730951,0.823425543226272,0.9226710619576735,0.8996533519609791,1.0,0.9077774219496645,0.8916734031950792
relu,2025,BraTS20_Training_067.npy,0.9545524442819141,0.0,0.932058713708191,0.9781587240017039,0.9623635999654743,0.0,0.9731209123986283,0.9518415191614276,0.8868552410846038,1.0,0.9836161493524705,0.8074265653768976,0.7751960218133506,3.0,0.6488714577806376,0.9625979565867989,0.9223620334400481,1.0,0.885830961067622,0.9620357394273528
relu,2025,BraTS20_Training_068.npy,0.9287975221291993,1.0,0.9485887095125506,0.9098152962409456,0.8997743013620088,1.4142135623730951,0.8521434044306434,0.9530451409789807,0.8339127737998993,1.0,0.859078013575122,0.8101799205336232,0.8232085012152046,4.69041575982343,0.7309516597381412,0.9421175852353554,0.7887160042814775,2.449489742783178,0.8896180875223906,0.708371261687613
relu,2025,BraTS20_Training_069.npy,0.8306816930057382,5.0,0.7368911234955555,0.9518293246387343,0.9151658405009278,1.0,0.8590569438406318,0.9791163607064164,0.8146955778131189,1.0,0.8256669433653209,0.8040119606254598,0.8394901449193053,2.23606797749979,0.7371748363886543,0.9747841572051636,0.7684966277095996,6.6332495807108,0.6700502478105039,0.9008535188215256
relu,2025,BraTS20_Training_070.npy,0.8962392387060565,1.0,0.8738868289140499,0.9197651304874696,0.8126995444609338,2.23606797749979,0.7105650964375204,0.9491236700044957,0.7143725308742128,1.4142135623730951,0.7379737889523866,0.6922340811982083,0.6815547701253555,4.242640687119285,0.5347557997893999,0.9394482536319761,0.669485192773531,3.605551275463989,0.7588712550112022,0.5989374426152496
relu,2025,BraTS20_Training_071.npy,0.9325936820267108,1.0,0.9622398753670287,0.9047196614781375,0.5427889531477906,17.74823934929885,0.5579639811506718,0.5284175047089733,0.8049891835941505,3.3166247903554,0.6957040567257724,0.955007097351745,0.1248628215309945,22.693611435820433,0.17135207467979907,0.09821599837117208,0.873929017449817,1.7320508075688772,0.9021771816246034,0.8473961091093885
relu,2025,BraTS20_Training_072.npy,0.7907041633376419,3.1622776601683795,0.9125577476916288,0.6975592667672537,0.9372821504798631,1.0,0.9014856039043153,0.9760390963712186,0.8871759132895516,1.0,0.8903034279421392,0.8840702945339936,0.721061966744257,3.3166247903554,0.5941537005241361,0.9169091954061275,0.5949905145836091,5.477225575051661,0.8354462833436521,0.4620147465871542
relu,2025,BraTS20_Training_073.npy,0.9192645146879403,1.0,0.8978413708983037,0.9417349917675678,0.9387607414627586,1.0,0.919546340055794,0.958795269180343,0.7903378745369377,1.4142135623730951,0.8369978849503193,0.7486054639797622,0.7858013400473787,1.4142135623730951,0.6905877618281059,0.9114684557139628,0.8458306998687998,1.4142135623730951,0.8246466107920817,0.8681318678006212
swish,2025,BraTS20_Training_001.npy,0.9217224647873284,1.0,0.8637132580751015,0.9880847833800572,0.9346197451332037,1.0,0.973532476328926,0.8986981892437745,0.8873428535008382,1.0,0.9172013550150669,0.8593670840422281,0.8482600028059911,2.23606797749979,0.8957456446961435,0.8055555550864456,0.8846588137971945,1.4142135623730951,0.8051808778892104,0.9815453666609864
swish,2025,BraTS20_Training_002.npy,0.8929336337200848,1.0,0.9550935735672784,0.8383703411490967,0.9573507589237141,0.0,0.9652428538002147,0.9495866727520124,0.8605836028558101,1.0,0.8511223074498057,0.8702576098825018,0.9495273188327046,1.0,0.9704148461021672,0.9295200241247308,0.8543129387399419,1.4142135623730951,0.9298399514728268,0.7901336821789829
swish,2025,BraTS20_Training_003.npy,0.7672737601768767,3.3166247903554,0.8155131342250098,0.7244225895620853,0.9084217963079664,1.0,0.860091126078555,0.9625074956133548,0.8512856135314705,1.0,0.8172114715903552,0.8883248698755443,0.7364400249317035,2.23606797749979,0.6575716144942482,0.8368055410276816,0.7328987333724889,4.123105625617661,0.7911489489219401,0.6826379005715768
swish,2025,BraTS20_Training_004.npy,0.9574260340779037,0.0,0.9655919803924732,0.9493970471246378,0.9195367527506294,1.0,0.8933624413731213,0.9472911004998037,0.8965108575075775,1.0,0.9239169473928321,0.8706838179616223,0.7401807532881369,5.0990195135927845,0.6576767670124477,0.846353827055305,0.9423506486694447,1.0,0.9618972374510517,0.9235826456050595
swish,2025,BraTS20_Training_005.npy,0.7657788434846696,3.0,0.6246717805567257,0.9892376673548816,0.826778242313685,25.709920264364882,0.7107913663682004,0.98799999896,0.7442763341454317,25.787593916455254,0.660652746137591,0.8521375332041606,0.6504816943150642,29.274562336608895,0.5055405794982313,0.911939487239657,0.4635422459495244,6.0,0.33483435134314193,0.7529837224123553
swish,2025,BraTS20_Training_006.npy,0.9225596413161673,1.0,0.8705743536724987,0.9811476804770125,0.8921381802877775,1.4142135623730951,0.815657806384709,0.9844449234419461,0.8308377575949337,1.0,0.8374488892658346,0.8243301894707296,0.6361361834881596,5.196152422706632,0.5066081514797175,0.8546506673009525,0.9107030045933755,1.0,0.8720985766578471,0.9528834667757258
swish,2025,BraTS20_Training_007.npy,0.9167731729304937,1.0,0.9132024098335637,0.9203719698865866,0.935255653909714,1.0,0.91294339132265,0.9586858576434614,0.8857428373703008,1.0,0.8634518576660954,0.9092152489156861,0.8469172919595229,15.264337522473747,0.8287227756659129,0.8659286566238356,0.8802160119137581,1.0,0.8823646626096431,0.8780777998882646
swish,2025,BraTS20_Training_008.npy,0.8153882436681804,1.7320508075688772,0.8787190141797329,0.7605724932034338,0.5330720222119745,10.341657918198512,0.795321631613146,0.4008843021338087,0.817576560951724,9.73639941735269,0.7605284825720191,0.8838771508265149,0.08310552168887085,21.391584065992394,0.4840764022881272,0.04545454518268813,0.7835409343102779,1.7320508075688772,0.8305533902320956,0.7415655270177136
swish,2025,BraTS20_Training_009.npy,0.8940445698029484,1.4142135623730951,0.8328127340775705,0.9649949915883143,0.7940671934683646,4.123105625617661,0.6950443892763885,0.9259932211247783,0.6922848737186013,3.3166247903554,0.5501856543977159,0.9333444422818382,0.6763771890174034,10.04987562112089,0.701411894343977,0.653067968768381,0.8081444672947077,2.449489742783178,0.7884146779502149,0.8288870632102984
swish,2025,BraTS20_Training_010.npy,0.8290265567548398,2.23606797749979,0.8118368360870032,0.846959969588614,0.8775510197348849,1.0,0.8177008853049744,0.946854303068122,0.8464464803333508,1.4142135623730951,0.7562181357079899,0.9611231082640427,0.5395095331096081,3.605551275463989,0.7600767608430564,0.41816261438054264,0.7988304887742121,2.23606797749979,0.7893944685705929,0.8084948247058756
swish,2025,BraTS20_Training_011.npy,0.9104025109312501,1.0,0.9638069703274162,0.8626056098576198,0.9087929577166435,1.0,0.935241398347074,0.8837992888773343,0.7741672326484247,1.4142135623730951,0.986144785268194,0.6371978506745771,0.4750300835213146,5.0,0.3430371489397412,0.7721271355886203,0.8864387362992423,1.0,0.9448214325424824,0.8348513452903895
swish,2025,BraTS20_Training_012.npy,0.849315068344752,4.58257569495584,0.7666635119502023,0.9519407775050172,0.9186705269302087,1.0,0.881280192172367,0.9593741770189664,0.8281150152185167,1.0,0.7594173769304916,0.910477717963714,0.7596836326106599,2.8284271247461903,0.811876892883065,0.7137957289870589,0.7698447248174322,7.874007874011811,0.6795183806500498,0.8878661082912881
swish,2025,BraTS20_Training_013.npy,0.898781453014172,1.0,0.8698720298517723,0.9296784904908716,0.8688987183995963,1.4142135623730951,0.7838321288036931,0.9746770459622919,0.6744756188034928,2.23606797749979,0.6130230239836023,0.7496215538915484,0.8659040351308632,1.7320508075688772,0.7788681395018406,0.9748390162475089,0.8326374992780178,2.0,0.8308703305147559,0.8344122009427477
swish,2025,BraTS20_Training_014.npy,0.9010951821957853,1.0,0.9696611998681893,0.841585561143332,0.8980923693168938,1.0,0.9317015099577035,0.866823561685186,0.8454398270789423,1.0,0.8858855457555499,0.8085260111434115,0.5864500958610547,3.3166247903554,0.5966514453178393,0.5765917203439885,0.8414078244421891,1.4142135623730951,0.9220124353726848,0.7737635023188781
swish,2025,BraTS20_Training_015.npy,0.9453659397802849,1.0,0.9398501040858309,0.950946900791363,0.6814274548128503,5.830951894845301,0.5179611922170271,0.9956502816489232,0.795451673534143,1.7320508075688772,0.6994001325267717,0.9220855288194413,0.3156750880053653,10.862780491200215,0.20092218997011851,0.7360641860808099,0.9289098672632208,1.0,0.9592045348053894,0.9004702125203509
swish,2025,BraTS20_Training_016.npy,0.9184458717407996,1.0,0.9517066027778184,0.887431461285302,0.8169875932160517,3.1622776601683795,0.7084854679157573,0.9647331783345267,0.6180862500016517,2.449489742783178,0.992632951429182,0.4487579793058708,0.07749090040565673,12.0,0.04060461301179829,0.8462109892554904,0.8328151607984119,1.7320508075688772,0.9302533912406341,0.7538536961775242
swish,2025,BraTS20_Training_017.npy,0.9332251321316501,1.0,0.95618870995493,0.9113386612511202,0.8569406766297359,1.7320508075688772,0.7807306584665253,0.9496384064218538,0.8705783849364555,1.0,0.8978270241792675,0.8449349934386038,0.6260806910788178,5.744562646538029,0.4957923256371526,0.8492548232366117,0.9090888648526552,1.0,0.9483585694575059,0.8729420146530772
swish,2025,BraTS20_Training_018.npy,0.7618957685377675,3.7416573867739413,0.9206088403001736,0.6498598536277167,0.7027027014280742,11.74734012447073,0.9513752409068014,0.5570894433215718,0.7410004657760625,12.529964086141668,0.9351032393209249,0.613627562471438,0.33036436979462047,10.198039027185569,0.5982404516645029,0.2281879169106497,0.752495367805023,4.123105625617661,0.9039128871834599,0.6445282502611681
swish,2025,BraTS20_Training_019.npy,0.8976903293588128,1.4142135623730951,0.844829554342802,0.9576075982925003,0.9121075289005283,1.0,0.8454762248282104,0.990139640358997,0.8123640734753764,1.0,0.8945276664684321,0.7440244102864686,0.6540865234791053,4.123105625617661,0.5021427235866008,0.9378806317419861,0.7587046723888903,2.449489742783178,0.7235268814092357,0.7974779554387608
swish,2025,BraTS20_Training_020.npy,0.9013203041090975,1.4142135623730951,0.8557479584840594,0.9520195348883107,0.8350557024594126,3.1622776601683795,0.7239883037327274,0.9863761482727585,0.7271994626045669,1.4142135623730951,0.7983190176583039,0.6677149814486125,0.7234187510794192,5.0,0.5769716997231001,0.9694965153040106,0.7434465804330561,4.58257569495584,0.8357144145726308,0.6695268411706661
swish,2025,BraTS20_Training_021.npy,0.7978961282577107,2.8284271247461903,0.7696565194070062,0.8282869570415816,0.877259391618,1.0,0.8176045143453793,0.9463046121961932,0.7406413514817639,1.4142135623730951,0.9190809160203766,0.6202247177073602,0.24791265174080715,7.810249675906654,0.14478619600605327,0.861607123624841,0.754278163073294,3.3166247903554,0.7320529671576348,0.7778951310763194
swish,2025,BraTS20_Training_022.npy,0.9439385979583306,1.0,0.9496755628542124,0.9382705304240607,0.9086371488318056,1.0,0.8496915491563497,0.9763708645351545,0.8605980899821035,1.0,0.8260249158520252,0.8981917999055966,0.8104475602300759,3.7416573867739413,0.7284954891039824,0.9131751631366227,0.8778286214658273,1.0,0.9340732635377729,0.8279727554564438
swish,2025,BraTS20_Training_023.npy,0.9014856965134426,1.0,0.8513727109278572,0.9578670895576408,0.9440428377379018,1.0,0.9053406362516601,0.9862017521373598,0.8616758940763617,1.0,0.8466672754442103,0.8772262212227868,0.896221744847202,1.0,0.8244043089628104,0.9817458865321781,0.8344719578668439,1.4142135623730951,0.7790397081073697,0.8983970281993955
swish,2025,BraTS20_Training_024.npy,0.8869339588583841,1.0,0.8825630746424707,0.8913483519609272,0.8134457412854634,2.449489742783178,0.717363123106084,0.9392472040039701,0.7873989025543241,2.23606797749979,0.6600293933247857,0.9756815467266932,0.5942374742207401,9.219544457292887,0.6305744875743438,0.5618601413120595,0.8154948426022086,2.0,0.8527956033498095,0.7813203651517825
swish,2025,BraTS20_Training_025.npy,0.919961529471697,1.0,0.9443332378849444,0.8968161596191785,0.9567666869487967,0.0,0.9524506215415073,0.9611220469813204,0.8884269276431179,1.0,0.8947972231430062,0.8821466940665347,0.9471708929221061,1.0,0.9329944542344453,0.9617847875076564,0.8454192545489881,1.4142135623730951,0.8943002625672634,0.801604829014133
swish,2025,BraTS20_Training_026.npy,0.9428968044381327,1.0,0.9511995652688338,0.9347377343747221,0.8020994548412489,4.123105625617661,0.8535502532427605,0.756498781286429,0.7342063150546088,2.23606797749979,0.687954046001033,0.7871260809031431,0.5276590057029467,8.54400374531753,0.7028566337075228,0.42237552787722576,0.8916662293967271,1.0,0.8875217602612965,0.8958495870043333
swish,2025,BraTS20_Training_027.npy,0.7378624559742405,6.4031242374328485,0.9942233823979378,0.5866058781350384,0.9115408753900163,1.0,0.9143745323596685,0.9087247268746922,0.830038493889855,1.0,0.7590692119575959,0.9156470412295616,0.7775700930754698,3.7416573867739413,0.9134404242303936,0.6768861859408357,0.6216413732568074,8.660254037844387,0.9695404387123704,0.45748320721629915
swish,2025,BraTS20_Training_028.npy,0.862834810584588,1.4142135623730951,0.884070709598559,0.8425951778634482,0.8349228127495977,1.4142135623730951,0.8115913026466645,0.8596354896442248,0.6162202193456239,2.23606797749979,0.5396173380827831,0.7181700464419939,0.8130985474103348,1.0,0.9165941129782447,0.7306037463836174,0.36928359577861436,4.47213595499958,0.43143690658016615,0.3227830827792864
swish,2025,BraTS20_Training_029.npy,0.9385957083569062,1.0,0.9277798269590255,0.9496667431215046,0.9248178789696457,1.0,0.8842304559315249,0.9693105990076938,0.855885166645086,1.0,0.7844237839248838,0.9416719289499433,0.7893738119019413,1.4142135623730951,0.8600118082692746,0.7294589141810676,0.9272583984634956,1.0,0.9206106590751658,0.9340028427820334
swish,2025,BraTS20_Training_030.npy,0.8501765613610894,2.0,0.8010046405942274,0.9057804388368795,0.745330565819549,26.627053911388696,0.7958718490618313,0.7008251553291424,0.8148553551095736,1.4142135623730951,0.8474548693324852,0.7846709821040944,0.17374233086198201,31.89513988686905,0.2025171613128309,0.15212720175278382,0.8292645694138594,2.23606797749979,0.7723037553014693,0.8952966530305151
swish,2025,BraTS20_Training_031.npy,0.9213550016444788,1.0,0.9308749538678518,0.9120277970384942,0.9044830837166556,1.0,0.8915201905443216,0.9178285050502678,0.866728797556162,1.0,0.8286876252839117,0.9084305961486597,0.7388090916616866,3.1622776601683795,0.8004230234167956,0.686002847745691,0.860972574246511,1.0,0.8812916374051575,0.8415693481758993
swish,2025,BraTS20_Training_032.npy,0.9061209639097552,1.0,0.939886792098156,0.8746971024145049,0.8927500797774236,1.0,0.8799196782100289,0.9059601861267883,0.790930506090042,1.0,0.8426226070870829,0.7452140934567519,0.7911034822347827,3.605551275463989,0.7030634286220117,0.9043492463957665,0.6594877761643928,2.23606797749979,0.7495038580490586,0.5887753329388746
swish,2025,BraTS20_Training_033.npy,0.9495293648807493,1.0,0.9432066546286734,0.9559374146845581,0.9433889018647396,1.0,0.8980496814214537,0.993549558919983,0.915267909492331,1.0,0.9213567362600058,0.9092590303851196,0.7340500772852949,5.385164807134504,0.6217349621115086,0.8958908824311277,0.9262413935992942,1.0,0.9295781813535259,0.9229284753495469
swish,2025,BraTS20_Training_034.npy,0.9403648140946742,1.0,0.9384753146737056,0.9422619372904707,0.9095009866425264,1.0,0.8605535176479818,0.9643524397866744,0.8033949485716977,2.0,0.7187474413758709,0.9106420491076433,0.8715955184296901,1.4142135623730951,0.8780831910104193,0.8652030099874393,0.8719713260755789,1.0,0.9138404737456339,0.8337707099538265
swish,2025,BraTS20_Training_035.npy,0.8672038156760935,1.7320508075688772,0.845946585241845,0.8895569006703766,0.853641829574588,2.23606797749979,0.8143046795522932,0.8969724663779338,0.792870075624858,1.0,0.9295194126908254,0.6912490419337167,0.5602804535825455,6.4031242374328485,0.41046521322539664,0.8823159776639893,0.71601877256424,3.3166247903554,0.7251757781872665,0.7070901393168386
swish,2025,BraTS20_Training_036.npy,0.8900613416107614,1.0,0.9445493787476057,0.8415169175782697,0.8506089050380135,1.4142135623730951,0.7959290174044381,0.9133559574498783,0.7860146041314289,1.7320508075688772,0.6879721079063101,0.9166451589247866,0.6131471750253219,4.898979485566356,0.9008546854554755,0.46472662729517966,0.7831546407885857,3.1622776601683795,0.8933450849566493,0.6971625101486135
swish,2025,BraTS20_Training_037.npy,0.8696227944954661,2.23606797749979,0.7754047480635787,0.9899042982111314,0.9240197126796614,1.0,0.916284208347661,0.9318869388314085,0.8287276151446833,1.0,0.764378607160179,0.9049069645110267,0.804964010521239,2.23606797749979,0.8858297816171422,0.7376273646855647,0.8376066560908525,2.23606797749979,0.7346249588280624,0.9741681620561609
swish,2025,BraTS20_Training_038.npy,0.8974213932990841,1.0,0.8663210147968757,0.9308378867411621,0.8527006898609835,1.4142135623730951,0.8137672959087496,0.8955466876630338,0.7761899401876471,2.0,0.715411740006052,0.8482538116831019,0.7571034027256923,3.0,0.7799961412229975,0.7355161430327275,0.7846803211176919,2.23606797749979,0.7627854814670086,0.8078692355477038
swish,2025,BraTS20_Training_039.npy,0.9054101472062649,1.0,0.9703392280156713,0.8486254004303212,0.9111341905911602,1.0,0.8995162472922935,0.9230561695769405,0.8735641317725013,1.0,0.8567752995035278,0.8910240810094673,0.8599096184151794,2.449489742783178,0.8604651148894298,0.8593548373236213,0.8439776061468668,1.4142135623730951,0.9457895535417117,0.7619550014078673
swish,2025,BraTS20_Training_040.npy,0.9428523925764467,1.0,0.9277778603352487,0.9584248773980653,0.9551409956300765,0.0,0.9257205431334092,0.9864928613317211,0.8783403968596162,1.0,0.8206068686142852,0.9448123615774967,0.9351475339028391,1.0,0.9477466048778218,0.9228790446453264,0.9089025317210476,1.0,0.9006826496749841,0.9172738294177606
swish,2025,BraTS20_Training_041.npy,0.9526854395895066,0.0,0.9766121609716695,0.9299030773991476,0.8611440357956258,1.4142135623730951,0.8548766662120835,0.8675039794202158,0.8174517857619654,1.4142135623730951,0.8459625692370599,0.7908000969038413,0.7145318772048652,4.242640687119285,0.6492693093703827,0.7943805849476993,0.9286047901958714,1.0,0.9577600485180081,0.9011721295702447
swish,2025,BraTS20_Training_042.npy,0.9586607251086288,0.0,0.9717490288224278,0.9459203034713641,0.9651915565893185,0.0,0.9502132983497551,0.9806495832066198,0.872540130960338,1.0,0.8482915949352976,0.8982157557517344,0.9424160494877286,1.0,0.9390231616621233,0.9458335441771905,0.9144829799430824,1.0,0.9622558623497142,0.8712292722048494
swish,2025,BraTS20_Training_043.npy,0.7534963642975455,4.69041575982343,0.6326377940547068,0.931437337372576,0.6269986123771639,5.0990195135927845,0.5572281331985101,0.7167417781393061,0.309509745098908,9.433981132056603,0.19969512119018626,0.6876640329702883,0.6404810390452128,5.916079783099616,0.64974419392022,0.6314782929212502,0.7028115716517859,6.48074069840786,0.5811324561514206,0.8889403525866192
swish,2025,BraTS20_Training_044.npy,0.7611067005494967,4.358898943540674,0.6758746732763057,0.8709373522165821,0.7279999979199999,2.23606797749979,0.7023153213764315,0.7556346337150971,0.7601364124284334,4.123105625617661,0.7103399383120401,0.817440906133326,0.35772357308102704,5.0,0.383084567584961,0.33551197526117704,0.719478220733677,4.898979485566356,0.6331333637326181,0.8330929784948061
swish,2025,BraTS20_Training_045.npy,0.9459783403722023,1.0,0.9425690670968981,0.9494123657650515,0.9584953222063788,0.0,0.9628539837073161,0.9541759444113074,0.8915452529531004,1.0,0.9312569575621755,0.8550818908456076,0.8328847237454277,1.0,0.757129047391778,0.9254855616826781,0.8570336793262749,1.0,0.8437808103254162,0.8707095044522866
swish,2025,BraTS20_Training_046.npy,0.42797934059640386,18.788294228055936,0.27703483565102777,0.9403194163254699,0.43534057040799323,5.385164807134504,0.29013157703860804,0.8715414847521447,0.4031710056445583,18.05547008526779,0.2623434026356418,0.8704156266402048,0.3461538328402372,4.5879676981992175,0.27607360269487097,0.4639174779466517,0.42058503422237853,19.026297590440446,0.2718970764827129,0.9281442986686166
swish,2025,BraTS20_Training_047.npy,0.8848292682567143,1.4142135623730951,0.8202743442251829,0.9604129896787492,0.9350647257562035,1.0,0.9324133276142381,0.9377312457082818,0.8629131684285044,1.0,0.9185962935787644,0.8135949736199952,0.8380023924084484,2.23606797749979,0.7758968421967608,0.9109153012534293,0.7565012595697966,3.3166247903554,0.6544282589865081,0.8962996089804383
swish,2025,BraTS20_Training_048.npy,0.6363594340768328,9.0,0.4708437359448532,0.981324398758768,0.8422240115354972,1.4142135623730951,0.7549841064577171,0.9522594717483255,0.6912028704631871,1.7320508075688772,0.5658990663111266,0.8877786249978584,0.7900803325529852,2.0,0.7964788676304305,0.7837837783521567,0.5532741546681935,9.433981132056603,0.3977422606882837,0.9085511733198484
swish,2025,BraTS20_Training_049.npy,0.9295007398627693,1.0,0.9298130890360538,0.9291886003032875,0.9533014759412451,0.0,0.9430597315361846,0.9637681138257178,0.8592463178696702,1.0,0.9435461744490375,0.7887743395446178,0.3149078700593981,6.953332099679074,0.18706467475557537,0.9947089420788919,0.9202754246871476,1.0,0.9215262205755022,0.9190280194477148
swish,2025,BraTS20_Training_050.npy,0.9346276532289327,1.0,0.9092871189868347,0.9614210866153422,0.9301126644452206,1.0,0.8788812333628431,0.9876865351773366,0.8390947363671551,1.0,0.8424240458500927,0.8357916382802174,0.8330241779402225,2.23606797749979,0.7437749855100585,0.9466128794350149,0.6945272914245832,9.273618495495704,0.7788523526927367,0.6266779063441554
swish,2025,BraTS20_Training_051.npy,0.941468972494752,1.0,0.9515752240724212,0.9315751327966197,0.930476764957611,1.0,0.8783183315037494,0.989221095220569,0.869511744816336,1.0,0.8092331165133666,0.9394932663540988,0.8578941341512586,1.0,0.8433355791338828,0.8729641673500136,0.9241051690454775,1.0,0.9444412397184624,0.9046264065321632
swish,2025,BraTS20_Training_052.npy,0.9083043180478312,1.0,0.9828518497514515,0.8442681115531754,0.9473320428022768,1.0,0.9210402520522544,0.9751689783172046,0.8647368982757253,1.0,0.862416826719879,0.867069485469282,0.8786473421462345,1.0,0.8173647297908239,0.9498642135996153,0.8481560689151746,1.4142135623730951,0.9730700175651027,0.75166420095178
swish,2025,BraTS20_Training_053.npy,0.9607112523301764,0.0,0.9620951256662441,0.9593313543247657,0.8116273858760041,6.0,0.7723935385474902,0.8550603036942526,0.8550829928714676,1.0,0.84455729648426,0.8658743623476238,0.6284099063942885,23.345235059857504,0.5810171736654632,0.6842208102743323,0.9304279796779955,1.0,0.9396109884949179,0.9214227283443381
swish,2025,BraTS20_Training_054.npy,0.8795526379160465,1.4142135623730951,0.791399462367473,0.9898061286757651,0.928276559166464,1.0,0.8832567334108441,0.9781322125294039,0.883155397236209,1.0,0.822571734695164,0.9533727539627989,0.8357564410279571,1.0,0.8729514345617931,0.8016015452138595,0.7389911598307614,2.23606797749979,0.6313217916818205,0.8909368159878881
swish,2025,BraTS20_Training_055.npy,0.9386191373444748,1.0,0.9592535904750704,0.9188537235299608,0.9312244030040868,1.0,0.8933748808471922,0.9724229457510523,0.8733417920905862,1.0,0.9170300376489462,0.8336269534974379,0.7813580914060094,5.0,0.6596987386109765,0.9580357121472418,0.9273835121427707,1.0,0.9565542533030902,0.8999392811183882
swish,2025,BraTS20_Training_056.npy,0.8532617589327941,2.0,0.7539188275804648,0.9827586204426564,0.911830942832885,1.0,0.8651714273753506,0.9638101371120382,0.8548882679574282,1.0,0.8125580774314979,0.9018712239566469,0.8128222645133738,3.0,0.7676601727673549,0.8636303618961976,0.6187875811084834,5.0990195135927845,0.4861646738882739,0.85091123789157
swish,2025,BraTS20_Training_057.npy,0.9296793972641252,1.0,0.9026236291617196,0.9584072562937331,0.907268170040666,1.0,0.9079238217072575,0.9066134638707756,0.8556405348615914,1.0,0.8313015199915227,0.8814477398972699,0.7409257887716006,4.242640687119285,0.8005716074926275,0.6895514204333932,0.9055093752900463,1.0,0.8751160807445564,0.9380897833226844
swish,2025,BraTS20_Training_058.npy,0.7018669633591823,6.4031242374328485,0.6216136308204361,0.8059144210786913,0.3907771929198449,19.849433241279208,0.3909249561425684,0.3906295411319947,0.6919156161036984,3.605551275463989,0.7285330937260985,0.6588029109479605,0.13647801838630383,25.199206336708304,0.1319404692501999,0.14133878370839165,0.6273524538830817,7.3484692283495345,0.5389305562322707,0.7504837041888825
swish,2025,BraTS20_Training_059.npy,0.761191260202906,5.0,0.6331121226047102,0.9542335421294292,0.8806688601959238,1.0,0.8383984522990908,0.9274279566305872,0.8140122758612773,1.0,0.9616040873583269,0.7056981796762795,0.3955857351817849,4.242640687119285,0.2586015509589173,0.8411552042904259,0.7265299867933387,5.0990195135927845,0.596686936214432,0.9285993989501374
swish,2025,BraTS20_Training_060.npy,0.9335599469416628,1.0,0.9286164566198704,0.9385563521959899,0.9342571969349917,1.0,0.984013900670717,0.8892902007722753,0.8413417411725902,1.0,0.8786173628007561,0.8071002551507525,0.8840635505033074,1.4142135623730951,0.9381196203627195,0.8358976843974675,0.8573072039771791,1.0,0.8198873227194476,0.8983061413492037
swish,2025,BraTS20_Training_061.npy,0.8750182080905514,2.0,0.8632814367122005,0.8870785129770719,0.913646427800316,1.0,0.876957493753201,0.9535392840723755,0.7884502918213083,1.0,0.8256276778542136,0.7544767756652535,0.8326286986382917,3.0,0.7301541135066093,0.9685631611020962,0.6319673718961822,8.54400374531753,0.6538513052192213,0.6115008762070899
swish,2025,BraTS20_Training_062.npy,0.9536539289302255,0.0,0.9662435082989992,0.9413881994171464,0.966026473287658,0.0,0.993918366334885,0.9396572848719706,0.9044473530631567,1.0,0.9857014892393917,0.8355690540128886,0.9054832513053436,1.0,0.8484606153296379,0.9707227807806937,0.9122782329588627,1.0,0.9165243868287178,0.9080712414575781
swish,2025,BraTS20_Training_063.npy,0.8675626534285542,1.4142135623730951,0.9306309744316398,0.8124999994574653,0.803895673813312,2.23606797749979,0.806024492532193,0.8017780678242408,0.7216248489327961,3.7416573867739413,0.6699201389976923,0.7819782455619977,0.491190600687717,2.449489742783178,0.5997392359877545,0.41591319696281015,0.8148047102192495,1.4142135623730951,0.8911875861436368,0.750481614247021
swish,2025,BraTS20_Training_064.npy,0.8458286025037207,2.8284271247461903,0.8591452276930391,0.8329184878548528,0.9068391394553916,1.0,0.8448273703439041,0.9786755963905547,0.7649296136310018,1.4142135623730951,0.7148116678802572,0.8226053512294739,0.8394209890422893,2.8284271247461903,0.7801170375596697,0.9084832499782022,0.5101630457424131,12.206555615733702,0.7338405427981385,0.3909882745758833
swish,2025,BraTS20_Training_065.npy,0.7679426605007644,6.48074069840786,0.9593270693972027,0.6402197211574974,0.9301153680810034,1.0,0.9192660526362619,0.9412238300020831,0.8943146130200303,1.0,0.9180093056999308,0.8718123057741846,0.7913669020953685,3.3166247903554,0.6996086037220294,0.9108280138748024,0.7307305475485543,8.660254037844387,0.9473235024667757,0.594749062155519
swish,2025,BraTS20_Training_066.npy,0.9382445778656073,1.0,0.9338547031512161,0.9426759192922852,0.8959032904983535,1.0,0.8628161174161981,0.9316293030717024,0.7945972856998648,1.4142135623730951,0.7366416610079151,0.8624510189670976,0.8732681924505847,1.7320508075688772,0.8811065319583483,0.8655680820098756,0.9077345806944619,1.0,0.9138356725998271,0.9017144144142308
swish,2025,BraTS20_Training_067.npy,0.9574306013564672,0.0,0.9436340306178385,0.9716365884286616,0.9634439154701365,0.0,0.9768085042272453,0.9504400961623478,0.8885724744948186,1.0,0.9831210330003506,0.8106142138390744,0.7876360548519832,2.8284271247461903,0.6689611007932119,0.9574979940915362,0.9274410842854595,1.0,0.9019660005717143,0.9543970272274522
swish,2025,BraTS20_Training_068.npy,0.9390466133369342,1.0,0.9583217462183117,0.920531570182555,0.9048388599147156,1.0,0.8583937729646812,0.9565974500734008,0.8317515096352885,1.0,0.8546099284719079,0.8100840330688511,0.831114502718812,3.7416573867739413,0.7418508422939495,0.9447978915591556,0.8088922379787317,2.0,0.90896773608732,0.7286674357719546
swish,2025,BraTS20_Training_069.npy,0.8118415867781397,7.874007874011811,0.7112106863501468,0.9456428552053099,0.9097394444582622,1.0,0.8506684987114808,0.9776264268161661,0.8072494376210229,1.0,0.7579809348359152,0.8633680675775209,0.863767793354157,2.0,0.8049538808140979,0.9318536287151448,0.7477515512946866,10.816653826391969,0.6420682561088197,0.8950801559758497
swish,2025,BraTS20_Training_070.npy,0.8931089929937289,1.4142135623730951,0.8612564536433597,0.9274080705719281,0.806276027018022,2.449489742783178,0.6968486083158054,0.9564726929529824,0.7012667565689883,2.23606797749979,0.6711920264684987,0.7341630894985725,0.7052812762751615,4.242640687119285,0.5725502370702434,0.9181249104295598,0.6804172874951977,3.605551275463989,0.7632400139250891,0.6138099162464382
swish,2025,BraTS20_Training_071.npy,0.9308385423190044,1.0,0.9614085324183234,0.9021527145190815,0.4399124482437702,17.4928556845359,0.6827348211567267,0.3245002561956688,0.8018450352691399,3.1622776601683795,0.6845664274585789,0.9676149769845778,0.10774727858966088,21.748563170931547,0.32546854028536054,0.06456002918824974,0.8009298939466513,3.1622776601683795,0.7692608407432745,0.8353184158930163
swish,2025,BraTS20_Training_072.npy,0.7918292402606963,3.3166247903554,0.9187009994031755,0.695747195372402,0.9378098138912854,1.0,0.9036986719611511,0.9745970979312355,0.8899087814346303,1.0,0.8883338563958741,0.8914893004980121,0.735539024794305,3.1622776601683795,0.6247053270865579,0.8941827495017105,0.6038533124801194,5.744562646538029,0.8549613968676215,0.46676206170610596
swish,2025,BraTS20_Training_073.npy,0.9171562189373653,1.0,0.8942473997856538,0.9412696534008109,0.9453694534109232,1.0,0.9307106143713683,0.9604974390633397,0.8386540116271279,1.0,0.8219873141416625,0.8560105670893763,0.8914733917834381,1.0,0.8825813350079244,0.900546446857177,0.8477029223747307,1.0,0.8216020294231235,0.8755165884378677
prelu,2025,BraTS20_Training_001.npy,0.9250794352822196,1.0,0.8719110280917245,0.9851532592164287,0.9244966441932514,1.0,0.969688549040248,0.8833294659262705,0.882333885090646,1.0,0.8836060843185041,0.8810653436557165,0.8198013015816485,4.0,0.9297416299101589,0.7331120751937136,0.8861908233657689,1.4142135623730951,0.8110075782367971,0.9767378450593582
prelu,2025,BraTS20_Training_002.npy,0.8816476096168258,1.4142135623730951,0.9694952689356929,0.8083973169391857,0.9394445472445585,1.0,0.9668342981941344,0.913563909224924,0.8480764703846458,1.0,0.8263857064797897,0.8709365933843956,0.9157426800287453,1.0,0.9782751081023198,0.8607242331565419,0.836783127953614,1.4142135623730951,0.9382225079559774,0.7551385444574107
prelu,2025,BraTS20_Training_003.npy,0.7373874002450014,3.4641016151377544,0.8595967387326477,0.6456018341911453,0.9106682921097082,1.0,0.9002948247110832,0.9212835959372364,0.8579862235848045,1.0,0.8725817182368855,0.843870965019771,0.7052384620387924,2.449489742783178,0.6152796641844521,0.826007310878987,0.7014182911761002,4.123105625617661,0.8354425522183454,0.6044504867777113
prelu,2025,BraTS20_Training_004.npy,0.9539374562202086,0.0,0.9731571597260325,0.935462221816888,0.9258649805296268,1.0,0.8976447370176562,0.9559171990182335,0.8947258700247634,1.0,0.9250664552589508,0.8663123185989959,0.7572971726285354,4.47213595499958,0.6656565649841854,0.8781982930727635,0.939183092315562,1.0,0.9738034844173973,0.9069398186421217
prelu,2025,BraTS20_Training_005.npy,0.7491337075071293,6.708203932499369,0.645574833627362,0.8922649961629083,0.847709415290151,5.916079783099616,0.747595607158201,0.9787824697811001,0.7651622769286623,25.25767173301108,0.7097101148289985,0.8300142237671714,0.6205652422919118,5.744562646538029,0.46361185844979974,0.9381818124958679,0.4447717226855457,66.7143162373133,0.36426503640356217,0.570960422054549
prelu,2025,BraTS20_Training_006.npy,0.9314739173989979,1.0,0.8892734061277873,0.9778792217396077,0.9002207611532689,1.0,0.8288586104916553,0.985028668245639,0.8211451027161236,1.0,0.8543253423978492,0.7904458123320058,0.6233706685585345,4.58257569495584,0.48007465673926825,0.8886087760143709,0.9086506400299187,1.0,0.8821494145803855,0.9367934628417252
prelu,2025,BraTS20_Training_007.npy,0.924393899861945,1.0,0.9405551211484218,0.9087786815148879,0.9277374221534908,1.0,0.9020613153687754,0.9549180317291559,0.8786059689189545,1.0,0.8554960206924891,0.9029991415544145,0.8481262314548229,15.475576752222349,0.822542669739427,0.8753523304874652,0.888212952090863,1.0,0.9164729322761631,0.8616436642535303
prelu,2025,BraTS20_Training_008.npy,0.8019818805901217,1.7320508075688772,0.9171725021926344,0.7124970962340308,0.6889886065274815,9.899494936611665,0.7295321584098526,0.6527141880136417,0.7142118826138921,2.23606797749979,0.5706028028851957,0.9544198763201674,0.20582120368169227,11.399557373021835,0.6305732082437446,0.12298136493190852,0.7879504319816362,2.0,0.9039750581749103,0.6983213312063
prelu,2025,BraTS20_Training_009.npy,0.9097836936175046,1.0,0.8772288753398939,0.9448479204875948,0.7954925902535968,4.358898943540674,0.719763431459438,0.8890310666220105,0.659836943426727,4.0,0.5143710338668452,0.9200224889591601,0.6395388497442631,7.483314773547883,0.7394699476496805,0.5634014421384009,0.8098340478575836,2.449489742783178,0.8185809316356422,0.8012721160200809
prelu,2025,BraTS20_Training_010.npy,0.8529237377246726,1.4142135623730951,0.8624465507878901,0.843608922536158,0.8840495259402407,1.0,0.8677437791424882,0.900979808638688,0.8813336610976976,1.0,0.8289819236382173,0.9407433363591456,0.5164198292567944,3.605551275463989,0.7696736896415799,0.3885658877076949,0.821818950710184,1.7320508075688772,0.8355685755810549,0.8085145113886105
prelu,2025,BraTS20_Training_011.npy,0.899284321173035,1.4142135623730951,0.9619944868477901,0.8442496643341258,0.904923279250248,1.0,0.9263756375384258,0.8844419901698022,0.7789661313732579,1.4142135623730951,0.9838933131557096,0.6446890596406162,0.4879879872552733,4.69041575982343,0.35303063142943597,0.7899854118133912,0.8735242686918505,1.4142135623730951,0.9442344265081982,0.8126667203919111
prelu,2025,BraTS20_Training_012.npy,0.8685831620738254,2.23606797749979,0.8272925141707541,0.9142120120911172,0.9132080226357966,1.0,0.8742753612629525,0.9557697373174416,0.8309178736387587,1.0,0.7631006181766271,0.9119647840897064,0.7679705083596754,3.0,0.8127438196239972,0.7278726679818607,0.7977724882566639,4.242640687119285,0.7584646254393644,0.84137735004908
prelu,2025,BraTS20_Training_013.npy,0.894712877273239,1.0,0.9116942530240846,0.8783525300681208,0.8896610354157909,1.0,0.8279325759697747,0.9613356758576964,0.694946320116593,2.23606797749979,0.6570933383087563,0.7374270610240982,0.8803502442027555,1.4142135623730951,0.814214938248652,0.9581791669938567,0.8227769202150693,2.0,0.8716199217483273,0.7791174815123334
prelu,2025,BraTS20_Training_014.npy,0.8980332828524361,1.0,0.9690333273515039,0.8367271701215788,0.887959323340673,1.0,0.9160032732252053,0.8615815252408742,0.8460453147298405,1.0,0.8646799361769509,0.8281969339607881,0.5898006727466732,3.3166247903554,0.6192650569479615,0.5630127502589575,0.8376776232548946,1.4142135623730951,0.9241734908772797,0.7659868647258292
prelu,2025,BraTS20_Training_015.npy,0.946462851011318,1.0,0.9562684076595123,0.936856345179824,0.6838355348508849,5.744562646538029,0.5212422919492887,0.9938517948507694,0.8164467623096369,1.4142135623730951,0.7389468998678662,0.9121074990921328,0.30826997061084205,11.180339887498949,0.18927953868670946,0.8301314417081322,0.9242337172810676,1.0,0.9714803456025015,0.8813695072268093
prelu,2025,BraTS20_Training_016.npy,0.9196206596546785,1.0,0.9579804149250621,0.884214656198017,0.809063512706962,3.3166247903554,0.6927121365335883,0.9723911703094406,0.6361685859981334,2.23606797749979,0.9897935684216149,0.4687113887387487,0.10691633943859984,11.180339887498949,0.056789419251795155,0.911327225907739,0.832257798868257,1.7320508075688772,0.9407706446540276,0.7461889117870415
prelu,2025,BraTS20_Training_017.npy,0.9220865598877815,1.0,0.9780691586480614,0.872165652529261,0.8715202609579886,1.4142135623730951,0.8219197701848713,0.9274917137438431,0.8590041874233835,1.0,0.9297740668732565,0.7982456130488688,0.6344790922798732,5.0,0.5107687911699205,0.8372691119072502,0.8963450061687811,1.0,0.9680275857698094,0.8345467046012511
prelu,2025,BraTS20_Training_018.npy,0.7500995947462421,5.0,0.8808333901825989,0.6531575740061666,0.7548577021494451,13.038404810405298,0.9444990130427358,0.6286368073598012,0.7276940886959581,13.213583919217537,0.9262536818510108,0.5992366389342113,0.5282051214332677,10.816653826391969,0.604105554131802,0.46924828088272713,0.7452924699203356,5.385164807134504,0.87239439969549,0.6505166228294668
prelu,2025,BraTS20_Training_019.npy,0.9000301672081277,1.0,0.8855629378985859,0.9149779421748618,0.9016868737739359,1.0,0.8324816270830381,0.9834416138771681,0.8148597560018389,1.0,0.8896361959750981,0.751679007446462,0.6453097555590688,4.0,0.49636668483662505,0.9219588148088618,0.7596484681093462,2.449489742783178,0.788172042671754,0.733117298474509
prelu,2025,BraTS20_Training_020.npy,0.9015566180823609,1.4142135623730951,0.8675739850079589,0.9383099596663822,0.8289810724364445,3.1622776601683795,0.7159407687172586,0.9844101649258709,0.7259406215018724,1.4142135623730951,0.768864968198155,0.6875556285849496,0.7254276521514935,5.0,0.5838471432993427,0.9576550191975453,0.7257378110274048,5.830951894845301,0.8500912094117269,0.6331230410361546
prelu,2025,BraTS20_Training_021.npy,0.7936992730983712,3.0,0.7614629115086377,0.8287857309151943,0.8242521897227796,1.4142135623730951,0.7218204256097718,0.9605633780268465,0.7518710409443422,1.4142135623730951,0.8697968669004432,0.6621039273457441,0.19657832876022027,7.874007874011811,0.10990247520666738,0.9301587006298826,0.7418946259039865,4.242640687119285,0.7230433804472591,0.7617551679631958
prelu,2025,BraTS20_Training_022.npy,0.9408560030947745,1.0,0.9608767137965183,0.9216525619328255,0.9021411414478442,1.0,0.8643470310851757,0.9433915208609222,0.853175878853826,1.0,0.8009439653142286,0.9126954340758627,0.7909862831519487,3.3166247903554,0.7802835045261892,0.8019867543029912,0.8733774306369203,1.0,0.9370614442151859,0.817798681906117
prelu,2025,BraTS20_Training_023.npy,0.9158712759195695,1.0,0.9041898691962672,0.9278584616140493,0.9448744177727738,1.0,0.909049411783037,0.9836389448764346,0.861683451509894,1.0,0.8527018370186507,0.8708562882894236,0.8932681950043321,1.0,0.8186371212344254,0.9828717183256711,0.8529300246760478,1.0,0.8579904221477347,0.8479289689458772
prelu,2025,BraTS20_Training_024.npy,0.878260223083137,1.4142135623730951,0.9053525110934505,0.85274227389951,0.8395643456218479,2.23606797749979,0.7744395299777187,0.9166478627570522,0.8300057198185913,1.4142135623730951,0.7223249415814132,0.9754161325381459,0.5826623260384938,14.89966442575134,0.6623174281162271,0.5201101077838964,0.8117894469892486,2.0,0.8762288365517086,0.7561787491153594
prelu,2025,BraTS20_Training_025.npy,0.915639636750946,1.0,0.9530073394946679,0.8810917650689162,0.9575809840783726,0.0,0.9626920260742116,0.9525239254342749,0.8955916470783792,1.0,0.9078185046131942,0.8836897644292313,0.9431952660295355,1.0,0.9412096934990708,0.9451892332962828,0.8362998371597462,1.4142135623730951,0.90040516839126,0.7807159132214403
prelu,2025,BraTS20_Training_026.npy,0.9435501556827177,1.0,0.9639990364847107,0.9239508001715899,0.7083168413926978,9.433981132056603,0.8201243087617436,0.6233373243445439,0.7087615396471081,2.449489742783178,0.6874472036292248,0.7314398702447241,0.36901489107416524,18.33030277982336,0.5733736757378538,0.2720516825266851,0.8613490363722335,1.7320508075688772,0.8515005918214957,0.8714279605439172
prelu,2025,BraTS20_Training_027.npy,0.693921463115992,7.211102550927978,0.9968041049998793,0.5322080605843027,0.9125298280889312,1.0,0.9179160268689585,0.9072064710818627,0.8132854575393027,1.0,0.7297732692543119,0.9183811376194766,0.7601672364309354,3.7416573867739413,0.9245348423384551,0.6454215404232179,0.5739894977182928,9.0,0.9768400628163355,0.40639250974551105
prelu,2025,BraTS20_Training_028.npy,0.7760458086061063,3.1622776601683795,0.7147670667473547,0.8488169793268285,0.6378003894185753,4.58257569495584,0.4911964782638412,0.9091470177642921,0.3369363280383919,8.48528137423857,0.2156523616737084,0.7699729804323697,0.7391806622774544,2.23606797749979,0.7241859642622568,0.7548094360166798,0.3731455524898164,5.0990195135927845,0.49762946663451957,0.2984797109280546
prelu,2025,BraTS20_Training_029.npy,0.9413552497878609,1.0,0.9488059532407168,0.9340206509624521,0.9383060293215015,1.0,0.9101974561668955,0.9682060121303323,0.8803561483209459,1.0,0.8324855273943422,0.9340680949929776,0.8212180723513385,1.0,0.8641464804244153,0.7823529369927651,0.9297492454977593,1.0,0.9418454426293564,0.9179598132693777
prelu,2025,BraTS20_Training_030.npy,0.8620234443586525,1.4142135623730951,0.8742588509171364,0.8501257842333886,0.70166453222263,32.12475680841802,0.7286311248212851,0.6766227649616383,0.8103130748281324,1.4142135623730951,0.787119855607221,0.8349146095654397,0.13243546547152535,35.86084215408221,0.16876430109402574,0.10897672660148973,0.8378633905013122,1.7320508075688772,0.8480020121117209,0.8279643371066184
prelu,2025,BraTS20_Training_031.npy,0.917544488035266,1.0,0.9272671492296887,0.9080236008378068,0.8784485782944105,1.4142135623730951,0.8780479244717931,0.878849597612512,0.8562061342846233,1.0,0.8055200142544691,0.9136992686913911,0.6778459781827211,4.58257569495584,0.8091856763722833,0.5831881526751,0.8469928615066795,1.4142135623730951,0.8610036422403601,0.8334307634575391
prelu,2025,BraTS20_Training_032.npy,0.8936878238591691,1.0,0.9627547166178284,0.8338671719068286,0.8934608209071783,1.0,0.8658060809719988,0.9229404923717568,0.7969999996015,1.0,0.8334204738749132,0.7636293946884839,0.7958783827038107,3.7416573867739413,0.6970891055077042,0.9272911719186825,0.6362427618973868,2.23606797749979,0.8177508260002747,0.5206739203084072
prelu,2025,BraTS20_Training_033.npy,0.9495608654731711,1.0,0.9469743923546751,0.9521615060882838,0.9336344681780675,1.0,0.8826113730722187,0.9909187290873006,0.9091430571690803,1.0,0.8909988126110321,0.928041638953779,0.7299747762424332,5.0990195135927845,0.6415049117643123,0.8467499591226476,0.9237976264369147,1.0,0.9331705082243759,0.9146111570118781
prelu,2025,BraTS20_Training_034.npy,0.9380658591877614,1.0,0.9447653783380728,0.9314606861541692,0.8989977779866924,1.4142135623730951,0.8454595974557164,0.9597749007091692,0.7911751043216035,2.23606797749979,0.6972574700379626,0.9143317225365906,0.859549479962565,1.4142135623730951,0.8687910479840472,0.8505024523262835,0.8582360128144232,1.4142135623730951,0.9196359575599647,0.8045217259164529
prelu,2025,BraTS20_Training_035.npy,0.8577983158465646,2.23606797749979,0.857578465793389,0.8580182785379685,0.83516707176625,2.449489742783178,0.7660346828812573,0.9180152631521079,0.8064704221185985,1.0,0.8836039894140615,0.7417223123060851,0.5484547772757429,7.0710678118654755,0.4039087946195988,0.8541151529016998,0.6901434984943411,4.58257569495584,0.7884560192321509,0.6136300182551705
prelu,2025,BraTS20_Training_036.npy,0.8660223494817207,1.4142135623730951,0.9671478676692203,0.784042436408158,0.8480870209601585,1.4142135623730951,0.7867084189514467,0.9198535375918359,0.8032327577551371,1.7320508075688772,0.7218671301145321,0.905270826074154,0.7369942143280765,3.7416573867739413,0.8717948568923957,0.6382978643517163,0.7509578540715682,4.0,0.9286029077472423,0.6303664916751186
prelu,2025,BraTS20_Training_037.npy,0.8916395222318908,1.4142135623730951,0.8117657254152147,0.9889471044060506,0.9142935251026806,1.0,0.8527112014054431,0.9854631170879761,0.786254907197857,1.4142135623730951,0.6754989911151686,0.940453136192435,0.8159691453505138,1.4142135623730951,0.8552387186111234,0.7801474977275787,0.864820662985215,1.7320508075688772,0.7845414646074815,0.9634019910533914
prelu,2025,BraTS20_Training_038.npy,0.8963941489456632,1.0,0.8720683948293361,0.9221159453024477,0.8440876812528423,2.0,0.7930844426672803,0.9021018243633148,0.7565977009754947,2.449489742783178,0.6826799416375524,0.8484660990727166,0.7748120297110845,2.449489742783178,0.7951388881219725,0.7554985330319846,0.7795878135502161,2.23606797749979,0.7743560530511853,0.7848907491862781
prelu,2025,BraTS20_Training_039.npy,0.890039147377987,1.4142135623730951,0.9865388693062043,0.8107358510213265,0.9233238604032933,1.0,0.9225470601942649,0.9241019693858096,0.8708223220617044,1.0,0.8735381250011398,0.868123352806351,0.906453715037114,1.0,0.8982558125028168,0.9148026300743378,0.8253840354501359,2.0,0.9671082683212704,0.719888463031922
prelu,2025,BraTS20_Training_040.npy,0.9420191692450716,1.0,0.9256584915354896,0.9589685907907392,0.9553113376756022,0.0,0.930660080400135,0.9813040485010553,0.8739280741539244,1.0,0.8113121036965188,0.9470176116828756,0.9264273099453828,1.0,0.9563586405894444,0.8983126546410359,0.9088423173077351,1.0,0.8966522854135053,0.9213683654225784
prelu,2025,BraTS20_Training_041.npy,0.9502676088794815,0.0,0.9727613787820822,0.9287906026130671,0.851922806947375,2.23606797749979,0.7945611428618834,0.918211119139594,0.7927519813188335,2.449489742783178,0.732888364438047,0.8632649901907431,0.7229478884601295,4.123105625617661,0.6860647163724825,0.7640220843823827,0.9252757419326471,1.0,0.9635069806694319,0.8899626858456601
prelu,2025,BraTS20_Training_042.npy,0.9481922382449381,1.0,0.9825868112214563,0.9161241318201871,0.9617996494619979,0.0,0.9605589187011625,0.9630435893656087,0.8704279653333946,1.0,0.8778970286317742,0.8630849215704532,0.9351964974202818,1.0,0.9250251757678625,0.9455939875717552,0.8930860661999679,1.0,0.9698587548253501,0.8275762641059984
prelu,2025,BraTS20_Training_043.npy,0.7802636276327433,3.1622776601683795,0.6713510912203502,0.9313565600699197,0.739395742863971,3.0,0.6446924466069395,0.8667131876016867,0.47061937408517895,5.744562646538029,0.3387957304161748,0.7703639447975394,0.7602484464179623,3.605551275463989,0.7225501756738486,0.8020969838311556,0.7149555628269102,4.242640687119285,0.6130269486212606,0.8575395327289441
prelu,2025,BraTS20_Training_044.npy,0.7654780856242367,5.0,0.6653263704097513,0.9011245484821242,0.7229583953067538,3.0,0.6466372621464319,0.8197064932235745,0.7380481993755503,4.123105625617661,0.6614730831340433,0.8346738084479552,0.4341736633869235,4.358898943540674,0.3855721297121361,0.49679485587195976,0.7285314869096886,5.0990195135927845,0.6312874938675084,0.8611898010220415
prelu,2025,BraTS20_Training_045.npy,0.9442463786535693,1.0,0.9559174786028115,0.9328568333454152,0.9568227459256577,0.0,0.9685961907110713,0.9453320800359697,0.8974527565632363,1.0,0.932420807374653,0.8650126746631741,0.8383008531275312,1.4142135623730951,0.7952513286640579,0.886277941767925,0.8447138115084358,1.0,0.8552228735262252,0.8344598868802157
prelu,2025,BraTS20_Training_046.npy,0.4231292516134551,19.82422760159901,0.28240052823664064,0.8434418139024968,0.7261663256544976,2.449489742783178,0.5888157855998961,0.9470899370678314,0.6770785453510402,2.8284271247461903,0.5431097970294047,0.8987804768441405,0.4722222058256179,4.123105625617661,0.41717788851669396,0.5439999564800034,0.3955261156704254,20.09975124224178,0.26150134964634386,0.8113695083209752
prelu,2025,BraTS20_Training_047.npy,0.8861748429288316,1.4142135623730951,0.8309692492590467,0.9492376171168725,0.9259357921095637,1.0,0.9213764738422747,0.9305404570716108,0.865918230948911,1.0,0.8713165210864297,0.8605864194874734,0.8321396145075255,2.23606797749979,0.8182178869835616,0.8465432898277483,0.7672829131038589,3.0,0.6805804014140073,0.8793014893096885
prelu,2025,BraTS20_Training_048.npy,0.6454489332497773,12.449899597988733,0.4827456477708726,0.9735825624406246,0.7852154645116413,1.7320508075688772,0.6659924857960344,0.9564315313011139,0.6461731472830202,3.0,0.5046545786151172,0.8979947611334371,0.7901602654112551,2.23606797749979,0.7464788679825431,0.8392715689685545,0.5594992868115197,13.152946437965905,0.4109318021526372,0.8763236260123067
prelu,2025,BraTS20_Training_049.npy,0.9232697915104853,1.0,0.9431093671656204,0.904247722721704,0.9382151019989442,1.0,0.9690588720046007,0.9092741917151731,0.8355302210716896,1.0,0.964099750714991,0.7372170982036524,0.2632020095289019,5.385164807134504,0.15621890391821985,0.8351063385581735,0.9143868244653418,1.0,0.9330740687448016,0.8964334049645564
prelu,2025,BraTS20_Training_050.npy,0.9275574207512804,1.0,0.9074608565672063,0.9485642578397036,0.9253818134080634,1.0,0.8694114789101569,0.9890544341644848,0.83446993166427,1.0,0.8065362438276426,0.8644079560994176,0.8545590618600225,2.0,0.7825242716212094,0.941200714060585,0.6813635433485189,12.328828005937952,0.8070599606648453,0.5895443302781441
prelu,2025,BraTS20_Training_051.npy,0.9393499006548084,1.0,0.9570288721759456,0.9223122412979949,0.9265649591577173,1.0,0.8718810522548245,0.9885673679185071,0.8681381796717247,1.0,0.8073254476861309,0.9388588153883585,0.8607711834902203,1.0,0.8379411084784422,0.884880130821552,0.9207192099440694,1.0,0.9501422857108385,0.8930636882009448
prelu,2025,BraTS20_Training_052.npy,0.8970596578607269,1.0,0.9894357379989396,0.8204595933779378,0.9484799334178268,1.0,0.923526644094129,0.9748191225884387,0.8660862128806761,1.0,0.8700364875831332,0.8621716464296802,0.8756092797079262,1.0,0.8072982189334924,0.9565495187293941,0.8307744334070384,1.4142135623730951,0.9800917610292872,0.720939104704053
prelu,2025,BraTS20_Training_053.npy,0.9589855562403602,0.0,0.9625409846650199,0.9554562971290042,0.8617160162771642,2.23606797749979,0.7816304292635923,0.9600861110373619,0.8483139971547685,1.0,0.8637668349925295,0.8334043450858497,0.7056215994833661,5.477225575051661,0.5811001405616029,0.8980638531887886,0.9389239448432732,1.0,0.9577702024497478,0.9208050585347929
prelu,2025,BraTS20_Training_054.npy,0.8818690403404985,1.4142135623730951,0.8000375022438855,0.9823481556152284,0.9252668031768652,1.0,0.8745457458116326,0.9822334260729769,0.8767588204629925,1.0,0.8059012768316702,0.9612775685254167,0.8351090095003817,1.0,0.8897910075330161,0.7867588396879037,0.7386927242652868,2.23606797749979,0.6454863638050582,0.8633593059999499
prelu,2025,BraTS20_Training_055.npy,0.9319788098779314,1.0,0.9698250546397137,0.8969754330359264,0.9341086601747554,1.0,0.91952309922807,0.9491643934346099,0.8702449761242802,1.0,0.957364339925673,0.7976586933114758,0.763259312935163,5.385164807134504,0.6392560703362188,0.9469489960224294,0.9178009959516746,1.0,0.9628749384360273,0.8767583298312788
prelu,2025,BraTS20_Training_056.npy,0.8768046095394811,1.4142135623730951,0.798033355673762,0.9728294079413271,0.914356151275817,1.0,0.8699913239066897,0.963488843470521,0.8606071780593791,1.0,0.8260100000769901,0.8982292364073577,0.8158575842334085,3.0,0.7582727050477908,0.8829074998184075,0.6764045580504121,3.605551275463989,0.5737080598854087,0.8238836962105339
prelu,2025,BraTS20_Training_057.npy,0.9311794644304573,1.0,0.9079903950484126,0.9555840222480978,0.9179736171022328,1.0,0.9081788803705332,0.9279819295213432,0.8669916020512117,1.0,0.8570765112538297,0.8771387822277343,0.7898782818868061,3.605551275463989,0.7831057453696229,0.7967689796550275,0.9091574707841407,1.0,0.884580645869483,0.9351389877573476
prelu,2025,BraTS20_Training_058.npy,0.7006723342390025,6.164414002968976,0.6904141389051472,0.7112399602121604,0.3313878762918211,23.2163735324878,0.45747527605731514,0.2597865943444925,0.5827439883548832,18.411952639521967,0.7677400107815444,0.46959058952348814,0.14570603634401866,28.478061731796284,0.2070215605733433,0.11241193529195403,0.5834018820922804,8.06225774829855,0.5214077590620234,0.6621272075197205
prelu,2025,BraTS20_Training_059.npy,0.8038073036338151,4.0,0.7184582140911883,0.912168119470869,0.8846331313229508,1.0,0.924746739388583,0.8478549276963514,0.7709115712840164,1.7320508075688772,0.9633105719854047,0.6425725632181414,0.5167259749699219,3.605551275463989,0.4028856781033776,0.7202380809476572,0.7747035571277909,4.242640687119285,0.682239462913718,0.896160413762926
prelu,2025,BraTS20_Training_060.npy,0.9288917937676705,1.0,0.9447660090381599,0.9135422091662833,0.9326106792947749,1.0,0.976715898935211,0.8923166470281731,0.8345633453768255,1.0,0.8391046247593961,0.8300709561841993,0.876400542411596,2.0,0.9501579687601275,0.8132693021198857,0.8519258201757559,1.4142135623730951,0.8496310486466165,0.8542330210260268
prelu,2025,BraTS20_Training_061.npy,0.9226879313131654,1.0,0.909029939684297,0.9367626001200757,0.9225134923197712,1.0,0.8922445929215178,0.9549082195092512,0.8092683647673459,1.0,0.8314451916236295,0.7882438304960177,0.829525482641376,3.0,0.7548706008216479,0.9205673742543132,0.705502895796799,2.0,0.7178834551669344,0.6935421241186203
prelu,2025,BraTS20_Training_062.npy,0.9515089136939382,0.0,0.9725838457930993,0.9313279559483206,0.9654510927602841,0.0,0.9934996309159339,0.9389428058157084,0.9097629717214553,1.0,0.9798294791560795,0.8490484675303143,0.9141484052252334,1.0,0.8746501395068722,0.9573827884690723,0.9091093538445997,1.0,0.9258224130361783,0.8929890072068275
prelu,2025,BraTS20_Training_063.npy,0.8896791876381125,1.0,0.9183938807507503,0.8627056535220162,0.6363162005787684,4.329834379435327,0.8073485574069892,0.5250807308394387,0.6920565813600201,2.449489742783178,0.5643300773543475,0.8945147616419497,0.2847117787350582,5.385164807134504,0.7405475783500968,0.17623332244420314,0.7305463572379209,2.23606797749979,0.702208075689071,0.7612680604256329
prelu,2025,BraTS20_Training_064.npy,0.837098131923099,3.4641016151377544,0.8717737305357435,0.8050755158111018,0.9084013454409466,1.0,0.8482436709779324,0.9777431590898576,0.7690188368491001,1.4142135623730951,0.7035400734342848,0.8479366485142039,0.8425754155282845,2.449489742783178,0.7993991164325016,0.8906819882861149,0.49235048668938,12.206555615733702,0.779049295284803,0.3599023992447852
prelu,2025,BraTS20_Training_065.npy,0.7698552205615623,4.242640687119285,0.9671565080835315,0.63941388812927,0.9040144095419269,1.0,0.9208387918195575,0.8877937809254642,0.8808168716424224,1.0,0.941997848399578,0.8270983941304672,0.6829810863015513,4.69041575982343,0.60078277298647,0.7912371032057075,0.7284968797707373,5.385164807134504,0.9465174714586708,0.5921103364697877
prelu,2025,BraTS20_Training_066.npy,0.9308855469174834,1.0,0.9519787846980763,0.9107067832933609,0.9010856045101047,1.0,0.8670202439253475,0.9379373069283954,0.805959213087093,1.0,0.761684938532389,0.8556981708081186,0.8816448591539104,1.4142135623730951,0.8675691570518406,0.8961848291591659,0.8903827624495946,1.0,0.9295871242902503,0.8543513886510166
prelu,2025,BraTS20_Training_067.npy,0.9593603897299992,0.0,0.9532710279506346,0.9655280475449768,0.9541752833267951,0.0,0.9637002676489583,0.9448367413442444,0.8992248060146674,1.0,0.9737588328875371,0.8352895749670697,0.7985271384678029,3.605551275463989,0.7029774286033477,0.9241372044148388,0.9262012031641217,1.0,0.9133390086310703,0.9394308385634927
prelu,2025,BraTS20_Training_068.npy,0.9333490224299157,1.0,0.9650305893762112,0.9036815206367498,0.9023630981119193,1.0,0.8674450141908587,0.9402102703671076,0.8345149573458361,1.0,0.8556737582583874,0.8143773197337987,0.8301190211510582,3.7416573867739413,0.7601675240891274,0.9142493015449391,0.8032064275850974,2.23606797749979,0.9142603095459987,0.716209492614611
prelu,2025,BraTS20_Training_069.npy,0.8291370029219071,4.898979485566356,0.7463804455652641,0.9325337086578729,0.8972535854596805,1.0,0.8417933519878057,0.9605370615267267,0.813993345829891,1.0,0.7748064738181777,0.8573552308811021,0.8448145765182308,2.449489742783178,0.7832417863077823,0.9168941456373102,0.7637084384062123,6.48074069840786,0.6789363638856999,0.8726701342790778
prelu,2025,BraTS20_Training_070.npy,0.9078789032293133,1.0,0.9084687617539643,0.9072898100276349,0.7597963324801671,3.4641016151377544,0.6258856201819742,0.9666053917338037,0.7048419364926602,2.0,0.6911245384202115,0.7191148846908509,0.6194786384807269,7.0710678118654755,0.4553963534332625,0.9683992067084245,0.6549314183984991,4.123105625617661,0.837598073806349,0.5376734867541354
prelu,2025,BraTS20_Training_071.npy,0.9309669328042491,1.0,0.9673335004178268,0.8972356688128593,0.4485958485045592,18.681541692269406,0.5943060495016144,0.36026671884674555,0.7805521526521473,3.605551275463989,0.6590294346387991,0.9570240284692422,0.11177187070582079,23.021728866442675,0.2610441762700064,0.07110949034957176,0.8367309319726612,2.449489742783178,0.8360798700279606,0.8373830086185889
prelu,2025,BraTS20_Training_072.npy,0.7792883135814197,3.605551275463989,0.93361324750943,0.6687456195011626,0.9362886550025802,1.0,0.902909855624061,0.9722300865958309,0.8878943250647585,1.0,0.874917934269141,0.9012614305327232,0.7453108531373493,3.0,0.6669495514691659,0.8445373124244331,0.585731357950402,6.164414002968976,0.8796900370702572,0.43902577731093145
prelu,2025,BraTS20_Training_073.npy,0.9315627737731373,1.0,0.9431029445982382,0.9203016086711889,0.9287324112417821,1.0,0.9006438650241338,0.9586293612331787,0.8318535863435625,1.0,0.8071881598232683,0.8580739399279987,0.8641105348089047,1.0,0.8373276197117049,0.8926634300704205,0.8598251521001229,1.0,0.8929684665121536,0.8290540765120793
tanhexp,2025,BraTS20_Training_001.npy,0.9171464050494514,1.0,0.8557050318738916,0.988093544414576,0.938344622765247,1.0,0.9735556325174121,0.9055916941141618,0.8888734158040534,1.0,0.92033739423245,0.8594896650981318,0.8603053195099011,1.4142135623730951,0.8958751532112444,0.8274521526151603,0.8794069300782625,1.4142135623730951,0.7968459558173558,0.9810536043642687
tanhexp,2025,BraTS20_Training_002.npy,0.8831815545630355,1.4142135623730951,0.966107512615869,0.8133661685894575,0.9299673260187512,1.0,0.960277547291185,0.9015119817716417,0.8538772911708252,1.0,0.8213467692451569,0.8890909076213374,0.899460766567827,2.449489742783178,0.9742358067966859,0.8353458758444764,0.8337231609476997,1.4142135623730951,0.9276565879237272,0.7570637646752794
tanhexp,2025,BraTS20_Training_003.npy,0.735134356208467,3.7416573867739413,0.85587278127424,0.6442497094185944,0.8801413059801397,1.4142135623730951,0.9348700055350576,0.8314660290072324,0.8560359509436914,1.0,0.9212808508296169,0.7994211264850328,0.5254582449052394,30.80259318794673,0.5279672506416474,0.5229729659057708,0.695391922331952,4.242640687119285,0.8197576312242071,0.6037906390408183
tanhexp,2025,BraTS20_Training_004.npy,0.957217227611037,0.0,0.9752412311677843,0.9398473588130299,0.9293914671389397,1.0,0.9159494517335113,0.9432338949661765,0.8905213267127552,1.0,0.9449673101911292,0.8420075533947843,0.7525992298508822,4.242640687119285,0.6617171710487706,0.8724197617892931,0.9416744617359925,1.0,0.9697561920842507,0.9151733157730316
tanhexp,2025,BraTS20_Training_005.npy,0.8403590828737226,1.7320508075688772,0.7446326516271263,0.9643285765006477,0.891720799002143,1.0,0.8160545241832227,0.9828529724709477,0.7951512569540373,1.4142135623730951,0.7579566179222009,0.8361847245486026,0.6365671629914792,3.1622776601683795,0.510931415061601,0.8441365618795816,0.5595005847059105,4.242640687119285,0.4612415560288814,0.7109568648712026
tanhexp,2025,BraTS20_Training_006.npy,0.9337612940701714,1.0,0.893741321316219,0.977533306500977,0.9180018849059847,1.0,0.8702255973039478,0.9713288454322291,0.8301626737218833,1.0,0.9175018035286211,0.758006292181485,0.6179763944255098,4.58257569495584,0.4635290554562505,0.9267776087475769,0.913305516871244,1.0,0.8781481834327646,0.9513953567501011
tanhexp,2025,BraTS20_Training_007.npy,0.9208257823234528,1.0,0.9479164038248628,0.8952405892966261,0.9307505537154278,1.0,0.9225698431280006,0.9390776430513605,0.8886762353359838,1.0,0.904692318712953,0.8732173626810573,0.8541991869275692,15.803474685146297,0.8051795149935859,0.909574465061255,0.884538120454619,1.0,0.9212886081297613,0.8506071382158079
tanhexp,2025,BraTS20_Training_008.npy,0.8339420730172457,1.4142135623730951,0.9250964324596787,0.7591402069099621,0.7427785385475536,9.433981132056603,0.5921052588296399,0.996309950844896,0.741735533358804,9.721009528907672,0.5928984261527793,0.9903448139262785,0.38367345372761413,5.0,0.29936303825713134,0.5340908483987672,0.8223450343226025,1.4142135623730951,0.9231800464775745,0.7413685183792672
tanhexp,2025,BraTS20_Training_009.npy,0.9032669137815451,1.0,0.8537615693557002,0.9588667813849457,0.8100609552271151,3.605551275463989,0.7171276078632614,0.9306671203317448,0.6875755407257375,3.605551275463989,0.5476316770696781,0.9235943139976825,0.6839714469854506,7.211102550927978,0.7274412365012458,0.6454039677226621,0.8315690754443511,2.23606797749979,0.8250583480711633,0.8381833753746492
tanhexp,2025,BraTS20_Training_010.npy,0.837790204221394,2.0,0.8711115131170988,0.8069241568399261,0.9028945599353415,1.0,0.8674578197491309,0.9413498821701322,0.8840532633289597,1.0,0.841031977690357,0.9317131594528271,0.6268922473117342,4.123105625617661,0.6756237874160502,0.5847175982605051,0.810076580892968,2.23606797749979,0.8543284863454917,0.7701831748473097
tanhexp,2025,BraTS20_Training_011.npy,0.9022498059716614,1.0,0.9661292147856871,0.8462937847970274,0.9116103093347788,1.0,0.9287848116712105,0.89505943453282,0.7659202469464594,1.4142135623730951,0.9863179754306929,0.6260305588369457,0.4548932093482735,5.0990195135927845,0.3100152067998801,0.8539796477918633,0.8783468960006993,1.4142135623730951,0.9516541827815506,0.8155257755210419
tanhexp,2025,BraTS20_Training_012.npy,0.8681635951251111,1.7320508075688772,0.8299738175988222,0.9100373544168382,0.9228383569514711,1.0,0.8984299506057609,0.9486100472473731,0.841927453021046,1.0,0.792733968202354,0.8976303300518856,0.7640541633893021,2.8284271247461903,0.8071087958079375,0.7253603399869094,0.800611359420869,3.7416573867739413,0.7604286747959401,0.8452776455409219
tanhexp,2025,BraTS20_Training_013.npy,0.904087379372804,1.0,0.9145644055947334,0.8938476787181051,0.8952345902869422,1.0,0.8368765044121936,0.9623417713905524,0.7092030974015976,1.7320508075688772,0.6687298819788812,0.7548909984491587,0.8820942832180723,1.4142135623730951,0.8218368894609024,0.9518869996116895,0.8369857457024219,1.4142135623730951,0.8760533263501279,0.8012538461446369
tanhexp,2025,BraTS20_Training_014.npy,0.8984045755048856,1.0,0.9744204735446642,0.8333906131636354,0.9009728472301123,1.0,0.9232943973948016,0.879705110626035,0.8406152531547422,1.0,0.8915969232687192,0.7951485194436692,0.5930728541243969,3.605551275463989,0.5668623607666207,0.6218246861993743,0.8405752753263485,1.4142135623730951,0.937329390177182,0.7619267750305216
tanhexp,2025,BraTS20_Training_015.npy,0.9473122782245427,1.0,0.9569149232596427,0.9379004434948875,0.7188355668256105,4.69041575982343,0.564349153949002,0.9897807312334749,0.8526790875751191,1.0,0.8184847802505169,0.889855071389064,0.3015084969433755,11.313708498984761,0.18201729085646423,0.8777098339204568,0.9250348334239284,1.0,0.9686088652570757,0.8852124876103872
tanhexp,2025,BraTS20_Training_016.npy,0.9140698201256585,1.0,0.9522340123309744,0.8788468802941759,0.8400043653870284,2.8284271247461903,0.7494036315784519,0.9555245186357776,0.5854571697899189,2.8284271247461903,0.9960095150057482,0.4145718208660773,0.043364176203782565,11.180339887498949,0.02238779365356394,0.6878422706698547,0.8353415752680381,1.7320508075688772,0.9299509038637002,0.7582049627448963
tanhexp,2025,BraTS20_Training_017.npy,0.9261007720657133,1.0,0.9737353986581736,0.882909310150701,0.8719221078636434,1.4142135623730951,0.8307306584307087,0.9174115964580243,0.8569942115776847,1.0,0.9481939833815024,0.7817987650904143,0.6222380607428385,4.358898943540674,0.49807445371833625,0.8288630409948659,0.8994441026048381,1.0,0.9602397343497918,0.8458883940151168
tanhexp,2025,BraTS20_Training_018.npy,0.7575152575334706,3.3166247903554,0.9134661461597255,0.6470483640490352,0.4834404344000983,13.892443989449804,0.9607072644366048,0.3229854684230755,0.6848315797364695,13.564659966250536,0.9415929147988619,0.5380984472754604,0.1119207224951305,15.716201444690872,0.5630498368607086,0.06213592212900996,0.7343559475849337,3.7416573867739413,0.8575804712558142,0.6420943232794412
tanhexp,2025,BraTS20_Training_019.npy,0.90134800278595,1.0,0.867936159812787,0.9374352648736287,0.9071887844136215,1.0,0.8377378688676022,0.9891960226485857,0.8139633083967703,1.0,0.883929480399542,0.7542608689093384,0.6559663356441441,4.123105625617661,0.5082914099978653,0.9245890511360972,0.7660078879359451,2.23606797749979,0.7643440856927552,0.7676789490830365
tanhexp,2025,BraTS20_Training_020.npy,0.9001740288161446,1.4142135623730951,0.8612439913788589,0.9427901226143348,0.8155934778506437,3.7416573867739413,0.6954894588633291,0.9858377136141818,0.7263330261784305,1.4142135623730951,0.7848637885557328,0.6759262196654097,0.7005345324466504,5.477225575051661,0.5493590311669003,0.966501482564675,0.7128203947376756,6.48074069840786,0.8390738163817664,0.6195918910883446
tanhexp,2025,BraTS20_Training_021.npy,0.8078425937636354,2.8284271247461903,0.790900211408405,0.8255267328881041,0.8876332808824995,1.0,0.859058033411434,0.9181749605615103,0.7236445774050646,1.4142135623730951,0.9600399568430237,0.5806646513984599,0.18036605597215954,8.988854381999817,0.10165041222186641,0.799410005917109,0.7668349754453919,3.3166247903554,0.7523165216094403,0.7819248197874151
tanhexp,2025,BraTS20_Training_022.npy,0.9400885572461746,1.0,0.96933262853147,0.9125573551726799,0.9088361412518424,1.0,0.8785781894837686,0.9412525786127033,0.8660726830810105,1.0,0.8455628116757792,0.8876022578133412,0.7925597121992983,3.3166247903554,0.7549935560929498,0.834059969006086,0.8759970456824228,1.0,0.949361009324895,0.8131584357930577
tanhexp,2025,BraTS20_Training_023.npy,0.9125945279360105,1.0,0.8833013153507036,0.943897305058364,0.9395953062321613,1.0,0.8955266456147857,0.988225663651791,0.8598432672240117,1.0,0.8276492632096103,0.8946432092363676,0.9045575966125171,1.0,0.8479283641706961,0.9692921565418249,0.8538031947586902,1.0,0.8357842095029944,0.8726162555317835
tanhexp,2025,BraTS20_Training_024.npy,0.879191400561019,1.4142135623730951,0.9368073566450357,0.828251873539067,0.8782791183956979,1.4142135623730951,0.8297239588112993,0.9328703699704773,0.8614978900681703,1.0,0.774380125741061,0.9707018476432508,0.6268477134523481,13.30413469565007,0.7102239518788239,0.5609906159652506,0.8152529324612425,2.0,0.912769661231436,0.7365615831733584
tanhexp,2025,BraTS20_Training_025.npy,0.9109223065152046,1.0,0.9599248334000674,0.8666797805617694,0.9584270263199449,0.0,0.9700344086889282,0.947094145716717,0.8982704845766173,1.0,0.9086789417147485,0.8880977737915021,0.9393032805285474,1.0,0.9511193258620254,0.9277772208114909,0.8240510596874897,1.7320508075688772,0.9030880418027025,0.7577351554478614
tanhexp,2025,BraTS20_Training_026.npy,0.9409030232253107,1.0,0.9535073911510838,0.9286275407827007,0.7250080558306263,6.4031242374328485,0.8377681663455536,0.6390011577482355,0.7010658475519226,3.0,0.6556428447982586,0.7532511642307593,0.3719026426097734,11.090536506409418,0.6023849776609549,0.268984700866686,0.8694863467747912,1.7320508075688772,0.8510897569214477,0.8886958038515342
tanhexp,2025,BraTS20_Training_027.npy,0.7185732362445478,7.0,0.9968791260057497,0.5617464531036621,0.9103191508030938,1.0,0.9332625030758814,0.8884768109356121,0.8360750173346748,1.0,0.7793556081268761,0.9016981907347107,0.7573941801651914,4.123105625617661,0.9129781568092243,0.647116644292991,0.6025223054171199,9.219544457292887,0.9703407297270908,0.43690762170376635
tanhexp,2025,BraTS20_Training_028.npy,0.8418651911839526,2.0,0.9102939735763776,0.7830049982009472,0.8486642887932628,1.4142135623730951,0.8411364540208507,0.8563280819823954,0.6414667535916027,2.0,0.58242352115185,0.7138314775916382,0.8208620283054539,1.0,0.9235591138367419,0.7387186619237902,0.3545972668031331,5.385164807134504,0.47082421504226074,0.2843925539328202
tanhexp,2025,BraTS20_Training_029.npy,0.9390002868326214,1.0,0.9448284709235091,0.933243564208595,0.9375391679287381,1.0,0.9104679457526806,0.9662695550936278,0.8807916388783948,1.0,0.8352920525604419,0.9315336445001299,0.8229988702846706,1.0,0.8623744780722122,0.7870619903662427,0.9281915132135002,1.0,0.9383336061032563,0.9182663198621271
tanhexp,2025,BraTS20_Training_030.npy,0.8669088052975897,1.4142135623730951,0.8889962652242325,0.845892280644257,0.6049243489310571,33.63034344160047,0.8151196646636448,0.4809114677019713,0.8134481963761163,1.0,0.8676207499306867,0.7656429380516031,0.07764849959871586,36.29049462324811,0.18135011337900392,0.04940003109022903,0.8242883293237738,1.7320508075688772,0.8223682770693589,0.826217368284014
tanhexp,2025,BraTS20_Training_031.npy,0.9152633592716798,1.0,0.9390968215806729,0.8926096996649392,0.8896160333879346,1.0,0.9156930846171656,0.8649830977447528,0.8700864229927314,1.0,0.8556936570756289,0.8849716441942478,0.6781807710112066,4.58257569495584,0.800876264086907,0.5880852001463444,0.8470063658279817,1.4142135623730951,0.8675712909076619,0.8273938083464013
tanhexp,2025,BraTS20_Training_032.npy,0.8905045854011046,1.0,0.9636603769948452,0.8276722626474129,0.8950852780253912,1.0,0.9153184159980962,0.8757273021869979,0.7964467242428166,1.0,0.8766077581547551,0.729717965938616,0.7882441592188504,2.449489742783178,0.7312825718427831,0.8548291220582034,0.6437851282392956,2.8284271247461903,0.7703417852587191,0.5529439691730421
tanhexp,2025,BraTS20_Training_033.npy,0.9497158882079472,1.0,0.9500489315813041,0.9493830781747117,0.9467782317304504,1.0,0.9082734547697502,0.9886922316131705,0.9148546295764554,1.0,0.9355987251323639,0.8950104565909708,0.7304969605073315,5.385164807134504,0.6120297141001322,0.9058343661893343,0.9270633493493324,1.0,0.9368137179120934,0.9175138539132566
tanhexp,2025,BraTS20_Training_034.npy,0.9416376401219857,1.0,0.9417404692494795,0.9415348333451754,0.9150115961767565,1.0,0.8638657328300843,0.9725948540963572,0.8021934428182957,1.7320508075688772,0.7036021282424879,0.9329172315153773,0.876918690092449,1.0,0.8977377762599184,0.8570433324708359,0.871733265373201,1.0,0.91897055015906,0.8291147818755707
tanhexp,2025,BraTS20_Training_035.npy,0.8526525138243847,2.23606797749979,0.8649518951599611,0.8406980159633237,0.8500185673725924,2.23606797749979,0.8071896778942935,0.8976470586164597,0.8055469952314788,1.0,0.9157942457687765,0.7189916834226477,0.5663726539262021,6.708203932499369,0.4303850328111647,0.8279906798200445,0.6862510945488016,5.196152422706632,0.7730664368011672,0.6169658448232225
tanhexp,2025,BraTS20_Training_036.npy,0.8800799048379799,1.0,0.9510253636326057,0.8189845469856021,0.8504098352734633,1.4142135623730951,0.7941892818472699,0.9151964696968796,0.8052733944183343,1.4142135623730951,0.7216734442733422,0.9107797582234667,0.6909581599800394,4.123105625617661,0.8752136602527579,0.5707915209499274,0.77166463206663,3.5984787924477804,0.9055751422371363,0.6722558476425193
tanhexp,2025,BraTS20_Training_037.npy,0.8890397296509611,1.4142135623730951,0.8087487338488716,0.9870301571329488,0.8907438626401694,2.23606797749979,0.9205337408972745,0.8628216359185766,0.832632842677637,1.0,0.7715418313015218,0.904230172871277,0.7337880851597144,8.517578678331954,0.8814596297591395,0.6284957539701677,0.8534030502005728,2.0,0.7609023582764247,0.971506245563732
tanhexp,2025,BraTS20_Training_038.npy,0.9028518197942307,1.0,0.8874241587548346,0.9188253836669835,0.8662562786564134,1.4142135623730951,0.8429495544794622,0.8908884662177667,0.7947046211252227,1.4142135623730951,0.7458618540776346,0.8503925830808852,0.7617652441119918,3.0,0.8024691350284827,0.7249912855306803,0.7928107927394398,2.23606797749979,0.7840397314231732,0.8017803180540685
tanhexp,2025,BraTS20_Training_039.npy,0.8950200703872968,1.0,0.984706767017394,0.8203068518241936,0.9170630277018679,1.0,0.927647491362053,0.9067173763135543,0.8682254147112108,1.0,0.8786839225957556,0.8580129418667584,0.8895636879578362,1.7320508075688772,0.898901807333815,0.8804175879778273,0.8281078506766317,1.7320508075688772,0.9536165673964925,0.7317939607525955
tanhexp,2025,BraTS20_Training_040.npy,0.9473629125351413,1.0,0.9423680413356956,0.9524110148394352,0.9576604206453179,0.0,0.9312192732982549,0.9856469947506357,0.881645513250722,1.0,0.8280676888846,0.9426361733997741,0.9351041664231499,1.0,0.9485919580765088,0.9219945560920276,0.915789244878585,1.0,0.9205504886766915,0.9110769994799229
tanhexp,2025,BraTS20_Training_041.npy,0.950745296854282,0.0,0.982006087494584,0.9214133898882287,0.8504660959219912,2.0,0.8707399974978297,0.8311148079608031,0.8041788138944492,2.0,0.8663787451035483,0.7503116845173845,0.7016645316522059,4.123105625617661,0.6435281820367218,0.7713481364674752,0.9249808040282808,1.0,0.9570163278866474,0.8950205499691716
tanhexp,2025,BraTS20_Training_042.npy,0.9472584343064033,1.0,0.9825286217857568,0.9144327104096354,0.9621306166141353,0.0,0.9602012923186447,0.9640677094218856,0.869775332664188,1.0,0.8771711510980603,0.8625031858972709,0.9374792912100217,1.0,0.9260322251127733,0.9492129027358901,0.8932427399954637,1.0,0.9728661211823795,0.8256667620230378
tanhexp,2025,BraTS20_Training_043.npy,0.7633289365831314,4.242640687119285,0.6416682250015581,0.9419170127296584,0.6821404450690914,3.1622776601683795,0.5243965734176012,0.9756156422607059,0.3015726170164273,7.874007874011811,0.18635670660687229,0.789983832148888,0.7451481688028493,3.0,0.6308539932490083,0.9100198668463813,0.7282053288576116,5.385164807134504,0.6257107288545198,0.8708559651288369
tanhexp,2025,BraTS20_Training_044.npy,0.743121387068462,5.103876159048053,0.6713315923387303,0.8321035593319718,0.7481707294263087,3.605551275463989,0.6764057294575208,0.8369713449046975,0.760806913685854,3.2008644427151345,0.7478753488110811,0.774193542711191,0.23809523337112634,5.656854249492381,0.1492537276305043,0.5882352364475258,0.7026819921128091,5.744562646538029,0.634748499864589,0.7868993129384302
tanhexp,2025,BraTS20_Training_045.npy,0.9447323333222232,1.0,0.9499143925098908,0.9396065065505973,0.9561760678721457,0.0,0.9715564589179762,0.9412750516687499,0.8877420877553446,1.0,0.9509918022085335,0.8323810787420539,0.812884273530235,1.4142135623730951,0.7188859348000931,0.9351618980390114,0.8475326920454502,1.0,0.839110580447535,0.856125582153715
tanhexp,2025,BraTS20_Training_046.npy,0.5246568578009959,17.916472867168917,0.36549997238305537,0.9293360379701,0.5954332535262492,4.242640687119285,0.6690789429665859,0.5363924022342172,0.7024128654941337,3.0,0.5792188608753216,0.8921679807926449,0.11714770698516377,7.3484692283495345,0.4233128574654689,0.06798029489674587,0.4785361823675774,18.35755975068582,0.32445006021352873,0.911349519310035
tanhexp,2025,BraTS20_Training_047.npy,0.8910779644966181,1.4142135623730951,0.8413023816067756,0.9471138752091846,0.9356618230791023,1.0,0.9455226037101946,0.9260045940831988,0.867077134980139,1.0,0.9043467388818016,0.8327578266480323,0.841780833374239,2.23606797749979,0.8217556618212083,0.8628063594866325,0.7720009940615554,2.8284271247461903,0.6835761137116199,0.8867014123857342
tanhexp,2025,BraTS20_Training_048.npy,0.690849314917074,6.164414002968976,0.5390061217760505,0.961796655094717,0.8585505390042109,1.0,0.7804102837896264,0.9540798270784887,0.7056033183942979,1.4142135623730951,0.5830475228660092,0.8933933866862358,0.791366903763731,1.7320508075688772,0.8133802759621107,0.7705136706436714,0.621106958375637,6.48074069840786,0.473853673491406,0.9011434888224689
tanhexp,2025,BraTS20_Training_049.npy,0.9252567996848545,1.0,0.9293408168620527,0.9212085199731344,0.9537067001686558,0.0,0.9495057994209158,0.9579449361414591,0.855478432256472,1.0,0.945738555917406,0.7809459135982215,0.29858214930290117,5.0990195135927845,0.17810945096408506,0.9226803648102905,0.9156279298380826,1.0,0.9204150874183188,0.9108903112534087
tanhexp,2025,BraTS20_Training_050.npy,0.9308996595279041,1.0,0.9167581925216778,0.9454842404876672,0.8992107111120946,1.0,0.8255683369008455,0.9872779076627869,0.8373609638444516,1.0,0.8192977907562033,0.8562385752974617,0.7837699531547615,3.1622776601683795,0.6778983436099661,0.9288313310658354,0.5993379474573163,14.177446878757825,0.802546743389308,0.478244164595983
tanhexp,2025,BraTS20_Training_051.npy,0.9375781421263626,1.0,0.9653615200324618,0.9113492525015454,0.9384136110297107,1.0,0.8923322314615858,0.9895135811816086,0.8809485527005834,1.0,0.8362457071070235,0.9307006361522713,0.8621825013379792,1.0,0.8240053926185539,0.9040690483253537,0.9199072643968313,1.0,0.9593908628519274,0.8835450882390946
tanhexp,2025,BraTS20_Training_052.npy,0.892983843532597,1.0,0.9893105690208505,0.8137509264447428,0.9505818853261657,0.0,0.9468449694598179,0.954348414417266,0.8662623350810741,1.0,0.9043786210513215,0.8312290384383222,0.8605358711742704,1.0,0.7880639928310912,0.9476869845488824,0.8277924062128952,1.4142135623730951,0.9720327145533482,0.720828402153601
tanhexp,2025,BraTS20_Training_053.npy,0.9601519188622366,0.0,0.9676237772510651,0.952794569521273,0.8617292956528562,2.23606797749979,0.7831935953847787,0.95777095466734,0.8472087243023385,1.0,0.8661956272177129,0.8290363473911282,0.6988716498595247,5.830951894845301,0.5755413585202511,0.8894730082196782,0.9380624502993318,1.0,0.9610747943885242,0.91612636851519
tanhexp,2025,BraTS20_Training_054.npy,0.8900230806664545,1.0,0.809838114780944,0.9878318413888425,0.9314285712981192,1.0,0.8885207351195701,0.9786908403053064,0.8889119923603971,1.0,0.8335228931746912,0.9521865019852304,0.8431587399786992,1.0,0.8676890680082859,0.819977265103755,0.7558239860930996,2.23606797749979,0.6584764274603658,0.8869482673985293
tanhexp,2025,BraTS20_Training_055.npy,0.9363667859629516,1.0,0.9740162664423627,0.9015195815260454,0.943499024368232,1.0,0.9502099980014835,0.9368821794437068,0.8482339372978546,1.0,0.9802567817584099,0.7475521884836946,0.7474652640373026,5.744562646538029,0.6118967097880469,0.9602026026044318,0.9227135288851405,1.0,0.964432060219182,0.884454590636824
tanhexp,2025,BraTS20_Training_056.npy,0.8700357542163364,1.4142135623730951,0.7858671549627172,0.9743963660113801,0.9197626071419389,1.0,0.8814305450077342,0.9615802569630244,0.8650620975285418,1.0,0.8445063937145421,0.8866434374510367,0.8103581545926577,3.1622776601683795,0.738089649450728,0.8983147659264286,0.6535083852752053,4.123105625617661,0.5362996526531529,0.8362775307552601
tanhexp,2025,BraTS20_Training_057.npy,0.9150399804844646,1.0,0.91552599828313,0.9145544783275056,0.9057469410392197,1.0,0.9567250459473516,0.8599266384992155,0.8637225377139943,1.0,0.899222105074629,0.8309194283543403,0.7231703778953278,4.242640687119285,0.7939028237729348,0.6640106224063462,0.8872491825830343,1.4142135623730951,0.8803190473253293,0.8942892957064021
tanhexp,2025,BraTS20_Training_058.npy,0.7444230827538008,5.0990195135927845,0.8013622127415779,0.6950385593687043,0.4017788279424049,22.759613353482084,0.7121582311156729,0.2798235387597834,0.6041294095246684,13.601470508735444,0.8309481204070541,0.47458492935326957,0.2806571575858736,27.018512172212592,0.5687845825521994,0.18628921379006086,0.5829076837602427,7.874007874011811,0.5334133706721236,0.6425263635762757
tanhexp,2025,BraTS20_Training_059.npy,0.812572808164579,3.7416573867739413,0.7401034027548024,0.9007748293492488,0.8917708066687791,1.0,0.9122045300906679,0.8722324683015107,0.789747139626785,1.0,0.9726962374343324,0.6647230281940348,0.4918759195577849,3.3166247903554,0.3695893410700406,0.7350993215209863,0.7849297214965721,4.123105625617661,0.7072761582271855,0.8817378570179653
tanhexp,2025,BraTS20_Training_060.npy,0.9340332058575893,1.0,0.9381869862644919,0.9299160445644983,0.9227939186113193,1.0,0.9878945841332479,0.8657428554728839,0.8327584730102452,1.0,0.9032278005792557,0.7724892904053682,0.8688064655044125,2.449489742783178,0.9193267235432363,0.8235495043070563,0.8517634055485835,1.4142135623730951,0.8186732930897673,0.887641142533547
tanhexp,2025,BraTS20_Training_061.npy,0.8702906863477025,2.23606797749979,0.8719999995822755,0.8685880608538493,0.9048162875970479,1.0,0.8566741231493854,0.9586914787960515,0.782321484128404,1.0,0.7614819339230222,0.8043337632530179,0.8389997626891222,2.449489742783178,0.7731898796551471,0.9170546630159431,0.6225439499832448,10.04987562112089,0.685465504774996,0.5702028074769302
tanhexp,2025,BraTS20_Training_062.npy,0.953883461764633,0.0,0.9771086371457146,0.9317367438613574,0.962176854918534,0.0,0.9952144521554476,0.9312622444386114,0.8996980674970262,1.0,0.9885545562855208,0.8254979635910191,0.9010291684261106,1.0,0.8445121946998639,0.9656532169587078,0.9115942492549287,1.0,0.9288238811452532,0.8949921932186614
tanhexp,2025,BraTS20_Training_063.npy,0.8439994675212881,1.4142135623730951,0.9703250470590249,0.7467773260658206,0.6584283135471766,4.123105625617661,0.9083085041102001,0.5163718469770948,0.7525274708735661,2.0,0.7595385946781783,0.7456445960555548,0.3006605011871585,5.0990195135927845,0.7418513592978963,0.18853545331830532,0.6871922312636605,3.1622776601683795,0.7425900131862045,0.63948608082271
tanhexp,2025,BraTS20_Training_064.npy,0.8162844398428849,6.48074069840786,0.8633199393765778,0.7741093236031229,0.8997312355107723,1.4142135623730951,0.8315626133033546,0.9800743339458903,0.765709816071066,1.4142135623730951,0.6931180966601194,0.8552856890248871,0.8395712988924939,2.8284271247461903,0.7886146048768828,0.8975680708149212,0.45062683082832167,42.96510211788167,0.7786091544400093,0.3170656765287247
tanhexp,2025,BraTS20_Training_065.npy,0.7039089973944007,7.874007874011811,0.9764313816042595,0.5503156750129402,0.9059977636831023,1.0,0.9562254234437079,0.8607833863596428,0.8728854505028428,1.0,0.9699248085573762,0.7934973614718882,0.6923076885573798,4.358898943540674,0.62524461227745,0.775485427481973,0.6576895353093359,9.219544457292887,0.9517803798057084,0.5024403673059744
tanhexp,2025,BraTS20_Training_066.npy,0.9333988489557686,1.0,0.9465398711304258,0.9206177097222576,0.9028223535377619,1.0,0.8824138148357714,0.9241972626173979,0.8114648180362594,1.0,0.7972302356639005,0.8262169587056369,0.8782299000695386,1.4142135623730951,0.8527074737305659,0.9053272911961767,0.8981190872678776,1.0,0.9224086688028876,0.8750759085462227
tanhexp,2025,BraTS20_Training_067.npy,0.9588781814601987,0.0,0.9589130849348967,0.9588432804390618,0.9565047567228601,0.0,0.9876984238461298,0.9272210950839158,0.8770758838146452,1.0,0.9936535081272658,0.7849802649841837,0.7804740931413501,3.0,0.6667200250786618,0.9410302745808515,0.9275759621250793,1.0,0.913658250962561,0.9419242476972759
tanhexp,2025,BraTS20_Training_068.npy,0.9346140570151099,1.0,0.9647872634585672,0.906270917877868,0.9010016950376017,1.0,0.8618727516770232,0.9438525116415303,0.8344698021032321,1.0,0.8505673752832855,0.8189702261547595,0.8272007965398105,3.7416573867739413,0.7543647185617294,0.9156050949806437,0.800749577750014,2.23606797749979,0.9136675413186267,0.7126721487787998
tanhexp,2025,BraTS20_Training_069.npy,0.8801591147430148,1.0,0.8516747969043009,0.910614680688383,0.9333825264265964,1.0,0.9053508543315436,0.9632055066969615,0.8364866555455185,1.0,0.8541999866584352,0.8194930333152317,0.8688469692853982,1.4142135623730951,0.806715721418429,0.941347199817785,0.8400673106738017,1.7320508075688772,0.8123039826651347,0.8697956161421844
tanhexp,2025,BraTS20_Training_070.npy,0.8921056850387405,1.4142135623730951,0.8675456528522218,0.9180968095126335,0.8261100641274726,2.23606797749979,0.7268321711934387,0.9567991042877079,0.7252368644878096,1.7320508075688772,0.7268304161289881,0.7236502846131336,0.7201291415031521,4.0,0.5837732331172545,0.9395973147653882,0.6821615801857472,3.3166247903554,0.7627942221991824,0.6169460967669205
tanhexp,2025,BraTS20_Training_071.npy,0.9307751644853841,1.0,0.9672939126583647,0.8969135235448954,0.34277933558795576,19.390719429665317,0.6854847402752697,0.22852777274338884,0.7982419222900632,3.1622776601683795,0.6790771673197477,0.9681297482498246,0.07054499989191972,23.021728866442675,0.3115796514197128,0.03977527609002301,0.742913374353083,5.0990195135927845,0.6725657063306245,0.8296962670225183
tanhexp,2025,BraTS20_Training_072.npy,0.7707313083001538,3.7416573867739413,0.9336999466263268,0.6561980449103698,0.941710163652668,1.0,0.9210964545069685,0.9632676441422392,0.8918451919797927,1.0,0.9060885448274231,0.8780427083209662,0.721052340285717,3.0,0.6150872224280177,0.8711271355887725,0.5736665913851589,6.164414002968976,0.8690065807615148,0.4281543449281818
tanhexp,2025,BraTS20_Training_073.npy,0.9223431244379159,1.0,0.9186864033516731,0.9260290719272677,0.9452508579939616,1.0,0.9270482598339842,0.9641825883368049,0.8380363350609993,1.0,0.8021141640569618,0.8773268575820016,0.8882559443013474,1.0,0.8977105356838794,0.8789984256961216,0.8544854808387884,1.0,0.8591156212906431,0.8499049801534996
